LinearStudy.actual_target_normal_equations_unramified_pullback_parameters.{u_1} {K : Type u_1} [Field K] {r c : ℕ}
  [Nonempty (Fin r)] [Nonempty (Fin c)] (I P Q : Ideal (MvPolynomial (Fin r ⊕ Fin c) K)) [P.IsPrime] [Q.IsPrime]
  (x y : Fin r ⊕ Fin c → K) (hP : P = RingHom.ker (MvPolynomial.aeval x).toRingHom)
  (hQ : Q = RingHom.ker (MvPolynomial.aeval y).toRingHom) (hIQ : I ≤ Q)
  (F : Fin r ⊕ Fin c → MvPolynomial (Fin r ⊕ Fin c) K) (hQP : Q = Ideal.comap (MvPolynomial.aeval F).toRingHom P)
  (hF : Ideal.map (MvPolynomial.aeval F).toRingHom I ≤ I) (G : Fin c → MvPolynomial (Fin r ⊕ Fin c) K)
  (hG : ∀ (i : Fin c), (MvPolynomial.eval x) (G i) = 0)
  (hJ : IsUnit (Matrix.det fun i j => (MvPolynomial.eval x) ((MvPolynomial.pderiv (Sum.inr j)) (G i))))
  (hlocal :
    Ideal.map (algebraMap (MvPolynomial (Fin r ⊕ Fin c) K) (Localization.AtPrime P)) I =
      Ideal.span (Set.range fun i => (algebraMap (MvPolynomial (Fin r ⊕ Fin c) K) (Localization.AtPrime P)) (G i)))
  (H : Fin c → MvPolynomial (Fin r ⊕ Fin c) K)
  (htarget :
    Ideal.map (algebraMap (MvPolynomial (Fin r ⊕ Fin c) K) (Localization.AtPrime Q)) I =
      Ideal.span (Set.range fun i => (algebraMap (MvPolynomial (Fin r ⊕ Fin c) K) (Localization.AtPrime Q)) (H i)))
  (h0H : ∀ (i : Fin c), (MvPolynomial.eval y) (H i) = 0)
  (hDH :
    ∀ (i : Fin c) (j : Fin r ⊕ Fin c),
      (MvPolynomial.eval y) ((MvPolynomial.pderiv j) (H i)) = if j = Sum.inr i then 1 else 0)
  (hfinite :
    Algebra.EssFiniteType
      (Localization.AtPrime Q ⧸ Ideal.map (algebraMap (MvPolynomial (Fin r ⊕ Fin c) K) (Localization.AtPrime Q)) I)
      (Localization.AtPrime P ⧸ Ideal.map (algebraMap (MvPolynomial (Fin r ⊕ Fin c) K) (Localization.AtPrime P)) I))
  (hunram :
    Algebra.FormallyUnramified
      (Localization.AtPrime Q ⧸ Ideal.map (algebraMap (MvPolynomial (Fin r ⊕ Fin c) K) (Localization.AtPrime Q)) I)
      (Localization.AtPrime P ⧸ Ideal.map (algebraMap (MvPolynomial (Fin r ⊕ Fin c) K) (Localization.AtPrime P)) I)) :
  have a := fun i => MvPolynomial.X (Sum.inl i) - MvPolynomial.C (y (Sum.inl i));
  have T := fun i => (LinearStudy.polynomialSmoothReducedMap x G hG hJ) ((MvPolynomial.aeval F) (a i));
  Ideal.span (Set.range T) = IsLocalRing.maximalIdeal (MvPowerSeries (Fin r) K) ∧
    IsUnit (Matrix.det fun i j => MvPowerSeries.constantCoeff ((MvPowerSeries.pderiv j) (T i)))
'LinearStudy.actual_target_normal_equations_unramified_pullback_parameters' depends on axioms: [propext,
 Classical.choice,
 Quot.sound]
LinearStudy.point_local_unramified_parameters_generate.{u_1, u_2} {R : Type u_1} {ι : Type u_2} [CommRing R]
  (I P Q : Ideal R) [P.IsPrime] [Q.IsPrime]
  [IsLocalRing (Localization.AtPrime P ⧸ Ideal.map (algebraMap R (Localization.AtPrime P)) I)] (φ : R →+* R)
  (hQP : Q = Ideal.comap φ P) (hφ : Ideal.map φ I ≤ I)
  (hfinite :
    Algebra.EssFiniteType (Localization.AtPrime Q ⧸ Ideal.map (algebraMap R (Localization.AtPrime Q)) I)
      (Localization.AtPrime P ⧸ Ideal.map (algebraMap R (Localization.AtPrime P)) I))
  (hunram :
    Algebra.FormallyUnramified (Localization.AtPrime Q ⧸ Ideal.map (algebraMap R (Localization.AtPrime Q)) I)
      (Localization.AtPrime P ⧸ Ideal.map (algebraMap R (Localization.AtPrime P)) I))
  (t : ι → Localization.AtPrime Q ⧸ Ideal.map (algebraMap R (Localization.AtPrime Q)) I)
  (ht :
    Ideal.span (Set.range t) =
      Ideal.map (Ideal.Quotient.mk (Ideal.map (algebraMap R (Localization.AtPrime Q)) I))
        (Ideal.map (algebraMap R (Localization.AtPrime Q)) Q)) :
  Ideal.span (Set.range fun i => (LinearStudy.pointLocalQuotientPullback I P Q φ hQP hφ) (t i)) =
    IsLocalRing.maximalIdeal (Localization.AtPrime P ⧸ Ideal.map (algebraMap R (Localization.AtPrime P)) I)
'LinearStudy.point_local_unramified_parameters_generate' depends on axioms: [propext, Classical.choice, Quot.sound]
LinearStudy.smooth_actual_unramified_pullback_parameters.{u_1} {K : Type u_1} [Field K] {r c : ℕ} [Nonempty (Fin c)]
  [Nonempty (Fin r)] (I P Q : Ideal (MvPolynomial (Fin r ⊕ Fin c) K)) [P.IsPrime] [Q.IsPrime] (x : Fin r ⊕ Fin c → K)
  (hP : P = RingHom.ker (MvPolynomial.aeval x).toRingHom) (F : Fin r ⊕ Fin c → MvPolynomial (Fin r ⊕ Fin c) K)
  (hQP : Q = Ideal.comap (MvPolynomial.aeval F).toRingHom P) (hF : Ideal.map (MvPolynomial.aeval F).toRingHom I ≤ I)
  (G : Fin c → MvPolynomial (Fin r ⊕ Fin c) K) (hG : ∀ (i : Fin c), (MvPolynomial.eval x) (G i) = 0)
  (hJ : IsUnit (Matrix.det fun i j => (MvPolynomial.eval x) ((MvPolynomial.pderiv (Sum.inr j)) (G i))))
  (hlocal :
    Ideal.map (algebraMap (MvPolynomial (Fin r ⊕ Fin c) K) (Localization.AtPrime P)) I =
      Ideal.span (Set.range fun i => (algebraMap (MvPolynomial (Fin r ⊕ Fin c) K) (Localization.AtPrime P)) (G i)))
  (hfinite :
    Algebra.EssFiniteType
      (Localization.AtPrime Q ⧸ Ideal.map (algebraMap (MvPolynomial (Fin r ⊕ Fin c) K) (Localization.AtPrime Q)) I)
      (Localization.AtPrime P ⧸ Ideal.map (algebraMap (MvPolynomial (Fin r ⊕ Fin c) K) (Localization.AtPrime P)) I))
  (hunram :
    Algebra.FormallyUnramified
      (Localization.AtPrime Q ⧸ Ideal.map (algebraMap (MvPolynomial (Fin r ⊕ Fin c) K) (Localization.AtPrime Q)) I)
      (Localization.AtPrime P ⧸ Ideal.map (algebraMap (MvPolynomial (Fin r ⊕ Fin c) K) (Localization.AtPrime P)) I))
  (a : Fin r → MvPolynomial (Fin r ⊕ Fin c) K)
  (ha :
    Ideal.span
        (Set.range fun i =>
          (Ideal.Quotient.mk (Ideal.map (algebraMap (MvPolynomial (Fin r ⊕ Fin c) K) (Localization.AtPrime Q)) I))
            ((algebraMap (MvPolynomial (Fin r ⊕ Fin c) K) (Localization.AtPrime Q)) (a i))) =
      Ideal.map (Ideal.Quotient.mk (Ideal.map (algebraMap (MvPolynomial (Fin r ⊕ Fin c) K) (Localization.AtPrime Q)) I))
        (Ideal.map (algebraMap (MvPolynomial (Fin r ⊕ Fin c) K) (Localization.AtPrime Q)) Q)) :
  have T := fun i => (LinearStudy.polynomialSmoothReducedMap x G hG hJ) ((MvPolynomial.aeval F) (a i));
  Ideal.span (Set.range T) = IsLocalRing.maximalIdeal (MvPowerSeries (Fin r) K) ∧
    IsUnit (Matrix.det fun i j => MvPowerSeries.constantCoeff ((MvPowerSeries.pderiv j) (T i)))
'LinearStudy.smooth_actual_unramified_pullback_parameters' depends on axioms: [propext, Classical.choice, Quot.sound]
LinearStudy.affineChartPolynomialMap_eq_dehomogenize.{u_1} {K : Type u_1} [Field K] {n : ℕ}
  (H : MvPolynomial (Fin (n + 1)) K) : LinearStudy.affineChartPolynomialMap H = LinearStudy.affineDehomogenize H
'LinearStudy.affineChartPolynomialMap_eq_dehomogenize' depends on axioms: [propext, Classical.choice, Quot.sound]
LinearStudy.polynomial_difference_matrix_right_zero.{u_1, u_2} {K : Type u_1} {ι : Type u_2} [Field K] [Fintype ι]
  (P : ι → MvPolynomial ι K) (D : Matrix ι ι (MvPolynomial (ι ⊕ ι) K))
  (hD :
    (D.mulVec fun i => MvPolynomial.X (Sum.inl i) - MvPolynomial.X (Sum.inr i)) = fun i =>
      (MvPolynomial.rename Sum.inl) (P i) - (MvPolynomial.rename Sum.inr) (P i)) :
  Matrix.mulVec (fun i j => (LinearStudy.polynomialDoubleRightPoint 0) (D i j)) MvPolynomial.X = fun i =>
    P i - MvPolynomial.C (MvPolynomial.constantCoeff (P i))
'LinearStudy.polynomial_difference_matrix_right_zero' depends on axioms: [propext, Classical.choice, Quot.sound]
LinearStudy.polynomial_difference_matrix_diagonal.{u_1, u_2} {K : Type u_1} {ι : Type u_2} [Field K] [Fintype ι]
  [DecidableEq ι] (P : ι → MvPolynomial ι K) (D : Matrix ι ι (MvPolynomial (ι ⊕ ι) K))
  (hD :
    (D.mulVec fun i => MvPolynomial.X (Sum.inl i) - MvPolynomial.X (Sum.inr i)) = fun i =>
      (MvPolynomial.rename Sum.inl) (P i) - (MvPolynomial.rename Sum.inr) (P i))
  (hd : ∀ (i j : ι), LinearStudy.polynomialDoubleDiagonal (D i j) = (MvPolynomial.pderiv j) (P i)) :
  let Q := MvPolynomial ι K ⧸ Ideal.span (Set.range P);
  have pi := Ideal.Quotient.mk (Ideal.span (Set.range P));
  LinearStudy.Annihilates (KaehlerDifferential.ideal K Q) ((LinearStudy.polynomialDoubleTensorMap P) D.det) ∧
    (Algebra.TensorProduct.lmul' K) ((LinearStudy.polynomialDoubleTensorMap P) D.det) =
      Matrix.det fun i j => pi ((MvPolynomial.pderiv j) (P i))
'LinearStudy.polynomial_difference_matrix_diagonal' depends on axioms: [propext, Classical.choice, Quot.sound]
LinearStudy.affine_polynomial_low_degree_trace_pairing.{u_1} {K : Type u_1} [Field K] [IsAlgClosed K] [CharZero K]
  {n : ℕ} (P : Fin (n + 1) → MvPolynomial (Fin (n + 1)) K) (he : ∀ (i : Fin (n + 1)), 0 < (P i).totalDegree)
  (hreg :
    RingTheory.Sequence.IsRegular (MvPolynomial (Fin (n + 1)) K)
      (List.ofFn fun i => (MvPolynomial.homogeneousComponent (P i).totalDegree) (P i)))
  (hz :
    MvPolynomial.zeroLocus K
        (Ideal.span (Set.range fun i => (MvPolynomial.homogeneousComponent (P i).totalDegree) (P i))) =
      {0}) :
  have I := Ideal.span (Set.range P);
  let Q := MvPolynomial (Fin (n + 1)) K ⧸ I;
  have pi := Ideal.Quotient.mk I;
  ∃ p,
    (∀ (f : MvPolynomial (Fin (n + 1)) K), f.totalDegree < ∑ i, ((P i).totalDegree - 1) → p.functional (pi f) = 0) ∧
      ∀ (a : Q), p.functional (a * Matrix.det fun i j => pi ((MvPolynomial.pderiv j) (P i))) = (Algebra.trace K Q) a
'LinearStudy.affine_polynomial_low_degree_trace_pairing' depends on axioms: [propext, Classical.choice, Quot.sound]
LinearStudy.homogeneousComponent_mul_homogeneous.{u_1, u_2} {K : Type u_1} {ι : Type u_2} [Field K]
  (a p : MvPolynomial ι K) (n d : ℕ) (hp : p.IsHomogeneous d) :
  (MvPolynomial.homogeneousComponent n) (a * p) = if d ≤ n then (MvPolynomial.homogeneousComponent (n - d)) a * p else 0
'LinearStudy.homogeneousComponent_mul_homogeneous' depends on axioms: [propext, Classical.choice, Quot.sound]
LinearStudy.homogeneous_ideal_bounded_representation.{u_1, u_2, u_3} {K : Type u_1} {ι : Type u_2} [Field K]
  {κ : Type u_3} [Fintype κ] (P : κ → MvPolynomial ι K) (d : κ → ℕ) (hP : ∀ (i : κ), (P i).IsHomogeneous (d i))
  (f : MvPolynomial ι K) (n : ℕ) (hf : f.IsHomogeneous n) (hI : f ∈ Ideal.span (Set.range P)) :
  ∃ a, ∑ i, a i * P i = f ∧ ∀ (i : κ), (a i).IsHomogeneous (n - d i) ∧ (¬d i ≤ n → a i = 0)
'LinearStudy.homogeneous_ideal_bounded_representation' depends on axioms: [propext, Classical.choice, Quot.sound]
LinearStudy.totalDegree_strip_top.{u_1, u_2} {K : Type u_1} {ι : Type u_2} [Field K] (p : MvPolynomial ι K) (n : ℕ)
  (hn : 0 < n) (hp : p.totalDegree ≤ n) : (p - (MvPolynomial.homogeneousComponent n) p).totalDegree < n
'LinearStudy.totalDegree_strip_top' depends on axioms: [propext, Classical.choice, Quot.sound]
LinearStudy.finite_polynomial_quotient_bounded_representatives.{u_1, u_2} {K : Type u_1} {ι : Type u_2} [Field K]
  (I : Ideal (MvPolynomial ι K)) [Module.Finite K (MvPolynomial ι K ⧸ I)] :
  ∃ B, ∀ (p : MvPolynomial ι K), ∃ r, r.totalDegree ≤ B ∧ (Ideal.Quotient.mk I) p = (Ideal.Quotient.mk I) r
'LinearStudy.finite_polynomial_quotient_bounded_representatives' depends on axioms: [propext,
 Classical.choice,
 Quot.sound]
LinearStudy.finite_homogeneous_ideal_contains_large_degree.{u_1, u_2} {K : Type u_1} {ι : Type u_2} [Field K]
  (I : Ideal (MvPolynomial ι K)) (hI : Ideal.IsHomogeneous (MvPolynomial.homogeneousSubmodule ι K) I)
  [Module.Finite K (MvPolynomial ι K ⧸ I)] : ∃ B, ∀ (n : ℕ), B < n → ∀ (p : MvPolynomial ι K), p.IsHomogeneous n → p ∈ I
'LinearStudy.finite_homogeneous_ideal_contains_large_degree' depends on axioms: [propext, Classical.choice, Quot.sound]
LinearStudy.polynomial_top_reduction.{u_1, u_2, u_3} {K : Type u_1} {ι : Type u_2} [Field K] {κ : Type u_3} [Fintype κ]
  (P : κ → MvPolynomial ι K) (B : ℕ)
  (hB :
    ∀ (n : ℕ),
      B < n →
        ∀ (p : MvPolynomial ι K),
          p.IsHomogeneous n →
            p ∈ Ideal.span (Set.range fun i => (MvPolynomial.homogeneousComponent (P i).totalDegree) (P i)))
  (p : MvPolynomial ι K) (hp : B < p.totalDegree) :
  ∃ r,
    r.totalDegree < p.totalDegree ∧
      (Ideal.Quotient.mk (Ideal.span (Set.range P))) p = (Ideal.Quotient.mk (Ideal.span (Set.range P))) r
'LinearStudy.polynomial_top_reduction' depends on axioms: [propext, Classical.choice, Quot.sound]
LinearStudy.polynomial_top_reduction_bounded_representatives.{u_1, u_2, u_3} {K : Type u_1} {ι : Type u_2} [Field K]
  {κ : Type u_3} [Fintype κ] (P : κ → MvPolynomial ι K) (B : ℕ)
  (hB :
    ∀ (n : ℕ),
      B < n →
        ∀ (p : MvPolynomial ι K),
          p.IsHomogeneous n →
            p ∈ Ideal.span (Set.range fun i => (MvPolynomial.homogeneousComponent (P i).totalDegree) (P i)))
  (p : MvPolynomial ι K) :
  ∃ r,
    r.totalDegree ≤ B ∧
      (Ideal.Quotient.mk (Ideal.span (Set.range P))) p = (Ideal.Quotient.mk (Ideal.span (Set.range P))) r
'LinearStudy.polynomial_top_reduction_bounded_representatives' depends on axioms: [propext,
 Classical.choice,
 Quot.sound]
LinearStudy.polynomialQuotient_finite_of_top_zeroLocus.{u_1, u_2, u_3} {K : Type u_1} {ι : Type u_2} [Field K]
  [IsAlgClosed K] [Finite ι] {κ : Type u_3} [Fintype κ] (P : κ → MvPolynomial ι K)
  (hz :
    MvPolynomial.zeroLocus K
        (Ideal.span (Set.range fun i => (MvPolynomial.homogeneousComponent (P i).totalDegree) (P i))) =
      {0}) :
  Module.Finite K (MvPolynomial ι K ⧸ Ideal.span (Set.range P))
'LinearStudy.polynomialQuotient_finite_of_top_zeroLocus' depends on axioms: [propext, Classical.choice, Quot.sound]
LinearStudy.affine_polynomial_bounded_normal_form.{u_1} {K : Type u_1} [Field K] [IsAlgClosed K] [CharZero K] {n : ℕ}
  (P : Fin (n + 1) → MvPolynomial (Fin (n + 1)) K) (he : ∀ (i : Fin (n + 1)), 0 < (P i).totalDegree)
  (hreg :
    RingTheory.Sequence.IsRegular (MvPolynomial (Fin (n + 1)) K)
      (List.ofFn fun i => (MvPolynomial.homogeneousComponent (P i).totalDegree) (P i)))
  (hz :
    MvPolynomial.zeroLocus K
        (Ideal.span (Set.range fun i => (MvPolynomial.homogeneousComponent (P i).totalDegree) (P i))) =
      {0})
  (f : MvPolynomial (Fin (n + 1)) K) :
  ∃ r,
    r.totalDegree ≤ ∑ i, ((P i).totalDegree - 1) ∧
      (Ideal.Quotient.mk (Ideal.span (Set.range P))) f = (Ideal.Quotient.mk (Ideal.span (Set.range P))) r
'LinearStudy.affine_polynomial_bounded_normal_form' depends on axioms: [propext, Classical.choice, Quot.sound]
LinearStudy.affine_filtered_functional_descends.{u_1, u_2} {K : Type u_1} {ι : Type u_2} [Field K] {n : ℕ}
  (P : Fin n → MvPolynomial ι K)
  (hreg :
    RingTheory.Sequence.IsRegular (MvPolynomial ι K)
      (List.ofFn fun i => (MvPolynomial.homogeneousComponent (P i).totalDegree) (P i)))
  (D : ℕ)
  (hrep :
    ∀ (p : MvPolynomial ι K),
      ∃ r,
        r.totalDegree ≤ D ∧
          (Ideal.Quotient.mk (Ideal.span (Set.range P))) p = (Ideal.Quotient.mk (Ideal.span (Set.range P))) r)
  (rho :
    MvPolynomial ι K ⧸ Ideal.span (Set.range fun i => (MvPolynomial.homogeneousComponent (P i).totalDegree) (P i)) →ₗ[K]
      K) :
  ∃ ell,
    (∀ (f : MvPolynomial ι K),
        f.totalDegree ≤ D →
          ell ((Ideal.Quotient.mk (Ideal.span (Set.range P))) f) =
            rho
              ((Ideal.Quotient.mk
                  (Ideal.span (Set.range fun i => (MvPolynomial.homogeneousComponent (P i).totalDegree) (P i))))
                ((MvPolynomial.homogeneousComponent D) f))) ∧
      ∀ (f : MvPolynomial ι K), f.totalDegree < D → ell ((Ideal.Quotient.mk (Ideal.span (Set.range P))) f) = 0
'LinearStudy.affine_filtered_functional_descends' depends on axioms: [propext, Classical.choice, Quot.sound]
LinearStudy.affine_polynomial_low_degree_functional.{u_1} {K : Type u_1} [Field K] [IsAlgClosed K] [CharZero K] {n : ℕ}
  (P : Fin (n + 1) → MvPolynomial (Fin (n + 1)) K) (he : ∀ (i : Fin (n + 1)), 0 < (P i).totalDegree)
  (hreg :
    RingTheory.Sequence.IsRegular (MvPolynomial (Fin (n + 1)) K)
      (List.ofFn fun i => (MvPolynomial.homogeneousComponent (P i).totalDegree) (P i)))
  (hz :
    MvPolynomial.zeroLocus K
        (Ideal.span (Set.range fun i => (MvPolynomial.homogeneousComponent (P i).totalDegree) (P i))) =
      {0}) :
  have I := Ideal.span (Set.range P);
  have H := fun i => (MvPolynomial.homogeneousComponent (P i).totalDegree) (P i);
  have M := fun i j => MvPolynomial.C (↑(P i).totalDegree)⁻¹ * (MvPolynomial.pderiv j) (H i);
  ∃ ell,
    ell ((Ideal.Quotient.mk I) M.det) = 1 ∧
      ∀ (f : MvPolynomial (Fin (n + 1)) K),
        f.totalDegree < ∑ i, ((P i).totalDegree - 1) → ell ((Ideal.Quotient.mk I) f) = 0
'LinearStudy.affine_polynomial_low_degree_functional' depends on axioms: [propext, Classical.choice, Quot.sound]
LinearStudy.polynomial_highest_parts_regular_of_zeroLocus.{u_1} {K : Type u_1} [Field K] [IsAlgClosed K] {n : ℕ}
  (P : Fin n → MvPolynomial (Fin n) K)
  (hz :
    MvPolynomial.zeroLocus K
        (Ideal.span (Set.range fun i => (MvPolynomial.homogeneousComponent (P i).totalDegree) (P i))) =
      {0}) :
  RingTheory.Sequence.IsRegular (MvPolynomial (Fin n) K)
    (List.ofFn fun i => (MvPolynomial.homogeneousComponent (P i).totalDegree) (P i))
'LinearStudy.polynomial_highest_parts_regular_of_zeroLocus' depends on axioms: [propext, Classical.choice, Quot.sound]
LinearStudy.affine_origin_low_degree_trace_pairing.{u_1} {K : Type u_1} [Field K] [IsAlgClosed K] [CharZero K] {n : ℕ}
  (P : Fin (n + 1) → MvPolynomial (Fin (n + 1)) K) (he : ∀ (i : Fin (n + 1)), 0 < (P i).totalDegree)
  (hz :
    MvPolynomial.zeroLocus K
        (Ideal.span (Set.range fun i => (MvPolynomial.homogeneousComponent (P i).totalDegree) (P i))) =
      {0}) :
  have I := Ideal.span (Set.range P);
  let Q := MvPolynomial (Fin (n + 1)) K ⧸ I;
  have pi := Ideal.Quotient.mk I;
  ∃ p,
    (∀ (f : MvPolynomial (Fin (n + 1)) K), f.totalDegree < ∑ i, ((P i).totalDegree - 1) → p.functional (pi f) = 0) ∧
      ∀ (a : Q), p.functional (a * Matrix.det fun i j => pi ((MvPolynomial.pderiv j) (P i))) = (Algebra.trace K Q) a
'LinearStudy.affine_origin_low_degree_trace_pairing' depends on axioms: [propext, Classical.choice, Quot.sound]
LinearStudy.affine_origin_weighted_point_relation.{u_1} {K : Type u_1} [Field K] [IsAlgClosed K] [CharZero K] {n : ℕ}
  (P : Fin (n + 1) → MvPolynomial (Fin (n + 1)) K) (he : ∀ (i : Fin (n + 1)), 0 < (P i).totalDegree)
  (hz :
    MvPolynomial.zeroLocus K
        (Ideal.span (Set.range fun i => (MvPolynomial.homogeneousComponent (P i).totalDegree) (P i))) =
      {0})
  (Theta : MvPolynomial (Fin (n + 1)) K)
  (hloc :
    let Q := MvPolynomial (Fin (n + 1)) K ⧸ Ideal.span (Set.range P);
    have pi := Ideal.Quotient.mk (Ideal.span (Set.range P));
    ∀ (J : Ideal Q) [inst : J.IsMaximal],
      Submodule.annihilator (nilradical (Localization.AtPrime J)) =
        Ideal.span {(algebraMap Q (Localization.AtPrime J)) (pi Theta)}) :
  let Q := MvPolynomial (Fin (n + 1)) K ⧸ Ideal.span (Set.range P);
  have pi := Ideal.Quotient.mk (Ideal.span (Set.range P));
  ∃ q,
    (∀ (j : MaximalSpectrum Q), RingHom.ker (q j).toRingHom = j.asIdeal) ∧
      ∃ lam,
        (∀ (j : MaximalSpectrum Q), lam j ≠ 0) ∧
          ∀ (f : MvPolynomial (Fin (n + 1)) K),
            Theta.totalDegree + f.totalDegree < ∑ i, ((P i).totalDegree - 1) → ∑ j, lam j * (q j) (pi f) = 0
'LinearStudy.affine_origin_weighted_point_relation' depends on axioms: [propext, Classical.choice, Quot.sound]
LinearStudy.projectiveFiber_actual_highest_regular {n : ℕ} (f : LinearStudy.HomogeneousEndomorphism n)
  (hq : 0 < f.degree) (hn : ∀ (i : Fin n), ((MvPolynomial.finSuccEquiv ℂ n) (f.forms i.succ)).coeff 0 ≠ 0)
  (havoid :
    ∀ (v : LinearStudy.CoordinateVector n) (hv : v ≠ 0),
      v 0 = 0 → f.onPoints (Projectivization.mk ℂ v hv) ≠ LinearStudy.standardProjectivePoint n) :
  RingTheory.Sequence.IsRegular (MvPolynomial (Fin n) ℂ)
    (List.ofFn fun i =>
      (MvPolynomial.homogeneousComponent (LinearStudy.affineDehomogenize (f.forms i.succ)).totalDegree)
        (LinearStudy.affineDehomogenize (f.forms i.succ)))
'LinearStudy.projectiveFiber_actual_highest_regular' depends on axioms: [propext, Classical.choice, Quot.sound]
LinearStudy.affine_polynomial_weighted_point_relation.{u_1} {K : Type u_1} [Field K] [IsAlgClosed K] [CharZero K]
  {n : ℕ} (P : Fin (n + 1) → MvPolynomial (Fin (n + 1)) K) (he : ∀ (i : Fin (n + 1)), 0 < (P i).totalDegree)
  (hreg :
    RingTheory.Sequence.IsRegular (MvPolynomial (Fin (n + 1)) K)
      (List.ofFn fun i => (MvPolynomial.homogeneousComponent (P i).totalDegree) (P i)))
  (hz :
    MvPolynomial.zeroLocus K
        (Ideal.span (Set.range fun i => (MvPolynomial.homogeneousComponent (P i).totalDegree) (P i))) =
      {0})
  (Theta : MvPolynomial (Fin (n + 1)) K)
  (hloc :
    let Q := MvPolynomial (Fin (n + 1)) K ⧸ Ideal.span (Set.range P);
    have pi := Ideal.Quotient.mk (Ideal.span (Set.range P));
    ∀ (J : Ideal Q) [inst : J.IsMaximal],
      Submodule.annihilator (nilradical (Localization.AtPrime J)) =
        Ideal.span {(algebraMap Q (Localization.AtPrime J)) (pi Theta)}) :
  let Q := MvPolynomial (Fin (n + 1)) K ⧸ Ideal.span (Set.range P);
  have pi := Ideal.Quotient.mk (Ideal.span (Set.range P));
  ∃ q,
    (∀ (j : MaximalSpectrum Q), RingHom.ker (q j).toRingHom = j.asIdeal) ∧
      ∃ lam,
        (∀ (j : MaximalSpectrum Q), lam j ≠ 0) ∧
          ∀ (f : MvPolynomial (Fin (n + 1)) K),
            Theta.totalDegree + f.totalDegree < ∑ i, ((P i).totalDegree - 1) → ∑ j, lam j * (q j) (pi f) = 0
'LinearStudy.affine_polynomial_weighted_point_relation' depends on axioms: [propext, Classical.choice, Quot.sound]
LinearStudy.annihilates_nilradical_ringEquiv.{u_1, u_2} {A : Type u_1} {D : Type u_2} [CommRing A] [CommRing D]
  (e : D ≃+* A) (x : D) : LinearStudy.Annihilates (nilradical D) x ↔ LinearStudy.Annihilates (nilradical A) (e x)
'LinearStudy.annihilates_nilradical_ringEquiv' depends on axioms: [propext, Classical.choice, Quot.sound]
LinearStudy.annihilator_scalar_generation_ringEquiv.{u_1, u_2, u_3} {B : Type u_1} {A : Type u_2} {D : Type u_3}
  [CommRing B] [CommRing A] [CommRing D] [Algebra B A] [Algebra B D] (e : D ≃+* A) (q' : D →ₐ[B] B)
  (hq' : RingHom.ker q'.toRingHom = nilradical D) (delta : A) (hd : LinearStudy.Annihilates (nilradical A) delta)
  (hgen : ∀ (x : A), LinearStudy.Annihilates (nilradical A) x → ∃ b, x = b • delta) (x : D)
  (hx : LinearStudy.Annihilates (nilradical D) x) : ∃ b, x = b • e.symm delta
'LinearStudy.annihilator_scalar_generation_ringEquiv' depends on axioms: [propext, Classical.choice, Quot.sound]
LinearStudy.completeIntersection_parameter_pairing {r c : ℕ} (H : Fin c → LinearStudy.AmbientRing r c) (hr : 0 < r)
  (hc : 0 < c) (hH : RingTheory.Sequence.IsRegular (LinearStudy.AmbientRing r c) (List.ofFn H))
  [Module.Finite (LinearStudy.ParameterRing r) (LinearStudy.CompleteIntersection H)]
  [Module.Flat (LinearStudy.ParameterRing r) (LinearStudy.CompleteIntersection H)] :
  Nonempty LinearStudy.PerfectMultiplicationPairing
'LinearStudy.completeIntersection_parameter_pairing' depends on axioms: [propext, Classical.choice, Quot.sound]
LinearStudy.lemma31_arbitrary_parameter_jacobian_nonzero {r c : ℕ} (H : Fin c → LinearStudy.AmbientRing r c)
  (hr : 0 < r) (hc : 0 < c) (hH : RingTheory.Sequence.IsRegular (LinearStudy.AmbientRing r c) (List.ofFn H))
  [Module.Finite (LinearStudy.ParameterRing r) (LinearStudy.CompleteIntersection H)]
  [Module.Flat (LinearStudy.ParameterRing r) (LinearStudy.CompleteIntersection H)]
  (q : LinearStudy.CompleteIntersection H →ₐ[LinearStudy.ParameterRing r] LinearStudy.ParameterRing r)
  (hq : RingHom.ker q.toRingHom = nilradical (LinearStudy.CompleteIntersection H))
  (tau : Fin r → LinearStudy.CompleteIntersection H)
  (htau : Ideal.span (Set.range fun i => q (tau i)) = IsLocalRing.maximalIdeal (LinearStudy.ParameterRing r)) :
  (Ideal.Quotient.mk (Ideal.span (Set.range tau))) (LinearStudy.relativeJacobian H) ≠ 0
'LinearStudy.lemma31_arbitrary_parameter_jacobian_nonzero' depends on axioms: [propext, Classical.choice, Quot.sound]
LinearStudy.nonzero_socle_element_generates.{u_1, u_2} {K : Type u_1} {A : Type u_2} [Field K] [CommRing A]
  [Algebra K A] [IsLocalRing A] (epsilon : A)
  (hgen : ∀ x ∈ Submodule.annihilator (IsLocalRing.maximalIdeal A), ∃ b, x = b • epsilon) (delta : A)
  (hd : delta ∈ Submodule.annihilator (IsLocalRing.maximalIdeal A)) (hne : delta ≠ 0) :
  Submodule.annihilator (IsLocalRing.maximalIdeal A) = Ideal.span {delta}
'LinearStudy.nonzero_socle_element_generates' depends on axioms: [propext, Classical.choice, Quot.sound]
LinearStudy.finiteFlat_standard_closed_socle {r n : ℕ}
  (H : Fin (n + 1) → MvPowerSeries (Fin (n + 1)) (MvPowerSeries (Fin (r + 1)) ℂ))
  (hH : RingTheory.Sequence.IsRegular (MvPowerSeries (Fin (n + 1)) (MvPowerSeries (Fin (r + 1)) ℂ)) (List.ofFn H))
  [Module.Finite (MvPowerSeries (Fin (r + 1)) ℂ)
      (MvPowerSeries (Fin (n + 1)) (MvPowerSeries (Fin (r + 1)) ℂ) ⧸ Ideal.span (Set.range H))]
  [Module.Flat (MvPowerSeries (Fin (r + 1)) ℂ)
      (MvPowerSeries (Fin (n + 1)) (MvPowerSeries (Fin (r + 1)) ℂ) ⧸ Ideal.span (Set.range H))] :
  let A := MvPowerSeries (Fin (n + 1)) (MvPowerSeries (Fin (r + 1)) ℂ) ⧸ Ideal.span (Set.range H);
  have J := Ideal.span (Set.range fun i => (algebraMap (MvPowerSeries (Fin (r + 1)) ℂ) A) (MvPowerSeries.X i));
  ∀ (delta : A ⧸ J) [inst : IsLocalRing (A ⧸ J)],
    delta ∈ Submodule.annihilator (IsLocalRing.maximalIdeal (A ⧸ J)) →
      delta ≠ 0 → Submodule.annihilator (IsLocalRing.maximalIdeal (A ⧸ J)) = Ideal.span {delta}
'LinearStudy.finiteFlat_standard_closed_socle' depends on axioms: [propext, Classical.choice, Quot.sound]
LinearStudy.annihilates_quotient_image.{u_1} {A : Type u_1} [CommRing A] (I J : Ideal A) (delta : A)
  (hd : LinearStudy.Annihilates I delta) :
  (Ideal.Quotient.mk J) delta ∈ Submodule.annihilator (Ideal.map (Ideal.Quotient.mk J) I)
'LinearStudy.annihilates_quotient_image' depends on axioms: [propext, Classical.choice, Quot.sound]
LinearStudy.lemma31_arbitrary_parameter_socle_generation {r c : ℕ} (H : Fin c → LinearStudy.AmbientRing r c)
  (hr : 0 < r) (hc : 0 < c) (hH : RingTheory.Sequence.IsRegular (LinearStudy.AmbientRing r c) (List.ofFn H))
  [Module.Finite (LinearStudy.ParameterRing r) (LinearStudy.CompleteIntersection H)]
  [Module.Flat (LinearStudy.ParameterRing r) (LinearStudy.CompleteIntersection H)]
  (q : LinearStudy.CompleteIntersection H →ₐ[LinearStudy.ParameterRing r] LinearStudy.ParameterRing r)
  (hq : RingHom.ker q.toRingHom = nilradical (LinearStudy.CompleteIntersection H))
  (tau : Fin r → LinearStudy.CompleteIntersection H)
  (htau : Ideal.span (Set.range fun i => q (tau i)) = IsLocalRing.maximalIdeal (LinearStudy.ParameterRing r)) :
  have J := Ideal.span (Set.range tau);
  Submodule.annihilator (Ideal.map (Ideal.Quotient.mk J) (nilradical (LinearStudy.CompleteIntersection H))) =
    Ideal.span {(Ideal.Quotient.mk J) (LinearStudy.relativeJacobian H)}
'LinearStudy.lemma31_arbitrary_parameter_socle_generation' depends on axioms: [propext, Classical.choice, Quot.sound]
LinearStudy.lemma31_complete (r c : ℕ) : LinearStudy.Lemma31Goal r c
'LinearStudy.lemma31_complete' depends on axioms: [propext, Classical.choice, Quot.sound]
LinearStudy.isAdicComplete_of_nilpotent_ideal.{u_1, u_2} {R : Type u_1} [CommRing R] (I : Ideal R) (M : Type u_2)
  [AddCommGroup M] [Module R M] (hI : IsNilpotent I) : IsAdicComplete I M
'LinearStudy.isAdicComplete_of_nilpotent_ideal' depends on axioms: [propext, Classical.choice, Quot.sound]
LinearStudy.artinian_local_nilradical_eq_maximalIdeal.{u_1} {R : Type u_1} [CommRing R] [IsArtinianRing R]
  [IsLocalRing R] : nilradical R = IsLocalRing.maximalIdeal R
'LinearStudy.artinian_local_nilradical_eq_maximalIdeal' depends on axioms: [propext, Classical.choice, Quot.sound]
LinearStudy.artinian_local_isAdicComplete.{u_1} {R : Type u_1} [CommRing R] [IsArtinianRing R] [IsLocalRing R] :
  IsAdicComplete (IsLocalRing.maximalIdeal R) R
'LinearStudy.artinian_local_isAdicComplete' depends on axioms: [propext, Classical.choice, Quot.sound]
LinearStudy.artinianLocalCompletionEquiv.{u_1} {R : Type u_1} [CommRing R] [IsArtinianRing R] [IsLocalRing R] :
  R ≃ₐ[R] AdicCompletion (IsLocalRing.maximalIdeal R) R
'LinearStudy.artinianLocalCompletionEquiv' depends on axioms: [propext, Classical.choice, Quot.sound]
LinearStudy.artinian_local_socle_generator_of_completion.{u_1} {R : Type u_1} [CommRing R] [IsArtinianRing R]
  [IsLocalRing R] (theta : R)
  (h :
    Submodule.annihilator (nilradical (AdicCompletion (IsLocalRing.maximalIdeal R) R)) =
      Ideal.span {(AdicCompletion.of (IsLocalRing.maximalIdeal R) R) theta}) :
  Submodule.annihilator (nilradical R) = Ideal.span {theta}
'LinearStudy.artinian_local_socle_generator_of_completion' depends on axioms: [propext, Classical.choice, Quot.sound]
LinearStudy.powerSeriesQuotient_variable_nilpotent.{u_1} {K : Type u_1} [Field K] {n : ℕ}
  (H : Fin (n + 1) → MvPowerSeries (Fin (n + 1)) K) (hzero : ∀ (i : Fin (n + 1)), MvPowerSeries.constantCoeff (H i) = 0)
  [IsArtinianRing (MvPowerSeries (Fin (n + 1)) K ⧸ Ideal.span (Set.range H))] (i : Fin (n + 1)) :
  IsNilpotent ((Ideal.Quotient.mk (Ideal.span (Set.range H))) (MvPowerSeries.X i))
'LinearStudy.powerSeriesQuotient_variable_nilpotent' depends on axioms: [propext, Classical.choice, Quot.sound]
LinearStudy.powerSeries_tensor_diagonal_eq_coordinate_ideal.{u_2, u_3, u_4} {K : Type u_2} [CommRing K] {A : Type u_3}
  {ι : Type u_4} [CommRing A] [Algebra K A] [Fintype ι] [DecidableEq ι] [Nonempty ι] (q : MvPowerSeries ι K →ₐ[K] A)
  (hq : Function.Surjective ⇑q) (hnil : ∀ (i : ι), IsNilpotent (q (MvPowerSeries.X i))) :
  Ideal.span (Set.range fun i => q (MvPowerSeries.X i) ⊗ₜ[K] 1 - 1 ⊗ₜ[K] q (MvPowerSeries.X i)) =
    KaehlerDifferential.ideal K A
'LinearStudy.powerSeries_tensor_diagonal_eq_coordinate_ideal' depends on axioms: [propext, Classical.choice, Quot.sound]
LinearStudy.powerSeriesQuotient_diagonal_jacobian.{u_1} {K : Type u_1} [Field K] {n : ℕ}
  (H : Fin (n + 1) → MvPowerSeries (Fin (n + 1)) K) (hzero : ∀ (i : Fin (n + 1)), MvPowerSeries.constantCoeff (H i) = 0)
  [IsArtinianRing (MvPowerSeries (Fin (n + 1)) K ⧸ Ideal.span (Set.range H))] :
  let Q := MvPowerSeries (Fin (n + 1)) K ⧸ Ideal.span (Set.range H);
  have q := Ideal.Quotient.mk (Ideal.span (Set.range H));
  ∃ M,
    LinearStudy.Annihilates (KaehlerDifferential.ideal K Q) M.det ∧
      (Algebra.TensorProduct.lmul' K) M.det = Matrix.det fun i j => q ((MvPowerSeries.pderiv j) (H i))
'LinearStudy.powerSeriesQuotient_diagonal_jacobian' depends on axioms: [propext, Classical.choice, Quot.sound]
LinearStudy.artinian_maximal_annihilator_nonzero.{u_1} {A : Type u_1} [CommRing A] [IsArtinianRing A]
  [IsNoetherianRing A] (I : Ideal A) (hI : I.IsMaximal) : Submodule.annihilator I ≠ ⊥
'LinearStudy.artinian_maximal_annihilator_nonzero' depends on axioms: [propext, Classical.choice, Quot.sound]
LinearStudy.nonzero_ideal_meets_maximal_annihilator.{u_1} {A : Type u_1} [CommRing A] [IsArtinianRing A]
  [IsNoetherianRing A] (I : Ideal A) (hI : I ≠ ⊥) : ∃ p, ∃ x ∈ I, x ≠ 0 ∧ x ∈ Submodule.annihilator p.asIdeal
'LinearStudy.nonzero_ideal_meets_maximal_annihilator' depends on axioms: [propext, Classical.choice, Quot.sound]
LinearStudy.coefficientDeterminant_ne_zero_of_artinian_maximal.{u_2} {R : Type u_2} [CommRing R] {k : ℕ}
  (H x : Fin (k + 1) → R) (hH : RingTheory.Sequence.IsRegular R (List.ofFn H))
  (hx : RingTheory.Sequence.IsRegular R (List.ofFn x)) (M : Matrix (Fin (k + 1)) (Fin (k + 1)) R) (h : M.mulVec x = H)
  [IsArtinianRing (R ⧸ Ideal.span (Set.range H))] [IsNoetherianRing (R ⧸ Ideal.span (Set.range H))]
  (hm : (Ideal.map (Ideal.Quotient.mk (Ideal.span (Set.range H))) (Ideal.span (Set.range x))).IsMaximal) :
  (Ideal.Quotient.mk (Ideal.span (Set.range H))) M.det ≠ 0
'LinearStudy.coefficientDeterminant_ne_zero_of_artinian_maximal' depends on axioms: [propext,
 Classical.choice,
 Quot.sound]
LinearStudy.global_socle_functional_detects_nonzero.{u_1, u_2} {A : Type u_1} [CommRing A] [IsArtinianRing A]
  [IsNoetherianRing A] {K : Type u_2} [Field K] [Algebra K A] (delta : MaximalSpectrum A → A)
  (hsoc : ∀ (p : MaximalSpectrum A), ∀ x ∈ Submodule.annihilator p.asIdeal, ∃ b, x = b • delta p) (ell : A →ₗ[K] K)
  (hell : ∀ (p : MaximalSpectrum A), ell (delta p) ≠ 0) {x : A} (hx : x ≠ 0) : ∃ a, ell (x * a) ≠ 0
'LinearStudy.global_socle_functional_detects_nonzero' depends on axioms: [propext, Classical.choice, Quot.sound]
LinearStudy.global_socle_multiplicationToDual_injective.{u_1, u_2} {A : Type u_1} [CommRing A] [IsArtinianRing A]
  [IsNoetherianRing A] {K : Type u_2} [Field K] [Algebra K A] (delta : MaximalSpectrum A → A)
  (hsoc : ∀ (p : MaximalSpectrum A), ∀ x ∈ Submodule.annihilator p.asIdeal, ∃ b, x = b • delta p) (ell : A →ₗ[K] K)
  (hell : ∀ (p : MaximalSpectrum A), ell (delta p) ≠ 0) : Function.Injective ⇑(LinearStudy.multiplicationToDual ell)
'LinearStudy.global_socle_multiplicationToDual_injective' depends on axioms: [propext, Classical.choice, Quot.sound]
LinearStudy.perfectPairingOfGlobalSocles.{u_1, u_2} {A : Type u_1} [CommRing A] [IsArtinianRing A] [IsNoetherianRing A]
  {K : Type u_2} [Field K] [Algebra K A] [FiniteDimensional K A] (delta : MaximalSpectrum A → A)
  (hsoc : ∀ (p : MaximalSpectrum A), ∀ x ∈ Submodule.annihilator p.asIdeal, ∃ b, x = b • delta p) (ell : A →ₗ[K] K)
  (hell : ∀ (p : MaximalSpectrum A), ell (delta p) ≠ 0) : LinearStudy.PerfectMultiplicationPairing
'LinearStudy.perfectPairingOfGlobalSocles' depends on axioms: [propext, Classical.choice, Quot.sound]
LinearStudy.exists_perfectPairing_of_global_scalar_socles.{u_1, u_2} {A : Type u_1} [CommRing A] [IsArtinianRing A]
  [IsNoetherianRing A] {K : Type u_2} [Field K] [Algebra K A] [Infinite K] [FiniteDimensional K A]
  (delta : MaximalSpectrum A → A) (hdelta : ∀ (p : MaximalSpectrum A), delta p ≠ 0)
  (hsoc : ∀ (p : MaximalSpectrum A), ∀ x ∈ Submodule.annihilator p.asIdeal, ∃ b, x = b • delta p) :
  ∃ p, ∀ (j : MaximalSpectrum A), p.functional (delta j) ≠ 0
'LinearStudy.exists_perfectPairing_of_global_scalar_socles' depends on axioms: [propext, Classical.choice, Quot.sound]
LinearStudy.finiteFlat_centered_jacobian_annihilator.{u_1} {K : Type u_1} [Field K] [CharZero K] {r n : ℕ}
  (H : Fin (n + 1) → MvPowerSeries (Fin (n + 1)) (MvPowerSeries (Fin (r + 1)) K))
  (hH : RingTheory.Sequence.IsRegular (MvPowerSeries (Fin (n + 1)) (MvPowerSeries (Fin (r + 1)) K)) (List.ofFn H))
  [Module.Finite (MvPowerSeries (Fin (r + 1)) K)
      (MvPowerSeries (Fin (n + 1)) (MvPowerSeries (Fin (r + 1)) K) ⧸ Ideal.span (Set.range H))]
  [Module.Flat (MvPowerSeries (Fin (r + 1)) K)
      (MvPowerSeries (Fin (n + 1)) (MvPowerSeries (Fin (r + 1)) K) ⧸ Ideal.span (Set.range H))]
  (a :
    MvPowerSeries (Fin (n + 1)) (MvPowerSeries (Fin (r + 1)) K) ⧸
        Ideal.span (Set.range H) →ₐ[MvPowerSeries (Fin (r + 1)) K]
      MvPowerSeries (Fin (r + 1)) K)
  (ha :
    RingHom.ker a.toRingHom =
      nilradical (MvPowerSeries (Fin (n + 1)) (MvPowerSeries (Fin (r + 1)) K) ⧸ Ideal.span (Set.range H)))
  (hz : ∀ (i : Fin (n + 1)), a ((Ideal.Quotient.mk (Ideal.span (Set.range H))) (MvPowerSeries.X i)) = 0)
  (x : MvPowerSeries (Fin (n + 1)) (MvPowerSeries (Fin (r + 1)) K) ⧸ Ideal.span (Set.range H)) :
  LinearStudy.Annihilates
      (nilradical (MvPowerSeries (Fin (n + 1)) (MvPowerSeries (Fin (r + 1)) K) ⧸ Ideal.span (Set.range H))) x ↔
    ∃ u, x = u • (Ideal.Quotient.mk (Ideal.span (Set.range H))) (Matrix.det fun i j => (MvPowerSeries.pderiv j) (H i))
'LinearStudy.finiteFlat_centered_jacobian_annihilator' depends on axioms: [propext, Classical.choice, Quot.sound]
LinearStudy.genericNormalBlock.{u_1, u_2} {K : Type u_1} {σ : Type u_2} [CommRing K] [Fintype σ] {c : ℕ}
  (A : Matrix (Fin c) σ K) (ν : Fin c → σ) : Matrix (Fin c) (Fin c) (MvPolynomial (σ × σ) K)
'LinearStudy.genericNormalBlock' depends on axioms: [propext, Classical.choice, Quot.sound]
LinearStudy.eval_genericNormalBlock_det.{u_1, u_2} {K : Type u_1} {σ : Type u_2} [CommRing K] [Fintype σ] {c : ℕ}
  (A : Matrix (Fin c) σ K) (ν : Fin c → σ) (P : Matrix σ σ K) :
  (MvPolynomial.eval fun p => P p.1 p.2) (LinearStudy.genericNormalBlock A ν).det = ((A * P).submatrix id ν).det
'LinearStudy.eval_genericNormalBlock_det' depends on axioms: [propext, Classical.choice, Quot.sound]
LinearStudy.genericNormalBlock_det_ne_zero.{u_1, u_2} {K : Type u_1} {σ : Type u_2} [Field K] [Fintype σ] {c : ℕ}
  (A : Matrix (Fin c) σ K) (ν : Fin c → σ) (hν : Function.Injective ν) (hA : LinearIndependent K A) :
  (LinearStudy.genericNormalBlock A ν).det ≠ 0
'LinearStudy.genericNormalBlock_det_ne_zero' depends on axioms: [propext, Classical.choice, Quot.sound]
LinearStudy.exists_common_normal_coordinate_matrix.{u_1, u_2, u_3} {K : Type u_1} {σ : Type u_2} {ι : Type u_3}
  [Field K] [Infinite K] [Fintype σ] [DecidableEq σ] [Fintype ι] {c : ℕ} (ν : Fin c → σ) (hν : Function.Injective ν)
  (A : ι → Matrix (Fin c) σ K) (hA : ∀ (a : ι), LinearIndependent K (A a)) :
  ∃ P, P.det ≠ 0 ∧ ∀ (a : ι), ((A a * P).submatrix id ν).det ≠ 0
'LinearStudy.exists_common_normal_coordinate_matrix' depends on axioms: [propext, Classical.choice, Quot.sound]
LinearStudy.exists_common_polynomial_normal_coordinates.{u_1, u_2, u_3} {K : Type u_1} {σ : Type u_2} {ι : Type u_3}
  [Field K] [Infinite K] [Fintype σ] [DecidableEq σ] [Fintype ι] {c : ℕ} (ν : Fin c → σ) (hν : Function.Injective ν)
  (G : ι → Fin c → MvPolynomial σ K) (x : ι → σ → K)
  (hG : ∀ (a : ι), LinearIndependent K fun i j => (MvPolynomial.eval (x a)) ((MvPolynomial.pderiv j) (G a i))) :
  ∃ P,
    ∃ (hP : P.det ≠ 0),
      have e := LinearStudy.polynomialLinearChangeEquiv P hP;
      ∀ (a : ι),
        (∀ (i : Fin c), (MvPolynomial.eval (P⁻¹.mulVec (x a))) (e (G a i)) = (MvPolynomial.eval (x a)) (G a i)) ∧
          (Matrix.det fun i k => (MvPolynomial.eval (P⁻¹.mulVec (x a))) ((MvPolynomial.pderiv (ν k)) (e (G a i)))) ≠ 0
'LinearStudy.exists_common_polynomial_normal_coordinates' depends on axioms: [propext, Classical.choice, Quot.sound]
LinearStudy.equationChangeQuotientEquiv.{u_1, u_2, u_3} {B : Type u_1} {R : Type u_2} [CommRing B] [CommRing R]
  [Algebra B R] {ι : Type u_3} (e : R ≃ₐ[B] R) (H : ι → R) :
  (R ⧸ Ideal.span (Set.range H)) ≃ₐ[B] R ⧸ Ideal.span (Set.range fun i => e (H i))
'LinearStudy.equationChangeQuotientEquiv' depends on axioms: [propext, Classical.choice, Quot.sound]
LinearStudy.equationChangeQuotientEquiv_mk.{u_1, u_2, u_3} {B : Type u_1} {R : Type u_2} [CommRing B] [CommRing R]
  [Algebra B R] {ι : Type u_3} (e : R ≃ₐ[B] R) (H : ι → R) (x : R) :
  (LinearStudy.equationChangeQuotientEquiv e H) ((Ideal.Quotient.mk (Ideal.span (Set.range H))) x) =
    (Ideal.Quotient.mk (Ideal.span (Set.range fun i => e (H i)))) (e x)
'LinearStudy.equationChangeQuotientEquiv_mk' depends on axioms: [propext, Classical.choice, Quot.sound]
LinearStudy.regularSequence_change_equations.{u_1, u_2} {B : Type u_1} {R : Type u_2} [CommRing B] [CommRing R]
  [Algebra B R] (e : R ≃ₐ[B] R) (H : List R) :
  RingTheory.Sequence.IsRegular R H ↔ RingTheory.Sequence.IsRegular R (List.map (⇑e) H)
'LinearStudy.regularSequence_change_equations' depends on axioms: [propext, Classical.choice, Quot.sound]
LinearStudy.equationChangeQuotient_finite.{u_1, u_2, u_3} {B : Type u_1} {R : Type u_2} [CommRing B] [CommRing R]
  [Algebra B R] {ι : Type u_3} (e : R ≃ₐ[B] R) (H : ι → R) [Module.Finite B (R ⧸ Ideal.span (Set.range H))] :
  Module.Finite B (R ⧸ Ideal.span (Set.range fun i => e (H i)))
'LinearStudy.equationChangeQuotient_finite' depends on axioms: [propext, Classical.choice, Quot.sound]
LinearStudy.equationChangeQuotient_flat.{u_1, u_2, u_3} {B : Type u_1} {R : Type u_2} [CommRing B] [CommRing R]
  [Algebra B R] {ι : Type u_3} (e : R ≃ₐ[B] R) (H : ι → R) [Module.Flat B (R ⧸ Ideal.span (Set.range H))] :
  Module.Flat B (R ⧸ Ideal.span (Set.range fun i => e (H i)))
'LinearStudy.equationChangeQuotient_flat' depends on axioms: [propext, Classical.choice, Quot.sound]
LinearStudy.nilradical_kernel_transport.{u_1, u_3, u_4} {B : Type u_1} [CommRing B] {A : Type u_3} {C : Type u_4}
  [CommRing A] [CommRing C] [Algebra B A] [Algebra B C] (e : C ≃ₐ[B] A) (q : A →ₐ[B] B)
  (hq : RingHom.ker q.toRingHom = nilradical A) : RingHom.ker (q.comp ↑e).toRingHom = nilradical C
'LinearStudy.nilradical_kernel_transport' depends on axioms: [propext, Classical.choice, Quot.sound]
LinearStudy.completionCompatibleMap.{u_1, u_2} {R : Type u_1} {S : Type u_2} [CommRing R] [CommRing S] (I : Ideal R)
  (J : Ideal S) (q : (n : ℕ) → R ⧸ I ^ n →+* S ⧸ J ^ n)
  (hq :
    ∀ {m n : ℕ} (h : m ≤ n), (Ideal.Quotient.factorPow J h).comp (q n) = (q m).comp (Ideal.Quotient.factorPow I h)) :
  AdicCompletion I R →+* AdicCompletion J S
'LinearStudy.completionCompatibleMap' depends on axioms: [propext, Classical.choice, Quot.sound]
LinearStudy.completionCompatibleMap_eval.{u_1, u_2} {R : Type u_1} {S : Type u_2} [CommRing R] [CommRing S]
  (I : Ideal R) (J : Ideal S) (q : (n : ℕ) → R ⧸ I ^ n →+* S ⧸ J ^ n)
  (hq : ∀ {m n : ℕ} (h : m ≤ n), (Ideal.Quotient.factorPow J h).comp (q n) = (q m).comp (Ideal.Quotient.factorPow I h))
  (n : ℕ) (x : AdicCompletion I R) :
  (AdicCompletion.evalₐ J n) ((LinearStudy.completionCompatibleMap I J q ⋯) x) = (q n) ((AdicCompletion.evalₐ I n) x)
'LinearStudy.completionCompatibleMap_eval' depends on axioms: [propext, Classical.choice, Quot.sound]
LinearStudy.compatibleQuotientEquiv_symm.{u_1, u_2} {R : Type u_1} {S : Type u_2} [CommRing R] [CommRing S]
  (I : Ideal R) (J : Ideal S) (q : (n : ℕ) → R ⧸ I ^ n ≃+* S ⧸ J ^ n)
  (hq :
    ∀ {m n : ℕ} (h : m ≤ n),
      (Ideal.Quotient.factorPow J h).comp (q n).toRingHom = (q m).toRingHom.comp (Ideal.Quotient.factorPow I h))
  {m n : ℕ} (h : m ≤ n) :
  (Ideal.Quotient.factorPow I h).comp (q n).symm.toRingHom = (q m).symm.toRingHom.comp (Ideal.Quotient.factorPow J h)
'LinearStudy.compatibleQuotientEquiv_symm' depends on axioms: [propext, Classical.choice, Quot.sound]
LinearStudy.completionEquivOfCompatibleQuotients.{u_1, u_2} {R : Type u_1} {S : Type u_2} [CommRing R] [CommRing S]
  (I : Ideal R) (J : Ideal S) (q : (n : ℕ) → R ⧸ I ^ n ≃+* S ⧸ J ^ n)
  (hq :
    ∀ {m n : ℕ} (h : m ≤ n),
      (Ideal.Quotient.factorPow J h).comp (q n).toRingHom = (q m).toRingHom.comp (Ideal.Quotient.factorPow I h)) :
  AdicCompletion I R ≃+* AdicCompletion J S
'LinearStudy.completionEquivOfCompatibleQuotients' depends on axioms: [propext, Classical.choice, Quot.sound]
LinearStudy.completionEquivOfCompatibleQuotients_eval.{u_1, u_2} {R : Type u_1} {S : Type u_2} [CommRing R] [CommRing S]
  (I : Ideal R) (J : Ideal S) (q : (n : ℕ) → R ⧸ I ^ n ≃+* S ⧸ J ^ n)
  (hq :
    ∀ {m n : ℕ} (h : m ≤ n),
      (Ideal.Quotient.factorPow J h).comp (q n).toRingHom = (q m).toRingHom.comp (Ideal.Quotient.factorPow I h))
  (n : ℕ) (x : AdicCompletion I R) :
  (AdicCompletion.evalₐ J n) ((LinearStudy.completionEquivOfCompatibleQuotients I J q ⋯) x) =
    (q n) ((AdicCompletion.evalₐ I n) x)
'LinearStudy.completionEquivOfCompatibleQuotients_eval' depends on axioms: [propext, Classical.choice, Quot.sound]
LinearStudy.completionCongrRingEquiv.{u_1, u_2} {R : Type u_1} {S : Type u_2} [CommRing R] [CommRing S] (e : R ≃+* S)
  (I : Ideal R) (J : Ideal S) (he : J = Ideal.map e.toRingHom I) : AdicCompletion I R ≃+* AdicCompletion J S
'LinearStudy.completionCongrRingEquiv' depends on axioms: [propext, Classical.choice, Quot.sound]
LinearStudy.completionCongrRingEquiv_of.{u_1, u_2} {R : Type u_1} {S : Type u_2} [CommRing R] [CommRing S] (e : R ≃+* S)
  (I : Ideal R) (J : Ideal S) (he : J = Ideal.map e.toRingHom I) (r : R) :
  (LinearStudy.completionCongrRingEquiv e I J he) ((AdicCompletion.of I R) r) = (AdicCompletion.of J S) (e r)
'LinearStudy.completionCongrRingEquiv_of' depends on axioms: [propext, Classical.choice, Quot.sound]
LinearStudy.primePowerQuotientEquiv_naturality.{u_1} {R : Type u_1} [CommRing R] (p : Ideal R) [p.IsMaximal] {m n : ℕ}
  (h : m ≤ n) :
  let S := Localization.AtPrime p;
  have q := fun k => IsLocalization.AtPrime.equivQuotMaximalIdealPow p S k;
  (Ideal.Quotient.factorₐ R ⋯).comp ↑(q n) = (↑(q m)).comp (Ideal.Quotient.factorₐ R ⋯)
'LinearStudy.primePowerQuotientEquiv_naturality' depends on axioms: [propext, Classical.choice, Quot.sound]
LinearStudy.primePowerQuotientEquiv_symm_naturality.{u_1} {R : Type u_1} [CommRing R] (p : Ideal R) [p.IsMaximal]
  {m n : ℕ} (h : m ≤ n) :
  let S := Localization.AtPrime p;
  have q := fun k => IsLocalization.AtPrime.equivQuotMaximalIdealPow p S k;
  (Ideal.Quotient.factorₐ R ⋯).comp ↑(q n).symm = (↑(q m).symm).comp (Ideal.Quotient.factorₐ R ⋯)
'LinearStudy.primePowerQuotientEquiv_symm_naturality' depends on axioms: [propext, Classical.choice, Quot.sound]
LinearStudy.completion_eval_naturality.{u_1} {R : Type u_1} [CommRing R] (I : Ideal R) {m n : ℕ} (h : m ≤ n)
  (x : AdicCompletion I R) :
  (Ideal.Quotient.factorPow I h) ((AdicCompletion.evalₐ I n) x) = (AdicCompletion.evalₐ I m) x
'LinearStudy.completion_eval_naturality' depends on axioms: [propext, Classical.choice, Quot.sound]
LinearStudy.completionLocalizationForward_compatible.{u_1} {R : Type u_1} [CommRing R] (p : Ideal R) [p.IsMaximal]
  {m n : ℕ} (h : m ≤ n) :
  let S := Localization.AtPrime p;
  have f := fun n =>
    (IsLocalization.AtPrime.equivQuotMaximalIdealPow p S n).toRingEquiv.toRingHom.comp
      (AdicCompletion.evalₐ p n).toRingHom;
  (Ideal.Quotient.factorPow (IsLocalRing.maximalIdeal S) h).comp (f n) = f m
'LinearStudy.completionLocalizationForward_compatible' depends on axioms: [propext, Classical.choice, Quot.sound]
LinearStudy.completionLocalizationBackward_compatible.{u_1} {R : Type u_1} [CommRing R] (p : Ideal R) [p.IsMaximal]
  {m n : ℕ} (h : m ≤ n) :
  let S := Localization.AtPrime p;
  have f := fun n =>
    (IsLocalization.AtPrime.equivQuotMaximalIdealPow p S n).symm.toRingEquiv.toRingHom.comp
      (AdicCompletion.evalₐ (IsLocalRing.maximalIdeal S) n).toRingHom;
  (Ideal.Quotient.factorPow p h).comp (f n) = f m
'LinearStudy.completionLocalizationBackward_compatible' depends on axioms: [propext, Classical.choice, Quot.sound]
LinearStudy.completionLocalizationForward.{u_1} {R : Type u_1} [CommRing R] (p : Ideal R) [p.IsMaximal] :
  AdicCompletion p R →+* AdicCompletion (IsLocalRing.maximalIdeal (Localization.AtPrime p)) (Localization.AtPrime p)
'LinearStudy.completionLocalizationForward' depends on axioms: [propext, Classical.choice, Quot.sound]
LinearStudy.completionLocalizationBackward.{u_1} {R : Type u_1} [CommRing R] (p : Ideal R) [p.IsMaximal] :
  AdicCompletion (IsLocalRing.maximalIdeal (Localization.AtPrime p)) (Localization.AtPrime p) →+* AdicCompletion p R
'LinearStudy.completionLocalizationBackward' depends on axioms: [propext, Classical.choice, Quot.sound]
LinearStudy.completionLocalizationForward_eval.{u_1} {R : Type u_1} [CommRing R] (p : Ideal R) [p.IsMaximal] (n : ℕ)
  (x : AdicCompletion p R) :
  (AdicCompletion.evalₐ (IsLocalRing.maximalIdeal (Localization.AtPrime p)) n)
      ((LinearStudy.completionLocalizationForward p) x) =
    (IsLocalization.AtPrime.equivQuotMaximalIdealPow p (Localization.AtPrime p) n) ((AdicCompletion.evalₐ p n) x)
'LinearStudy.completionLocalizationForward_eval' depends on axioms: [propext, Classical.choice, Quot.sound]
LinearStudy.completionLocalizationBackward_eval.{u_1} {R : Type u_1} [CommRing R] (p : Ideal R) [p.IsMaximal] (n : ℕ)
  (x : AdicCompletion (IsLocalRing.maximalIdeal (Localization.AtPrime p)) (Localization.AtPrime p)) :
  (AdicCompletion.evalₐ p n) ((LinearStudy.completionLocalizationBackward p) x) =
    (IsLocalization.AtPrime.equivQuotMaximalIdealPow p (Localization.AtPrime p) n).symm
      ((AdicCompletion.evalₐ (IsLocalRing.maximalIdeal (Localization.AtPrime p)) n) x)
'LinearStudy.completionLocalizationBackward_eval' depends on axioms: [propext, Classical.choice, Quot.sound]
LinearStudy.completionLocalizationEquiv.{u_1} {R : Type u_1} [CommRing R] (p : Ideal R) [p.IsMaximal] :
  AdicCompletion p R ≃+* AdicCompletion (IsLocalRing.maximalIdeal (Localization.AtPrime p)) (Localization.AtPrime p)
'LinearStudy.completionLocalizationEquiv' depends on axioms: [propext, Classical.choice, Quot.sound]
LinearStudy.completionLocalizationEquiv_of.{u_1} {R : Type u_1} [CommRing R] (p : Ideal R) [p.IsMaximal] (r : R) :
  (LinearStudy.completionLocalizationEquiv p) ((AdicCompletion.of p R) r) =
    (AdicCompletion.of (IsLocalRing.maximalIdeal (Localization.AtPrime p)) (Localization.AtPrime p))
      ((algebraMap R (Localization.AtPrime p)) r)
'LinearStudy.completionLocalizationEquiv_of' depends on axioms: [propext, Classical.choice, Quot.sound]
LinearStudy.completion_eval_kernel.{u_1} {R : Type u_1} [CommRing R] (I : Ideal R) (hI : I.FG) (n : ℕ) :
  RingHom.ker (AdicCompletion.evalₐ I n).toRingHom = Ideal.map (algebraMap R (AdicCompletion I R)) (I ^ n)
'LinearStudy.completion_eval_kernel' depends on axioms: [propext, Classical.choice, Quot.sound]
LinearStudy.completionQuotientMap.{u_1} {R : Type u_1} [CommRing R] (I J : Ideal R) (n : ℕ) (hn : I ^ n ≤ J) :
  AdicCompletion I R →ₐ[R] R ⧸ J
'LinearStudy.completionQuotientMap' depends on axioms: [propext, Classical.choice, Quot.sound]
LinearStudy.completionQuotientMap_surjective.{u_1} {R : Type u_1} [CommRing R] (I J : Ideal R) (n : ℕ)
  (hn : I ^ n ≤ J) : Function.Surjective ⇑(LinearStudy.completionQuotientMap I J n hn)
'LinearStudy.completionQuotientMap_surjective' depends on axioms: [propext, Classical.choice, Quot.sound]
LinearStudy.completionQuotientMap_kernel.{u_1} {R : Type u_1} [CommRing R] (I J : Ideal R) (hI : I.FG) (n : ℕ)
  (hn : I ^ n ≤ J) :
  RingHom.ker (LinearStudy.completionQuotientMap I J n hn).toRingHom = Ideal.map (algebraMap R (AdicCompletion I R)) J
'LinearStudy.completionQuotientMap_kernel' depends on axioms: [propext, Classical.choice, Quot.sound]
LinearStudy.completionQuotientEquiv.{u_1} {R : Type u_1} [CommRing R] (I J : Ideal R) (hI : I.FG) (n : ℕ)
  (hn : I ^ n ≤ J) : (AdicCompletion I R ⧸ Ideal.map (algebraMap R (AdicCompletion I R)) J) ≃ₐ[R] R ⧸ J
'LinearStudy.completionQuotientEquiv' depends on axioms: [propext, Classical.choice, Quot.sound]
LinearStudy.completionQuotientEquiv_mk.{u_1} {R : Type u_1} [CommRing R] (I J : Ideal R) (hI : I.FG) (n : ℕ)
  (hn : I ^ n ≤ J) (r : R) :
  (LinearStudy.completionQuotientEquiv I J hI n hn)
      ((Ideal.Quotient.mk (Ideal.map (algebraMap R (AdicCompletion I R)) J)) ((algebraMap R (AdicCompletion I R)) r)) =
    (Ideal.Quotient.mk J) r
'LinearStudy.completionQuotientEquiv_mk' depends on axioms: [propext, Classical.choice, Quot.sound]
LinearStudy.artinianAmbientCompletionQuotientEquiv.{u_1} {R : Type u_1} [CommRing R] [IsNoetherianRing R]
  [IsLocalRing R] (J : Ideal R) [IsArtinianRing (R ⧸ J)] :
  (AdicCompletion (IsLocalRing.maximalIdeal R) R ⧸
      Ideal.map (algebraMap R (AdicCompletion (IsLocalRing.maximalIdeal R) R)) J) ≃ₐ[R]
    R ⧸ J
'LinearStudy.artinianAmbientCompletionQuotientEquiv' depends on axioms: [propext, Classical.choice, Quot.sound]
LinearStudy.artinianAmbientCompletionQuotientEquiv_mk.{u_1} {R : Type u_1} [CommRing R] [IsNoetherianRing R]
  [IsLocalRing R] (J : Ideal R) [IsArtinianRing (R ⧸ J)] (r : R) :
  (LinearStudy.artinianAmbientCompletionQuotientEquiv J)
      ((Ideal.Quotient.mk (Ideal.map (algebraMap R (AdicCompletion (IsLocalRing.maximalIdeal R) R)) J))
        ((algebraMap R (AdicCompletion (IsLocalRing.maximalIdeal R) R)) r)) =
    (Ideal.Quotient.mk J) r
'LinearStudy.artinianAmbientCompletionQuotientEquiv_mk' depends on axioms: [propext, Classical.choice, Quot.sound]
LinearStudy.ringEquiv_nilradical_annihilator_generator.{u_2, u_3} {A : Type u_2} {C : Type u_3} [CommRing A]
  [CommRing C] (e : A ≃+* C) (theta : A) (h : Submodule.annihilator (nilradical A) = Ideal.span {theta}) :
  Submodule.annihilator (nilradical C) = Ideal.span {e theta}
'LinearStudy.ringEquiv_nilradical_annihilator_generator' depends on axioms: [propext, Classical.choice, Quot.sound]
LinearStudy.artinian_ambient_socle_generator_descends.{u_1} {R : Type u_1} [CommRing R] [IsNoetherianRing R]
  [IsLocalRing R] (J : Ideal R) [IsArtinianRing (R ⧸ J)] (theta : R)
  (h :
    let C := AdicCompletion (IsLocalRing.maximalIdeal R) R;
    let Q := C ⧸ Ideal.map (algebraMap R C) J;
    Submodule.annihilator (nilradical Q) =
      Ideal.span {(Ideal.Quotient.mk (Ideal.map (algebraMap R C) J)) ((algebraMap R C) theta)}) :
  Submodule.annihilator (nilradical (R ⧸ J)) = Ideal.span {(Ideal.Quotient.mk J) theta}
'LinearStudy.artinian_ambient_socle_generator_descends' depends on axioms: [propext, Classical.choice, Quot.sound]
LinearStudy.ideal_generators_of_conormal_span.{u_1, u_2} {R : Type u_1} {ι : Type u_2} [CommRing R] [IsNoetherianRing R]
  [IsLocalRing R] (I : Ideal R) (hI : I ≠ ⊤) (G : ι → ↥I)
  (hG : Submodule.span R (Set.range fun i => I.toCotangent (G i)) = ⊤) : Ideal.span (Set.range fun i => ↑(G i)) = I
'LinearStudy.ideal_generators_of_conormal_span' depends on axioms: [propext, Classical.choice, Quot.sound]
LinearStudy.ideal_generators_of_conormal_quotient_span.{u_1, u_2} {R : Type u_1} {ι : Type u_2} [CommRing R]
  [IsNoetherianRing R] [IsLocalRing R] (I : Ideal R) (hI : I ≠ ⊤) (G : ι → ↥I)
  (hG : Submodule.span (R ⧸ I) (Set.range fun i => I.toCotangent (G i)) = ⊤) :
  Ideal.span (Set.range fun i => ↑(G i)) = I
'LinearStudy.ideal_generators_of_conormal_quotient_span' depends on axioms: [propext, Classical.choice, Quot.sound]
LinearStudy.exists_ideal_generators_of_conormal_basis.{u_1, u_2} {R : Type u_1} {ι : Type u_2} [CommRing R]
  [IsNoetherianRing R] [IsLocalRing R] (I : Ideal R) (hI : I ≠ ⊤) (b : Module.Basis ι (R ⧸ I) I.Cotangent) :
  ∃ G, (∀ (i : ι), I.toCotangent (G i) = b i) ∧ Ideal.span (Set.range fun i => ↑(G i)) = I
'LinearStudy.exists_ideal_generators_of_conormal_basis' depends on axioms: [propext, Classical.choice, Quot.sound]
LinearStudy.span_unit_scaled_family.{u_1, u_2} {R : Type u_1} {ι : Type u_2} [CommRing R] (G : ι → R) (u : ι → Rˣ) :
  Ideal.span (Set.range fun i => ↑(u i) * G i) = Ideal.span (Set.range G)
'LinearStudy.span_unit_scaled_family' depends on axioms: [propext, Quot.sound]
LinearStudy.exists_polynomial_local_generators_of_conormal_basis.{u_1, u_2, u_3} {K : Type u_1} {σ : Type u_2}
  {ι : Type u_3} [Field K] [Finite σ] (I P : Ideal (MvPolynomial σ K)) [P.IsPrime] (hIP : I ≤ P)
  (b :
    Module.Basis ι (Localization.AtPrime P ⧸ Ideal.map (algebraMap (MvPolynomial σ K) (Localization.AtPrime P)) I)
      (Ideal.map (algebraMap (MvPolynomial σ K) (Localization.AtPrime P)) I).Cotangent) :
  ∃ G,
    Ideal.map (algebraMap (MvPolynomial σ K) (Localization.AtPrime P)) I =
      Ideal.span (Set.range fun i => (algebraMap (MvPolynomial σ K) (Localization.AtPrime P)) (G i))
'LinearStudy.exists_polynomial_local_generators_of_conormal_basis' depends on axioms: [propext,
 Classical.choice,
 Quot.sound]
LinearStudy.constructed_normal_target_tangent_parameters.{u_1, u_2, u_3} {K : Type u_1} {α : Type u_2} {β : Type u_3}
  [Field K] [Fintype α] [Fintype β] [DecidableEq α] [DecidableEq β] (I : Ideal (MvPolynomial (α ⊕ β) K)) (x : α ⊕ β → K)
  (hIP : I ≤ RingHom.ker (MvPolynomial.aeval x).toRingHom) (G : β → MvPolynomial (α ⊕ β) K)
  (hs :
    Ideal.map
        (algebraMap (MvPolynomial (α ⊕ β) K) (Localization.AtPrime (RingHom.ker (MvPolynomial.aeval x).toRingHom))) I =
      Ideal.span
        (Set.range fun i =>
          (algebraMap (MvPolynomial (α ⊕ β) K) (Localization.AtPrime (RingHom.ker (MvPolynomial.aeval x).toRingHom)))
            (G i)))
  (h0 : ∀ (i : β), (MvPolynomial.eval x) (G i) = 0)
  (hJ : IsUnit (Matrix.det fun i j => (MvPolynomial.eval x) ((MvPolynomial.pderiv (Sum.inr j)) (G i)))) :
  ∃ M,
    ∃ (hM : M.det ≠ 0),
      let Q := RingHom.ker (MvPolynomial.aeval (M⁻¹.mulVec x)).toRingHom;
      let I' := Ideal.map (LinearStudy.polynomialLinearChangeEquiv M hM).toRingEquiv.toRingHom I;
      ∃ (hIQ : I' ≤ Q),
        let J := Ideal.map (algebraMap (MvPolynomial (α ⊕ β) K) (Localization.AtPrime Q)) I';
        Ideal.span
            (Set.range fun i =>
              (Ideal.Quotient.mk J)
                ((algebraMap (MvPolynomial (α ⊕ β) K) (Localization.AtPrime Q))
                  (MvPolynomial.X (Sum.inl i) - MvPolynomial.C (M⁻¹.mulVec x (Sum.inl i))))) =
          IsLocalRing.maximalIdeal (Localization.AtPrime Q ⧸ J)
'LinearStudy.constructed_normal_target_tangent_parameters' depends on axioms: [propext, Classical.choice, Quot.sound]
LinearStudy.tensorFunctionalContraction_left.{u_1, u_2} {K : Type u_1} {A : Type u_2} [Field K] [CommRing A]
  [Algebra K A] (ell : A →ₗ[K] K) (d : TensorProduct K A A) (x : A) :
  (LinearStudy.tensorFunctionalContraction ell) (x ⊗ₜ[K] 1 * d) =
    (LinearStudy.tensorFunctionalContraction ((LinearStudy.multiplicationToDual ell) x)) d
'LinearStudy.tensorFunctionalContraction_left' depends on axioms: [propext, Quot.sound]
LinearStudy.tensorFunctionalContraction_right.{u_1, u_2} {K : Type u_1} {A : Type u_2} [Field K] [CommRing A]
  [Algebra K A] (ell : A →ₗ[K] K) (d : TensorProduct K A A) (x : A) :
  (LinearStudy.tensorFunctionalContraction ell) (1 ⊗ₜ[K] x * d) = x * (LinearStudy.tensorFunctionalContraction ell) d
'LinearStudy.tensorFunctionalContraction_right' depends on axioms: [propext, Quot.sound]
LinearStudy.normalized_contraction_multiplicationToDual_injective.{u_1, u_2} {K : Type u_1} {A : Type u_2} [Field K]
  [CommRing A] [Algebra K A] (ell : A →ₗ[K] K) (d : TensorProduct K A A)
  (hd : LinearStudy.Annihilates (KaehlerDifferential.ideal K A) d)
  (hn : (LinearStudy.tensorFunctionalContraction ell) d = 1) :
  Function.Injective ⇑(LinearStudy.multiplicationToDual ell)
'LinearStudy.normalized_contraction_multiplicationToDual_injective' depends on axioms: [propext,
 Classical.choice,
 Quot.sound]
LinearStudy.perfectPairingOfNormalizedContraction.{u_1, u_2} {K : Type u_1} {A : Type u_2} [Field K] [CommRing A]
  [Algebra K A] [FiniteDimensional K A] (ell : A →ₗ[K] K) (d : TensorProduct K A A)
  (hd : LinearStudy.Annihilates (KaehlerDifferential.ideal K A) d)
  (hn : (LinearStudy.tensorFunctionalContraction ell) d = 1) : LinearStudy.PerfectMultiplicationPairing
'LinearStudy.perfectPairingOfNormalizedContraction' depends on axioms: [propext, Classical.choice, Quot.sound]
LinearStudy.normalized_contraction_pairing_diagonal.{u_1, u_2} {K : Type u_1} {A : Type u_2} [Field K] [CommRing A]
  [Algebra K A] [FiniteDimensional K A] (ell : A →ₗ[K] K) (d : TensorProduct K A A)
  (hd : LinearStudy.Annihilates (KaehlerDifferential.ideal K A) d)
  (hn : (LinearStudy.tensorFunctionalContraction ell) d = 1) :
  LinearStudy.pairingDiagonal (LinearStudy.perfectPairingOfNormalizedContraction ell d hd hn) = d
'LinearStudy.normalized_contraction_pairing_diagonal' depends on axioms: [propext, Classical.choice, Quot.sound]
LinearStudy.iterate_degree_exceeds (q B : ℕ) (hq : 1 < q) : ∃ k, 0 < k ∧ B < q ^ k
'LinearStudy.iterate_degree_exceeds' depends on axioms: [propext, Classical.choice, Quot.sound]
LinearStudy.intersection_degree_lt (q r d m : ℕ) (hr : 1 ≤ r) (h : d * m < q) : q ^ (r - 1) * d * m < q ^ r
'LinearStudy.intersection_degree_lt' depends on axioms: [propext, Quot.sound]
LinearStudy.degree_contradiction (q r d m : ℕ) (hr : 1 ≤ r) (hlarge : d * m < q)
  (hintersection : q ^ r ≤ q ^ (r - 1) * d * m) : False
'LinearStudy.degree_contradiction' depends on axioms: [propext, Quot.sound]
LinearStudy.uniform_degree_estimate_impossible (q r d : ℕ) (hq : 1 < q) (hr : 1 ≤ r)
  (h : ∃ m, ∀ (k : ℕ), 0 < k → d * m < q ^ k → (q ^ k) ^ r ≤ (q ^ k) ^ (r - 1) * d * m) : False
'LinearStudy.uniform_degree_estimate_impossible' depends on axioms: [propext, Classical.choice, Quot.sound]
LinearStudy.determinant_mul_coordinate_of_relation.{u_1, u_2} {R : Type u_1} [CommRing R] {ι : Type u_2} [Fintype ι]
  [DecidableEq ι] (M : Matrix ι ι R) (x : ι → R) (hx : M.mulVec x = 0) (i : ι) : M.det * x i = 0
'LinearStudy.determinant_mul_coordinate_of_relation' depends on axioms: [propext, Classical.choice, Quot.sound]
LinearStudy.determinant_annihilates_coordinate_ideal.{u_1, u_2} {R : Type u_1} [CommRing R] {ι : Type u_2} [Fintype ι]
  [DecidableEq ι] (M : Matrix ι ι R) (x : ι → R) (hx : M.mulVec x = 0) :
  LinearStudy.Annihilates (Ideal.span (Set.range x)) M.det
'LinearStudy.determinant_annihilates_coordinate_ideal' depends on axioms: [propext, Classical.choice, Quot.sound]
LinearStudy.coefficientDeterminant_annihilates_quotient.{u_1, u_2} {R : Type u_1} [CommRing R] {ι : Type u_2}
  [Fintype ι] [DecidableEq ι] (H x : ι → R) (M : Matrix ι ι R) (hH : M.mulVec x = H) :
  have J := Ideal.span (Set.range H);
  LinearStudy.Annihilates (Ideal.span (Set.range fun i => (Ideal.Quotient.mk J) (x i))) ((Ideal.Quotient.mk J) M.det)
'LinearStudy.coefficientDeterminant_annihilates_quotient' depends on axioms: [propext, Classical.choice, Quot.sound]
LinearStudy.diagonal_annihilator_coefficient_isUnit.{u_1, u_2} {K : Type u_1} {A : Type u_2} [Field K] [CommRing A]
  [Algebra K A] [FiniteDimensional K A] [IsLocalRing A] (q : A →ₐ[K] K)
  (hq : RingHom.ker q.toRingHom = IsLocalRing.maximalIdeal A) (p : LinearStudy.PerfectMultiplicationPairing)
  (d : TensorProduct K A A) (hd : LinearStudy.Annihilates (KaehlerDifferential.ideal K A) d)
  (hred : (LinearStudy.pairingRightReduction q) d ≠ 0) : IsUnit (((LinearStudy.pairingTensorEndEquiv p) d) 1)
'LinearStudy.diagonal_annihilator_coefficient_isUnit' depends on axioms: [propext, Classical.choice, Quot.sound]
LinearStudy.diagonal_annihilator_multiplication_nonzero.{u_1, u_2} {K : Type u_1} {A : Type u_2} [Field K] [CommRing A]
  [Algebra K A] [FiniteDimensional K A] [IsLocalRing A] [CharZero K] (q : A →ₐ[K] K)
  (hq : RingHom.ker q.toRingHom = IsLocalRing.maximalIdeal A) (p : LinearStudy.PerfectMultiplicationPairing)
  (d : TensorProduct K A A) (hd : LinearStudy.Annihilates (KaehlerDifferential.ideal K A) d)
  (hred : (LinearStudy.pairingRightReduction q) d ≠ 0) : (Algebra.TensorProduct.lmul' K) d ≠ 0
'LinearStudy.diagonal_annihilator_multiplication_nonzero' depends on axioms: [propext, Classical.choice, Quot.sound]
LinearStudy.tensorFunctionalContraction.{u_1, u_2} {R : Type u_1} {A : Type u_2} [CommRing R] [CommRing A] [Algebra R A]
  (ell : A →ₗ[R] R) : TensorProduct R A A →ₗ[R] A
'LinearStudy.tensorFunctionalContraction' depends on axioms: [propext, Quot.sound]
LinearStudy.tensorFunctionalContraction_tmul.{u_1, u_2} {R : Type u_1} {A : Type u_2} [CommRing R] [CommRing A]
  [Algebra R A] (ell : A →ₗ[R] R) (x y : A) : (LinearStudy.tensorFunctionalContraction ell) (x ⊗ₜ[R] y) = ell x • y
'LinearStudy.tensorFunctionalContraction_tmul' depends on axioms: [propext, Quot.sound]
LinearStudy.tensorFunctionalContraction_pairing.{u_1, u_2} {R : Type u_1} {A : Type u_2} [CommRing R] [CommRing A]
  [Algebra R A] [Module.Free R A] [Module.Finite R A] (p : LinearStudy.PerfectMultiplicationPairing)
  (d : TensorProduct R A A) (a : A) :
  (LinearStudy.tensorFunctionalContraction (p.equiv a)) d = ((LinearStudy.pairingTensorEndEquiv p) d) a
'LinearStudy.tensorFunctionalContraction_pairing' depends on axioms: [propext, Classical.choice, Quot.sound]
LinearStudy.unitTwistedPairing.{u_1, u_2} {R : Type u_1} {A : Type u_2} [CommRing R] [CommRing A] [Algebra R A]
  (p : LinearStudy.PerfectMultiplicationPairing) (u : Aˣ) : LinearStudy.PerfectMultiplicationPairing
'LinearStudy.unitTwistedPairing' depends on axioms: [propext, Quot.sound]
LinearStudy.unitTwistedPairing_functional.{u_1, u_2} {R : Type u_1} {A : Type u_2} [CommRing R] [CommRing A]
  [Algebra R A] (p : LinearStudy.PerfectMultiplicationPairing) (u : Aˣ) (a : A) :
  (LinearStudy.unitTwistedPairing p u).functional a = p.functional (↑u * a)
'LinearStudy.unitTwistedPairing_functional' depends on axioms: [propext, Quot.sound]
LinearStudy.pairingTensorEndEquiv_unitTwisted.{u_1, u_2} {R : Type u_1} {A : Type u_2} [CommRing R] [CommRing A]
  [Algebra R A] [Module.Free R A] [Module.Finite R A] (p : LinearStudy.PerfectMultiplicationPairing) (u : Aˣ)
  (d : TensorProduct R A A) (a : A) :
  ((LinearStudy.pairingTensorEndEquiv (LinearStudy.unitTwistedPairing p u)) d) a =
    ((LinearStudy.pairingTensorEndEquiv p) d) (↑u * a)
'LinearStudy.pairingTensorEndEquiv_unitTwisted' depends on axioms: [propext, Classical.choice, Quot.sound]
LinearStudy.diagonal_tensor_normalized_pairing.{u_1, u_2} {R : Type u_1} {A : Type u_2} [CommRing R] [CommRing A]
  [Algebra R A] [Module.Free R A] [Module.Finite R A] (p : LinearStudy.PerfectMultiplicationPairing)
  (d : TensorProduct R A A) (hd : LinearStudy.Annihilates (KaehlerDifferential.ideal R A) d)
  (hc : IsUnit (((LinearStudy.pairingTensorEndEquiv p) d) 1)) :
  ∃ p', LinearStudy.pairingDiagonal p' = d ∧ (LinearStudy.tensorFunctionalContraction p'.functional) d = 1
'LinearStudy.diagonal_tensor_normalized_pairing' depends on axioms: [propext, Classical.choice, Quot.sound]
LinearStudy.diagonal_tensor_unique_functional.{u_1, u_2} {R : Type u_1} {A : Type u_2} [CommRing R] [CommRing A]
  [Algebra R A] [Module.Free R A] [Module.Finite R A] (p : LinearStudy.PerfectMultiplicationPairing)
  (d : TensorProduct R A A) (hd : LinearStudy.Annihilates (KaehlerDifferential.ideal R A) d)
  (hc : IsUnit (((LinearStudy.pairingTensorEndEquiv p) d) 1)) :
  ∃! ell, (LinearStudy.tensorFunctionalContraction ell) d = 1
'LinearStudy.diagonal_tensor_unique_functional' depends on axioms: [propext, Classical.choice, Quot.sound]
LinearStudy.normalized_diagonal_residue_trace.{u_1, u_2} {R : Type u_1} {A : Type u_2} [CommRing R] [CommRing A]
  [Algebra R A] [Module.Free R A] [Module.Finite R A] (p : LinearStudy.PerfectMultiplicationPairing)
  (d : TensorProduct R A A) (hd : LinearStudy.Annihilates (KaehlerDifferential.ideal R A) d)
  (hc : IsUnit (((LinearStudy.pairingTensorEndEquiv p) d) 1)) :
  ∃ p',
    LinearStudy.pairingDiagonal p' = d ∧
      ∀ (a : A), p'.functional (a * (Algebra.TensorProduct.lmul' R) d) = (Algebra.trace R A) a
'LinearStudy.normalized_diagonal_residue_trace' depends on axioms: [propext, Classical.choice, Quot.sound]
LinearStudy.pairingTensorEndEquiv.{u_1, u_2} {R : Type u_1} {A : Type u_2} [CommRing R] [CommRing A] [Algebra R A]
  [Module.Free R A] [Module.Finite R A] (p : LinearStudy.PerfectMultiplicationPairing) :
  TensorProduct R A A ≃ₗ[R] Module.End R A
'LinearStudy.pairingTensorEndEquiv' depends on axioms: [propext, Classical.choice, Quot.sound]
LinearStudy.pairingTensorEndEquiv_tmul.{u_1, u_2} {R : Type u_1} {A : Type u_2} [CommRing R] [CommRing A] [Algebra R A]
  [Module.Free R A] [Module.Finite R A] (p : LinearStudy.PerfectMultiplicationPairing) (x y a : A) :
  ((LinearStudy.pairingTensorEndEquiv p) (x ⊗ₜ[R] y)) a = p.functional (x * a) • y
'LinearStudy.pairingTensorEndEquiv_tmul' depends on axioms: [propext, Classical.choice, Quot.sound]
LinearStudy.pairingTensorEndEquiv_left.{u_1, u_2} {R : Type u_1} {A : Type u_2} [CommRing R] [CommRing A] [Algebra R A]
  [Module.Free R A] [Module.Finite R A] (p : LinearStudy.PerfectMultiplicationPairing) (d : TensorProduct R A A)
  (x a : A) :
  ((LinearStudy.pairingTensorEndEquiv p) (x ⊗ₜ[R] 1 * d)) a = ((LinearStudy.pairingTensorEndEquiv p) d) (x * a)
'LinearStudy.pairingTensorEndEquiv_left' depends on axioms: [propext, Classical.choice, Quot.sound]
LinearStudy.pairingTensorEndEquiv_right.{u_1, u_2} {R : Type u_1} {A : Type u_2} [CommRing R] [CommRing A] [Algebra R A]
  [Module.Free R A] [Module.Finite R A] (p : LinearStudy.PerfectMultiplicationPairing) (d : TensorProduct R A A)
  (x a : A) :
  ((LinearStudy.pairingTensorEndEquiv p) (1 ⊗ₜ[R] x * d)) a = x * ((LinearStudy.pairingTensorEndEquiv p) d) a
'LinearStudy.pairingTensorEndEquiv_right' depends on axioms: [propext, Classical.choice, Quot.sound]
LinearStudy.pairingDiagonal.{u_1, u_2} {R : Type u_1} {A : Type u_2} [CommRing R] [CommRing A] [Algebra R A]
  [Module.Free R A] [Module.Finite R A] (p : LinearStudy.PerfectMultiplicationPairing) : TensorProduct R A A
'LinearStudy.pairingDiagonal' depends on axioms: [propext, Classical.choice, Quot.sound]
LinearStudy.pairingDiagonal_annihilates.{u_1, u_2} {R : Type u_1} {A : Type u_2} [CommRing R] [CommRing A] [Algebra R A]
  [Module.Free R A] [Module.Finite R A] (p : LinearStudy.PerfectMultiplicationPairing) :
  LinearStudy.Annihilates (KaehlerDifferential.ideal R A) (LinearStudy.pairingDiagonal p)
'LinearStudy.pairingDiagonal_annihilates' depends on axioms: [propext, Classical.choice, Quot.sound]
LinearStudy.pairingTensorEndEquiv_trace.{u_1, u_2} {R : Type u_1} {A : Type u_2} [CommRing R] [CommRing A] [Algebra R A]
  [Module.Free R A] [Module.Finite R A] (p : LinearStudy.PerfectMultiplicationPairing) (d : TensorProduct R A A) :
  (LinearMap.trace R A) ((LinearStudy.pairingTensorEndEquiv p) d) = p.functional ((Algebra.TensorProduct.lmul' R) d)
'LinearStudy.pairingTensorEndEquiv_trace' depends on axioms: [propext, Classical.choice, Quot.sound]
LinearStudy.pairingDiagonal_multiplication_eq_traceElement.{u_1, u_2} {R : Type u_1} {A : Type u_2} [CommRing R]
  [CommRing A] [Algebra R A] [Module.Free R A] [Module.Finite R A] (p : LinearStudy.PerfectMultiplicationPairing) :
  (Algebra.TensorProduct.lmul' R) (LinearStudy.pairingDiagonal p) = LinearStudy.traceElement p
'LinearStudy.pairingDiagonal_multiplication_eq_traceElement' depends on axioms: [propext, Classical.choice, Quot.sound]
LinearStudy.pairingTensorEndEquiv_of_diagonal_annihilator.{u_1, u_2} {R : Type u_1} {A : Type u_2} [CommRing R]
  [CommRing A] [Algebra R A] [Module.Free R A] [Module.Finite R A] (p : LinearStudy.PerfectMultiplicationPairing)
  (d : TensorProduct R A A) (hd : LinearStudy.Annihilates (KaehlerDifferential.ideal R A) d) :
  (LinearStudy.pairingTensorEndEquiv p) d = (Algebra.lmul R A) (((LinearStudy.pairingTensorEndEquiv p) d) 1)
'LinearStudy.pairingTensorEndEquiv_of_diagonal_annihilator' depends on axioms: [propext, Classical.choice, Quot.sound]
LinearStudy.pairingDiagonal_generates_annihilator.{u_1, u_2} {R : Type u_1} {A : Type u_2} [CommRing R] [CommRing A]
  [Algebra R A] [Module.Free R A] [Module.Finite R A] (p : LinearStudy.PerfectMultiplicationPairing)
  (d : TensorProduct R A A) (hd : LinearStudy.Annihilates (KaehlerDifferential.ideal R A) d) :
  d = ((LinearStudy.pairingTensorEndEquiv p) d) 1 ⊗ₜ[R] 1 * LinearStudy.pairingDiagonal p
'LinearStudy.pairingDiagonal_generates_annihilator' depends on axioms: [propext, Classical.choice, Quot.sound]
LinearStudy.diagonal_annihilator_multiplication_eq_trace_multiple.{u_1, u_2} {R : Type u_1} {A : Type u_2} [CommRing R]
  [CommRing A] [Algebra R A] [Module.Free R A] [Module.Finite R A] (p : LinearStudy.PerfectMultiplicationPairing)
  (d : TensorProduct R A A) (hd : LinearStudy.Annihilates (KaehlerDifferential.ideal R A) d) :
  (Algebra.TensorProduct.lmul' R) d = ((LinearStudy.pairingTensorEndEquiv p) d) 1 * LinearStudy.traceElement p
'LinearStudy.diagonal_annihilator_multiplication_eq_trace_multiple' depends on axioms: [propext,
 Classical.choice,
 Quot.sound]
LinearStudy.pairingRightReduction.{u_1, u_2} {R : Type u_1} {A : Type u_2} [CommRing R] [CommRing A] [Algebra R A]
  (q : A →ₐ[R] R) : TensorProduct R A A →ₐ[R] A
'LinearStudy.pairingRightReduction' depends on axioms: [propext, Quot.sound]
LinearStudy.pairingRightReduction_tmul.{u_1, u_2} {R : Type u_1} {A : Type u_2} [CommRing R] [CommRing A] [Algebra R A]
  (q : A →ₐ[R] R) (x y : A) : (LinearStudy.pairingRightReduction q) (x ⊗ₜ[R] y) = q y • x
'LinearStudy.pairingRightReduction_tmul' depends on axioms: [propext, Quot.sound]
LinearStudy.pairingRightReduction_pairing.{u_1, u_2} {R : Type u_1} {A : Type u_2} [CommRing R] [CommRing A]
  [Algebra R A] [Module.Free R A] [Module.Finite R A] (q : A →ₐ[R] R) (p : LinearStudy.PerfectMultiplicationPairing)
  (d : TensorProduct R A A) (a : A) :
  p.functional (a * (LinearStudy.pairingRightReduction q) d) = q (((LinearStudy.pairingTensorEndEquiv p) d) a)
'LinearStudy.pairingRightReduction_pairing' depends on axioms: [propext, Classical.choice, Quot.sound]
LinearStudy.pairingRightReduction_diagonal.{u_1, u_2} {R : Type u_1} {A : Type u_2} [CommRing R] [CommRing A]
  [Algebra R A] [Module.Free R A] [Module.Finite R A] (q : A →ₐ[R] R) (p : LinearStudy.PerfectMultiplicationPairing) :
  (LinearStudy.pairingRightReduction q) (LinearStudy.pairingDiagonal p) = LinearStudy.dualGenerator q p
'LinearStudy.pairingRightReduction_diagonal' depends on axioms: [propext, Classical.choice, Quot.sound]
LinearStudy.epsilon.{u_1} (B : Type u_1) [CommRing B] : LinearStudy.DoublePoint B
'LinearStudy.epsilon' does not depend on any axioms
LinearStudy.doublePoint_decomposition.{u_1} (B : Type u_1) [CommRing B] (a : LinearStudy.DoublePoint B) :
  a = TrivSqZeroExt.fst a • 1 + TrivSqZeroExt.snd a • LinearStudy.epsilon B
'LinearStudy.doublePoint_decomposition' depends on axioms: [propext]
LinearStudy.doublePointPairingMap.{u_1} (B : Type u_1) [CommRing B] (x : LinearStudy.DoublePoint B) :
  LinearStudy.DoublePoint B →ₗ[B] B
'LinearStudy.doublePointPairingMap' depends on axioms: [propext, Quot.sound]
LinearStudy.doublePointPerfectPairing.{u_1} (B : Type u_1) [CommRing B] : LinearStudy.PerfectMultiplicationPairing
'LinearStudy.doublePointPerfectPairing' depends on axioms: [propext, Quot.sound]
LinearStudy.doublePoint_nilradical.{u_1} (B : Type u_1) [CommRing B] [IsReduced B] :
  nilradical (LinearStudy.DoublePoint B) = TrivSqZeroExt.kerIdeal B B
'LinearStudy.doublePoint_nilradical' depends on axioms: [propext, Classical.choice, Quot.sound]
LinearStudy.doublePoint_epsilon_is_dualGenerator.{u_1} (B : Type u_1) [CommRing B] :
  LinearStudy.dualGenerator (TrivSqZeroExt.fstHom B B B) (LinearStudy.doublePointPerfectPairing B) =
    LinearStudy.epsilon B
'LinearStudy.doublePoint_epsilon_is_dualGenerator' depends on axioms: [propext, Quot.sound]
LinearStudy.doublePoint_annihilator_generated.{u_1} (B : Type u_1) [CommRing B] (x : LinearStudy.DoublePoint B) :
  x ∈ Submodule.annihilator (TrivSqZeroExt.kerIdeal B B) ↔ ∃ b, x = b • LinearStudy.epsilon B
'LinearStudy.doublePoint_annihilator_generated' depends on axioms: [propext, Classical.choice, Quot.sound]
LinearStudy.doublePoint_nilradical_annihilator.{u_1} (B : Type u_1) [CommRing B] [IsReduced B]
  (x : LinearStudy.DoublePoint B) :
  x ∈ Submodule.annihilator (nilradical (LinearStudy.DoublePoint B)) ↔ ∃ b, x = b • LinearStudy.epsilon B
'LinearStudy.doublePoint_nilradical_annihilator' depends on axioms: [propext, Classical.choice, Quot.sound]
LinearStudy.doublePoint_quotient_generator_nonzero.{u_1} (B : Type u_1) [CommRing B]
  (J : Ideal (LinearStudy.DoublePoint B)) (m : Ideal B) (hm : m ≠ ⊤) (hJ : ∀ a ∈ J, TrivSqZeroExt.snd a ∈ m) :
  (Ideal.Quotient.mk J) (LinearStudy.epsilon B) ≠ 0
'LinearStudy.doublePoint_quotient_generator_nonzero' depends on axioms: [propext, Classical.choice, Quot.sound]
LinearStudy.doublePoint_residue_to_evaluation.{u_1} (B : Type u_1) [CommRing B] (a : LinearStudy.DoublePoint B) :
  (TrivSqZeroExt.sndHom B B) (LinearStudy.epsilon B * a) = TrivSqZeroExt.fst a
'LinearStudy.doublePoint_residue_to_evaluation' depends on axioms: [propext, Quot.sound]
LinearStudy.dualGenerator.{u_1, u_2} {B : Type u_1} {A : Type u_2} [CommRing B] [CommRing A] [Algebra B A]
  (q : A →ₐ[B] B) (p : LinearStudy.PerfectMultiplicationPairing) : A
'LinearStudy.dualGenerator' depends on axioms: [propext, Quot.sound]
LinearStudy.dualGenerator_pairing.{u_1, u_2} {B : Type u_1} {A : Type u_2} [CommRing B] [CommRing A] [Algebra B A]
  (q : A →ₐ[B] B) (p : LinearStudy.PerfectMultiplicationPairing) (a : A) :
  p.functional (LinearStudy.dualGenerator q p * a) = q a
'LinearStudy.dualGenerator_pairing' depends on axioms: [propext, Quot.sound]
LinearStudy.dualGenerator_functional.{u_1, u_2} {B : Type u_1} {A : Type u_2} [CommRing B] [CommRing A] [Algebra B A]
  (q : A →ₐ[B] B) (p : LinearStudy.PerfectMultiplicationPairing) : p.functional (LinearStudy.dualGenerator q p) = 1
'LinearStudy.dualGenerator_functional' depends on axioms: [propext, Quot.sound]
LinearStudy.dualGenerator_annihilates.{u_1, u_2} {B : Type u_1} {A : Type u_2} [CommRing B] [CommRing A] [Algebra B A]
  (q : A →ₐ[B] B) (p : LinearStudy.PerfectMultiplicationPairing) :
  LinearStudy.Annihilates (RingHom.ker q.toRingHom) (LinearStudy.dualGenerator q p)
'LinearStudy.dualGenerator_annihilates' depends on axioms: [propext, Quot.sound]
LinearStudy.annihilator_eq_scalar_generator.{u_1, u_2} {B : Type u_1} {A : Type u_2} [CommRing B] [CommRing A]
  [Algebra B A] (q : A →ₐ[B] B) (p : LinearStudy.PerfectMultiplicationPairing) {x : A}
  (hx : LinearStudy.Annihilates (RingHom.ker q.toRingHom) x) : x = p.functional x • LinearStudy.dualGenerator q p
'LinearStudy.annihilator_eq_scalar_generator' depends on axioms: [propext, Classical.choice, Quot.sound]
LinearStudy.annihilator_iff_scalar_multiple.{u_1, u_2} {B : Type u_1} {A : Type u_2} [CommRing B] [CommRing A]
  [Algebra B A] (q : A →ₐ[B] B) (p : LinearStudy.PerfectMultiplicationPairing) (x : A) :
  LinearStudy.Annihilates (RingHom.ker q.toRingHom) x ↔ ∃ b, x = b • LinearStudy.dualGenerator q p
'LinearStudy.annihilator_iff_scalar_multiple' depends on axioms: [propext, Classical.choice, Quot.sound]
LinearStudy.dualGenerator_scalar_retraction.{u_1, u_2} {B : Type u_1} {A : Type u_2} [CommRing B] [CommRing A]
  [Algebra B A] (q : A →ₐ[B] B) (p : LinearStudy.PerfectMultiplicationPairing) (b : B) :
  p.functional (b • LinearStudy.dualGenerator q p) = b
'LinearStudy.dualGenerator_scalar_retraction' depends on axioms: [propext, Quot.sound]
LinearStudy.dualGenerator_quotient_nonzero.{u_1, u_2} {B : Type u_1} {A : Type u_2} [CommRing B] [CommRing A]
  [Algebra B A] (q : A →ₐ[B] B) (p : LinearStudy.PerfectMultiplicationPairing) (J : Ideal A) (m : Ideal B) (hm : 1 ∉ m)
  (hJ : ∀ a ∈ J, p.functional a ∈ m) : (Ideal.Quotient.mk J) (LinearStudy.dualGenerator q p) ≠ 0
'LinearStudy.dualGenerator_quotient_nonzero' depends on axioms: [propext, Classical.choice, Quot.sound]
LinearStudy.weightedEvaluation.{u_1, u_2} {K : Type u_1} {ι : Type u_2} [Field K] [Fintype ι] (lam : ι → K) :
  (ι → K) →ₗ[K] K
'LinearStudy.weightedEvaluation' depends on axioms: [propext, Classical.choice, Quot.sound]
LinearStudy.weightedEvaluation_apply.{u_1, u_2} {K : Type u_1} {ι : Type u_2} [Field K] [Fintype ι] (lam v : ι → K) :
  (LinearStudy.weightedEvaluation lam) v = ∑ i, lam i * v i
'LinearStudy.weightedEvaluation_apply' depends on axioms: [propext, Classical.choice, Quot.sound]
LinearStudy.weightedEvaluation_single.{u_1, u_2} {K : Type u_1} {ι : Type u_2} [Field K] [Fintype ι] [DecidableEq ι]
  (lam : ι → K) (i : ι) : (LinearStudy.weightedEvaluation lam) (Pi.single i 1) = lam i
'LinearStudy.weightedEvaluation_single' depends on axioms: [propext, Classical.choice, Quot.sound]
LinearStudy.weightedEvaluation_nonzero.{u_1, u_2} {K : Type u_1} {ι : Type u_2} [Field K] [Fintype ι] [DecidableEq ι]
  (lam : ι → K) (hlam : lam ≠ 0) : LinearStudy.weightedEvaluation lam ≠ 0
'LinearStudy.weightedEvaluation_nonzero' depends on axioms: [propext, Classical.choice, Quot.sound]
LinearStudy.extend_relation_by_zero.{u_1, u_2} {K : Type u_1} {ι : Type u_2} [Field K] [Fintype ι] (lam : ι → K)
  (S₁ : Finset ι) (hlam : ∀ i ∉ S₁, lam i = 0) (v : ι → K) :
  (LinearStudy.weightedEvaluation lam) v = ∑ i ∈ S₁, lam i * v i
'LinearStudy.extend_relation_by_zero' depends on axioms: [propext, Classical.choice, Quot.sound]
LinearStudy.relation_factors_through_exact_sequence.{u_1, u_2, u_3, u_4} {K : Type u_1} {ι : Type u_2} {U : Type u_3}
  {M : Type u_4} [Field K] [Fintype ι] [DecidableEq ι] [AddCommGroup U] [Module K U] [AddCommGroup M] [Module K M]
  (E : U →ₗ[K] ι → K) (D : (ι → K) →ₗ[K] M) (hD : Function.Surjective ⇑D) (hexact : D.ker = E.range) (lam : ι → K)
  (hrelation : ∀ (u : U), (LinearStudy.weightedEvaluation lam) (E u) = 0) :
  ∃ a, a ∘ₗ D = LinearStudy.weightedEvaluation lam
'LinearStudy.relation_factors_through_exact_sequence' depends on axioms: [propext, Classical.choice, Quot.sound]
LinearStudy.factored_relation_nonzero.{u_1, u_2, u_4} {K : Type u_1} {ι : Type u_2} {M : Type u_4} [Field K] [Fintype ι]
  [DecidableEq ι] [AddCommGroup M] [Module K M] (lam : ι → K) (hlam : lam ≠ 0) (D : (ι → K) →ₗ[K] M) (a : M →ₗ[K] K)
  (ha : a ∘ₗ D = LinearStudy.weightedEvaluation lam) : a ≠ 0
'LinearStudy.factored_relation_nonzero' depends on axioms: [propext, Classical.choice, Quot.sound]
LinearStudy.duality_zero_iff.{u_1, u_5} {K : Type u_1} [Field K] (W : Type u_5) [AddCommGroup W] [Module K W]
  (β : W ≃ₗ[K] K) (a : W) (lam : K) (h : β a = lam) : a = 0 ↔ lam = 0
'LinearStudy.duality_zero_iff' depends on axioms: [propext, Quot.sound]
LinearStudy.homogeneousPointEvaluation.{u_2} {ι : Type u_2} {n : ℕ} (t : ℕ)
  (points : ι → LinearStudy.CoordinateVector n) : ↥(MvPolynomial.homogeneousSubmodule (Fin (n + 1)) ℂ t) →ₗ[ℂ] ι → ℂ
'LinearStudy.homogeneousPointEvaluation' depends on axioms: [propext, Classical.choice, Quot.sound]
LinearStudy.homogeneousPointEvaluation_apply.{u_2} {ι : Type u_2} {n : ℕ} (t : ℕ)
  (points : ι → LinearStudy.CoordinateVector n) (P : ↥(MvPolynomial.homogeneousSubmodule (Fin (n + 1)) ℂ t)) (i : ι) :
  (LinearStudy.homogeneousPointEvaluation t points) P i = (MvPolynomial.eval (points i)) ↑P
'LinearStudy.homogeneousPointEvaluation_apply' depends on axioms: [propext, Classical.choice, Quot.sound]
LinearStudy.rescaled_evaluation_relation.{u_1, u_2, u_5} {K : Type u_1} {ι : Type u_2} [Field K] [Fintype ι]
  {σ : Type u_5} {P : MvPolynomial σ K} {t : ℕ} (hP : P.IsHomogeneous t) (points : ι → σ → K) (scalars : ι → Kˣ)
  (weights : ι → K) :
  ∑ i, weights i / ↑(scalars i) ^ t * (MvPolynomial.eval (↑(scalars i) • points i)) P =
    ∑ i, weights i * (MvPolynomial.eval (points i)) P
'LinearStudy.rescaled_evaluation_relation' depends on axioms: [propext, Classical.choice, Quot.sound]
LinearStudy.rescaled_evaluation_relation_zero.{u_1, u_2, u_5} {K : Type u_1} {ι : Type u_2} [Field K] [Fintype ι]
  {σ : Type u_5} {P : MvPolynomial σ K} {t : ℕ} (hP : P.IsHomogeneous t) (points : ι → σ → K) (scalars : ι → Kˣ)
  (weights : ι → K) (h : ∑ i, weights i * (MvPolynomial.eval (points i)) P = 0) :
  ∑ i, weights i / ↑(scalars i) ^ t * (MvPolynomial.eval (↑(scalars i) • points i)) P = 0
'LinearStudy.rescaled_evaluation_relation_zero' depends on axioms: [propext, Classical.choice, Quot.sound]
LinearStudy.fieldEndomorphism_finite.{u_1, u_2} {K : Type u_1} {L : Type u_2} [Field K] [Field L] [Algebra K L]
  [Algebra.EssFiniteType K L] (φ : L →ₐ[K] L) : φ.Finite
'LinearStudy.fieldEndomorphism_finite' depends on axioms: [propext, Classical.choice, Quot.sound]
LinearStudy.fieldEndomorphism_formallyUnramified.{u_1, u_2} {K : Type u_1} {L : Type u_2} [Field K] [Field L]
  [CharZero L] [Algebra K L] [FinTrdeg K L] (φ : L →ₐ[K] L) : φ.FormallyUnramified
'LinearStudy.fieldEndomorphism_formallyUnramified' depends on axioms: [propext, Classical.choice, Quot.sound]
LinearStudy.polynomial_zero_or_degree_lt_of_top_zero.{u_1, u_2} {K : Type u_1} {ι : Type u_2} [Field K]
  (p : MvPolynomial ι K) (n : ℕ) (hp : p.totalDegree ≤ n) (hz : (MvPolynomial.homogeneousComponent n) p = 0) :
  p = 0 ∨ p.totalDegree < n
'LinearStudy.polynomial_zero_or_degree_lt_of_top_zero' depends on axioms: [propext, Classical.choice, Quot.sound]
LinearStudy.homogeneousComponent_mul_top.{u_1, u_2} {K : Type u_1} {ι : Type u_2} [Field K] (a p : MvPolynomial ι K)
  (A B : ℕ) (ha : a.totalDegree ≤ A) (hp : p.totalDegree ≤ B) :
  (MvPolynomial.homogeneousComponent (A + B)) (a * p) =
    (MvPolynomial.homogeneousComponent A) a * (MvPolynomial.homogeneousComponent B) p
'LinearStudy.homogeneousComponent_mul_top' depends on axioms: [propext, Classical.choice, Quot.sound]
LinearStudy.skew_polynomial_relation_zero.{u_1, u_2} {K : Type u_1} {ι : Type u_2} [Field K] {n : ℕ}
  (P : Fin n → MvPolynomial ι K) (c : Fin n → Fin n → MvPolynomial ι K) (hs : ∀ (i j : Fin n), c i j = -c j i)
  (hd : ∀ (i : Fin n), c i i = 0) : ∑ i, (∑ j, c i j * P j) * P i = 0
'LinearStudy.skew_polynomial_relation_zero' depends on axioms: [propext, Classical.choice, Quot.sound]
LinearStudy.polynomial_representation_lower_peak.{u_1, u_2} {K : Type u_1} {ι : Type u_2} [Field K] {n : ℕ}
  (P : Fin n → MvPolynomial ι K)
  (hreg :
    RingTheory.Sequence.IsRegular (MvPolynomial ι K)
      (List.ofFn fun i => (MvPolynomial.homogeneousComponent (P i).totalDegree) (P i)))
  (f : MvPolynomial ι K) (N : ℕ) (hf : f.totalDegree < N) (a : Fin n → MvPolynomial ι K) (ha : ∑ i, a i * P i = f)
  (hb : ∀ (i : Fin n), a i = 0 ∨ (a i).totalDegree + (P i).totalDegree ≤ N) :
  ∃ b, ∑ i, b i * P i = f ∧ ∀ (i : Fin n), b i = 0 ∨ (b i).totalDegree + (P i).totalDegree < N
'LinearStudy.polynomial_representation_lower_peak' depends on axioms: [propext, Classical.choice, Quot.sound]
LinearStudy.affine_ideal_degree_bounded_representation.{u_1, u_2} {K : Type u_1} {ι : Type u_2} [Field K] {n : ℕ}
  (P : Fin n → MvPolynomial ι K)
  (hreg :
    RingTheory.Sequence.IsRegular (MvPolynomial ι K)
      (List.ofFn fun i => (MvPolynomial.homogeneousComponent (P i).totalDegree) (P i)))
  (f : MvPolynomial ι K) (hf : f ∈ Ideal.span (Set.range P)) :
  ∃ a, ∑ i, a i * P i = f ∧ ∀ (i : Fin n), a i = 0 ∨ (a i).totalDegree + (P i).totalDegree ≤ f.totalDegree
'LinearStudy.affine_ideal_degree_bounded_representation' depends on axioms: [propext, Classical.choice, Quot.sound]
LinearStudy.affine_ideal_top_component_mem.{u_1, u_2} {K : Type u_1} {ι : Type u_2} [Field K] {n : ℕ}
  (P : Fin n → MvPolynomial ι K)
  (hreg :
    RingTheory.Sequence.IsRegular (MvPolynomial ι K)
      (List.ofFn fun i => (MvPolynomial.homogeneousComponent (P i).totalDegree) (P i)))
  (f : MvPolynomial ι K) (hf : f ∈ Ideal.span (Set.range P)) (N : ℕ) (hN : f.totalDegree ≤ N) :
  (MvPolynomial.homogeneousComponent N) f ∈
    Ideal.span (Set.range fun i => (MvPolynomial.homogeneousComponent (P i).totalDegree) (P i))
'LinearStudy.affine_ideal_top_component_mem' depends on axioms: [propext, Classical.choice, Quot.sound]
LinearStudy.quotientSpecialization_finite.{u_1, u_2, u_3, u_4} {B : Type u_1} {K : Type u_2} {R : Type u_3}
  {S : Type u_4} [CommRing B] [CommRing K] [CommRing R] [CommRing S] [Algebra B R] [Algebra K S] (cc : B →+* K)
  (f : R →+* S) (hf : Function.Surjective ⇑f) (hcoeff : ∀ (b : B), f ((algebraMap B R) b) = (algebraMap K S) (cc b))
  (I : Ideal R) [Module.Finite B (R ⧸ I)] : Module.Finite K (S ⧸ Ideal.map f I)
'LinearStudy.quotientSpecialization_finite' depends on axioms: [propext, Classical.choice, Quot.sound]
LinearStudy.powerSeries_specialized_quotient_finite.{u_5} {F : Type u_5} [Field F] {r c : ℕ}
  (H : Fin c → MvPowerSeries (Fin c) (MvPowerSeries (Fin (r + 1)) F))
  [Module.Finite (MvPowerSeries (Fin (r + 1)) F)
      (MvPowerSeries (Fin c) (MvPowerSeries (Fin (r + 1)) F) ⧸ Ideal.span (Set.range H))] :
  FiniteDimensional F
    (MvPowerSeries (Fin c) F ⧸ Ideal.span (Set.range fun i => LinearStudy.parameterSpecialization (H i)))
'LinearStudy.powerSeries_specialized_quotient_finite' depends on axioms: [propext, Classical.choice, Quot.sound]
LinearStudy.powerSeries_specialized_quotient_artinian.{u_5} {F : Type u_5} [Field F] {r c : ℕ}
  (H : Fin c → MvPowerSeries (Fin c) (MvPowerSeries (Fin (r + 1)) F))
  [Module.Finite (MvPowerSeries (Fin (r + 1)) F)
      (MvPowerSeries (Fin c) (MvPowerSeries (Fin (r + 1)) F) ⧸ Ideal.span (Set.range H))] :
  IsArtinianRing (MvPowerSeries (Fin c) F ⧸ Ideal.span (Set.range fun i => LinearStudy.parameterSpecialization (H i)))
'LinearStudy.powerSeries_specialized_quotient_artinian' depends on axioms: [propext, Classical.choice, Quot.sound]
LinearStudy.finiteFlat_closedFiber_traceElement.{u_5} {F : Type u_5} [Field F] {r n : ℕ}
  (H : Fin (n + 1) → MvPowerSeries (Fin (n + 1)) (MvPowerSeries (Fin (r + 1)) F))
  (hH : RingTheory.Sequence.IsRegular (MvPowerSeries (Fin (n + 1)) (MvPowerSeries (Fin (r + 1)) F)) (List.ofFn H))
  [Module.Finite (MvPowerSeries (Fin (r + 1)) F)
      (MvPowerSeries (Fin (n + 1)) (MvPowerSeries (Fin (r + 1)) F) ⧸ Ideal.span (Set.range H))]
  [Module.Flat (MvPowerSeries (Fin (r + 1)) F)
      (MvPowerSeries (Fin (n + 1)) (MvPowerSeries (Fin (r + 1)) F) ⧸ Ideal.span (Set.range H))] :
  ∃ M,
    (M.mulVec MvPowerSeries.X = fun i => LinearStudy.parameterSpecialization (H i)) ∧
      ∃ p,
        p.functional
              ((Ideal.Quotient.mk (Ideal.span (Set.range fun i => LinearStudy.parameterSpecialization (H i)))) M.det) =
            1 ∧
          LinearStudy.traceElement p =
            Module.finrank F
                (MvPowerSeries (Fin (n + 1)) F ⧸
                  Ideal.span (Set.range fun i => LinearStudy.parameterSpecialization (H i))) •
              (Ideal.Quotient.mk (Ideal.span (Set.range fun i => LinearStudy.parameterSpecialization (H i)))) M.det
'LinearStudy.finiteFlat_closedFiber_traceElement' depends on axioms: [propext, Classical.choice, Quot.sound]
LinearStudy.fieldEndomorphism_range_isAlgebraic.{u_1, u_2} {K : Type u_1} {L : Type u_2} [Field K] [Field L]
  [Algebra K L] [FinTrdeg K L] (φ : L →ₐ[K] L) : Algebra.IsAlgebraic (↥φ.fieldRange) L
'LinearStudy.fieldEndomorphism_range_isAlgebraic' depends on axioms: [propext, Classical.choice, Quot.sound]
LinearStudy.fieldEndomorphism_range_finite.{u_1, u_2} {K : Type u_1} {L : Type u_2} [Field K] [Field L] [Algebra K L]
  [Algebra.EssFiniteType K L] (φ : L →ₐ[K] L) : Module.Finite (↥φ.fieldRange) L
'LinearStudy.fieldEndomorphism_range_finite' depends on axioms: [propext, Classical.choice, Quot.sound]
LinearStudy.fieldEndomorphism_range_formallyUnramified.{u_1, u_2} {K : Type u_1} {L : Type u_2} [Field K] [Field L]
  [CharZero L] [Algebra K L] [FinTrdeg K L] (φ : L →ₐ[K] L) : Algebra.FormallyUnramified (↥φ.fieldRange) L
'LinearStudy.fieldEndomorphism_range_formallyUnramified' depends on axioms: [propext, Classical.choice, Quot.sound]
LinearStudy.finiteType_exists_rational_point.{u_1, u_2} {K : Type u_1} {A : Type u_2} [Field K] [IsAlgClosed K]
  [CommRing A] [Nontrivial A] [Algebra K A] [Algebra.FiniteType K A] : Nonempty (A →ₐ[K] K)
'LinearStudy.finiteType_exists_rational_point' depends on axioms: [propext, Classical.choice, Quot.sound]
LinearStudy.firstJet.{u_1} (B : Type u_1) [CommRing B] : PowerSeries B →ₐ[B] LinearStudy.DoublePoint B
'LinearStudy.firstJet' depends on axioms: [propext, Classical.choice, Quot.sound]
LinearStudy.firstJet_fst.{u_1} (B : Type u_1) [CommRing B] (f : PowerSeries B) :
  TrivSqZeroExt.fst ((LinearStudy.firstJet B) f) = (PowerSeries.coeff 0) f
'LinearStudy.firstJet_fst' depends on axioms: [propext, Classical.choice, Quot.sound]
LinearStudy.firstJet_snd.{u_1} (B : Type u_1) [CommRing B] (f : PowerSeries B) :
  TrivSqZeroExt.snd ((LinearStudy.firstJet B) f) = (PowerSeries.coeff 1) f
'LinearStudy.firstJet_snd' depends on axioms: [propext, Classical.choice, Quot.sound]
LinearStudy.firstJet_surjective.{u_1} (B : Type u_1) [CommRing B] : Function.Surjective ⇑(LinearStudy.firstJet B)
'LinearStudy.firstJet_surjective' depends on axioms: [propext, Classical.choice, Quot.sound]
LinearStudy.firstJet_kernel.{u_1} (B : Type u_1) [CommRing B] :
  RingHom.ker (LinearStudy.firstJet B) = Ideal.span {PowerSeries.X ^ 2}
'LinearStudy.firstJet_kernel' depends on axioms: [propext, Classical.choice, Quot.sound]
LinearStudy.doublePointPowerSeriesEquiv.{u_1} (B : Type u_1) [CommRing B] :
  (PowerSeries B ⧸ Ideal.span {PowerSeries.X ^ 2}) ≃ₐ[B] LinearStudy.DoublePoint B
'LinearStudy.doublePointPowerSeriesEquiv' depends on axioms: [propext, Classical.choice, Quot.sound]
LinearStudy.doublePointPowerSeriesEquiv_mk.{u_1} (B : Type u_1) [CommRing B] (f : PowerSeries B) :
  (LinearStudy.doublePointPowerSeriesEquiv B) ((Ideal.Quotient.mk (Ideal.span {PowerSeries.X ^ 2})) f) =
    (LinearStudy.firstJet B) f
'LinearStudy.doublePointPowerSeriesEquiv_mk' depends on axioms: [propext, Classical.choice, Quot.sound]
LinearStudy.doublePoint_actual_jacobian.{u_1} (B : Type u_1) [CommRing B] :
  (LinearStudy.firstJet B) (PowerSeries.derivative (PowerSeries.X ^ 2)) = 2 • LinearStudy.epsilon B
'LinearStudy.doublePoint_actual_jacobian' depends on axioms: [propext, Classical.choice, Quot.sound]
LinearStudy.doublePoint_actual_jacobian_generates.{u_1} (B : Type u_1) [CommRing B] [IsReduced B] (h2 : IsUnit 2)
  (x : LinearStudy.DoublePoint B) :
  LinearStudy.Annihilates (nilradical (LinearStudy.DoublePoint B)) x ↔
    ∃ b, x = b • (LinearStudy.firstJet B) (PowerSeries.derivative (PowerSeries.X ^ 2))
'LinearStudy.doublePoint_actual_jacobian_generates' depends on axioms: [propext, Classical.choice, Quot.sound]
LinearStudy.annihilates_nilradical_algEquiv.{u_1, u_2, u_3} (B : Type u_1) [CommRing B] {A : Type u_2} {C : Type u_3}
  [CommRing A] [CommRing C] [Algebra B A] [Algebra B C] (e : A ≃ₐ[B] C) (x : A) :
  LinearStudy.Annihilates (nilradical A) x ↔ LinearStudy.Annihilates (nilradical C) (e x)
'LinearStudy.annihilates_nilradical_algEquiv' depends on axioms: [propext, Classical.choice, Quot.sound]
LinearStudy.quadratic_powerSeries_jacobian_annihilator.{u_1} (B : Type u_1) [CommRing B] [IsReduced B] (h2 : IsUnit 2)
  (x : PowerSeries B ⧸ Ideal.span {PowerSeries.X ^ 2}) :
  LinearStudy.Annihilates (nilradical (PowerSeries B ⧸ Ideal.span {PowerSeries.X ^ 2})) x ↔
    ∃ b, x = b • (Ideal.Quotient.mk (Ideal.span {PowerSeries.X ^ 2})) (PowerSeries.derivative (PowerSeries.X ^ 2))
'LinearStudy.quadratic_powerSeries_jacobian_annihilator' depends on axioms: [propext, Classical.choice, Quot.sound]
LinearStudy.powerSeries_zero_firstJet_mem_square.{u_1, u_2} {K : Type u_1} {σ : Type u_2} [Field K] [Fintype σ]
  [DecidableEq σ] [Nonempty σ] (F : MvPowerSeries σ K) (h0 : MvPowerSeries.constantCoeff F = 0)
  (hD : ∀ (j : σ), MvPowerSeries.constantCoeff ((MvPowerSeries.pderiv j) F) = 0) :
  F ∈ IsLocalRing.maximalIdeal (MvPowerSeries σ K) ^ 2
'LinearStudy.powerSeries_zero_firstJet_mem_square' depends on axioms: [propext, Classical.choice, Quot.sound]
LinearStudy.powerSeries_firstJet_equal_iff_square.{u_1, u_2} {K : Type u_1} {σ : Type u_2} [Field K] [Fintype σ]
  [DecidableEq σ] [Nonempty σ] (F G : MvPowerSeries σ K) :
  F - G ∈ IsLocalRing.maximalIdeal (MvPowerSeries σ K) ^ 2 ↔
    MvPowerSeries.constantCoeff F = MvPowerSeries.constantCoeff G ∧
      ∀ (j : σ),
        MvPowerSeries.constantCoeff ((MvPowerSeries.pderiv j) F) =
          MvPowerSeries.constantCoeff ((MvPowerSeries.pderiv j) G)
'LinearStudy.powerSeries_firstJet_equal_iff_square' depends on axioms: [propext, Classical.choice, Quot.sound]
LinearStudy.normal_firstOrder_of_derivative_coordinates.{u_1, u_3, u_4} {K : Type u_1} [Field K] {α : Type u_3}
  {β : Type u_4} [Fintype α] [Fintype β] [DecidableEq α] [DecidableEq β] [Nonempty β] (H : β → MvPowerSeries (α ⊕ β) K)
  (h0 : ∀ (i : β), MvPowerSeries.constantCoeff (H i) = 0)
  (hD :
    ∀ (i : β) (j : α ⊕ β),
      MvPowerSeries.constantCoeff ((MvPowerSeries.pderiv j) (H i)) = if j = Sum.inr i then 1 else 0)
  (i : β) : H i - MvPowerSeries.X (Sum.inr i) ∈ IsLocalRing.maximalIdeal (MvPowerSeries (α ⊕ β) K) ^ 2
'LinearStudy.normal_firstOrder_of_derivative_coordinates' depends on axioms: [propext, Classical.choice, Quot.sound]
LinearStudy.normalize_formal_normal_equations_firstOrder.{u_1, u_3, u_4} {K : Type u_1} [Field K] {α : Type u_3}
  {β : Type u_4} [Fintype α] [Fintype β] [DecidableEq α] [DecidableEq β] [Nonempty β] (G : β → MvPowerSeries (α ⊕ β) K)
  (h0 : ∀ (i : β), MvPowerSeries.constantCoeff (G i) = 0)
  (hT : ∀ (i : β) (j : α), MvPowerSeries.constantCoeff ((MvPowerSeries.pderiv (Sum.inl j)) (G i)) = 0)
  (hJ : IsUnit (Matrix.det fun i j => MvPowerSeries.constantCoeff ((MvPowerSeries.pderiv (Sum.inr j)) (G i)))) :
  have J := fun i j => MvPowerSeries.constantCoeff ((MvPowerSeries.pderiv (Sum.inr j)) (G i));
  have H := fun i => ∑ j, J⁻¹ i j • G j;
  (∀ (i : β), H i - MvPowerSeries.X (Sum.inr i) ∈ IsLocalRing.maximalIdeal (MvPowerSeries (α ⊕ β) K) ^ 2) ∧
    Ideal.span (Set.range H) = Ideal.span (Set.range G)
'LinearStudy.normalize_formal_normal_equations_firstOrder' depends on axioms: [propext, Classical.choice, Quot.sound]
LinearStudy.firstOrder_normal_equations_and_tangents_generate.{u_1, u_2, u_3} {R : Type u_1} {α : Type u_2}
  {β : Type u_3} [CommRing R] [IsLocalRing R] [IsNoetherianRing R] (I : Ideal R) (hI : I ≤ IsLocalRing.maximalIdeal R)
  (v : α ⊕ β → R) (hv : Ideal.span (Set.range v) = IsLocalRing.maximalIdeal R) (G : β → R) (hG : ∀ (i : β), G i ∈ I)
  (hfirst : ∀ (i : β), G i - v (Sum.inr i) ∈ IsLocalRing.maximalIdeal R ^ 2) :
  I ⊔ Ideal.span (Set.range fun i => v (Sum.inl i)) = IsLocalRing.maximalIdeal R
'LinearStudy.firstOrder_normal_equations_and_tangents_generate' depends on axioms: [propext,
 Classical.choice,
 Quot.sound]
LinearStudy.firstOrder_tangents_generate_quotient_maximalIdeal.{u_1, u_2, u_3} {R : Type u_1} {α : Type u_2}
  {β : Type u_3} [CommRing R] [IsLocalRing R] [IsNoetherianRing R] (I : Ideal R) (hI : I ≤ IsLocalRing.maximalIdeal R)
  (v : α ⊕ β → R) (hv : Ideal.span (Set.range v) = IsLocalRing.maximalIdeal R) (G : β → R) (hG : ∀ (i : β), G i ∈ I)
  (hfirst : ∀ (i : β), G i - v (Sum.inr i) ∈ IsLocalRing.maximalIdeal R ^ 2) :
  Ideal.span (Set.range fun i => (Ideal.Quotient.mk I) (v (Sum.inl i))) = IsLocalRing.maximalIdeal (R ⧸ I)
'LinearStudy.firstOrder_tangents_generate_quotient_maximalIdeal' depends on axioms: [propext,
 Classical.choice,
 Quot.sound]
LinearStudy.regular_koszul_first_relation.{u_1} {R : Type u_1} [CommRing R] {n : ℕ} (H : Fin n → R)
  (hreg : RingTheory.Sequence.IsRegular R (List.ofFn H)) (a : Fin n → R) (ha : ∑ i, a i * H i = 0) :
  ∃ z, (exteriorPower.oneEquiv R (Fin n → R)) ((koszulComplex.d (Fintype.linearCombination R H) 1) z) = a
'LinearStudy.regular_koszul_first_relation' depends on axioms: [propext, Classical.choice, Quot.sound]
LinearStudy.koszul_first_differential_wedge.{u_1} {R : Type u_1} [CommRing R] {n : ℕ} (H : Fin n → R)
  (v : Fin 2 → Fin n → R) :
  (exteriorPower.oneEquiv R (Fin n → R))
      ((koszulComplex.d (Fintype.linearCombination R H) 1) ((exteriorPower.ιMulti R 2) v)) =
    (Fintype.linearCombination R H) (v 0) • v 1 - (Fintype.linearCombination R H) (v 1) • v 0
'LinearStudy.koszul_first_differential_wedge' depends on axioms: [propext, Classical.choice, Quot.sound]
LinearStudy.koszul_first_differential_skew.{u_1} {R : Type u_1} [CommRing R] {n : ℕ} (H : Fin n → R)
  (z : ↥(⋀[R]^2 (Fin n → R))) :
  ∃ c,
    (∀ (i j : Fin n), c i j = -c j i) ∧
      (∀ (i : Fin n), c i i = 0) ∧
        ∀ (i : Fin n),
          (exteriorPower.oneEquiv R (Fin n → R)) ((koszulComplex.d (Fintype.linearCombination R H) 1) z) i =
            ∑ j, c i j * H j
'LinearStudy.koszul_first_differential_skew' depends on axioms: [propext, Classical.choice, Quot.sound]
LinearStudy.regular_first_syzygy_skew.{u_1} {R : Type u_1} [CommRing R] {n : ℕ} (H : Fin n → R)
  (hreg : RingTheory.Sequence.IsRegular R (List.ofFn H)) (a : Fin n → R) (ha : ∑ i, a i * H i = 0) :
  ∃ c, (∀ (i j : Fin n), c i j = -c j i) ∧ (∀ (i : Fin n), c i i = 0) ∧ ∀ (i : Fin n), a i = ∑ j, c i j * H j
'LinearStudy.regular_first_syzygy_skew' depends on axioms: [propext, Classical.choice, Quot.sound]
LinearStudy.homogeneous_first_syzygy_skew.{u_2, u_3} {n : ℕ} {K : Type u_2} {ι : Type u_3} [Field K]
  (H : Fin n → MvPolynomial ι K) (e : Fin n → ℕ) (hH : ∀ (i : Fin n), (H i).IsHomogeneous (e i))
  (hreg : RingTheory.Sequence.IsRegular (MvPolynomial ι K) (List.ofFn H)) (a : Fin n → MvPolynomial ι K) (N : ℕ)
  (hah : ∀ (i : Fin n), (a i).IsHomogeneous (N - e i)) (ha0 : ∀ (i : Fin n), ¬e i ≤ N → a i = 0)
  (ha : ∑ i, a i * H i = 0) :
  ∃ c,
    (∀ (i j : Fin n), c i j = -c j i) ∧
      (∀ (i : Fin n), c i i = 0) ∧
        (∀ (i j : Fin n), (c i j).IsHomogeneous (N - e i - e j) ∧ (¬e i + e j ≤ N → c i j = 0)) ∧
          ∀ (i : Fin n), a i = ∑ j, c i j * H j
'LinearStudy.homogeneous_first_syzygy_skew' depends on axioms: [propext, Classical.choice, Quot.sound]
LinearStudy.powerSeries_maximalIdeal_eq_constantCoeff_kernel.{u_1, u_2} {K : Type u_1} {σ : Type u_2} [Field K]
  [Fintype σ] [DecidableEq σ] [Nonempty σ] :
  IsLocalRing.maximalIdeal (MvPowerSeries σ K) = RingHom.ker MvPowerSeries.constantCoeff
'LinearStudy.powerSeries_maximalIdeal_eq_constantCoeff_kernel' depends on axioms: [propext,
 Classical.choice,
 Quot.sound]
LinearStudy.powerSeries_firstOrder_derivative_constantCoeff.{u_1, u_2} {K : Type u_1} {σ : Type u_2} [Field K]
  [Fintype σ] [DecidableEq σ] [Nonempty σ] (G v : MvPowerSeries σ K) (j : σ)
  (h : G - v ∈ IsLocalRing.maximalIdeal (MvPowerSeries σ K) ^ 2) :
  MvPowerSeries.constantCoeff ((MvPowerSeries.pderiv j) G) = MvPowerSeries.constantCoeff ((MvPowerSeries.pderiv j) v)
'LinearStudy.powerSeries_firstOrder_derivative_constantCoeff' depends on axioms: [propext, Classical.choice, Quot.sound]
LinearStudy.powerSeries_firstOrder_constantCoeff.{u_1, u_2} {K : Type u_1} {σ : Type u_2} [Field K] [Fintype σ]
  [DecidableEq σ] [Nonempty σ] (G v : MvPowerSeries σ K)
  (h : G - v ∈ IsLocalRing.maximalIdeal (MvPowerSeries σ K) ^ 2) :
  MvPowerSeries.constantCoeff G = MvPowerSeries.constantCoeff v
'LinearStudy.powerSeries_firstOrder_constantCoeff' depends on axioms: [propext, Classical.choice, Quot.sound]
LinearStudy.powerSeries_substitution_maps_square.{u_1, u_2, u_3} {K : Type u_1} {σ : Type u_2} {τ : Type u_3} [Field K]
  [Fintype σ] [DecidableEq σ] [Nonempty σ] (v : σ → MvPowerSeries τ K)
  (hv : ∀ (i : σ), MvPowerSeries.constantCoeff (v i) = 0) (F : MvPowerSeries σ K)
  (hF : F ∈ IsLocalRing.maximalIdeal (MvPowerSeries σ K) ^ 2) :
  (MvPowerSeries.substAlgHom ⋯) F ∈ Ideal.span (Set.range v) ^ 2
'LinearStudy.powerSeries_substitution_maps_square' depends on axioms: [propext, Classical.choice, Quot.sound]
LinearStudy.powerSeries_substitution_firstOrder.{u_1, u_2, u_3} {K : Type u_1} {σ : Type u_2} {τ : Type u_3} [Field K]
  [Fintype σ] [DecidableEq σ] [Nonempty σ] (v : σ → MvPowerSeries τ K)
  (hv : ∀ (i : σ), MvPowerSeries.constantCoeff (v i) = 0) (F : MvPowerSeries σ K) (j : σ)
  (hF : F - MvPowerSeries.X j ∈ IsLocalRing.maximalIdeal (MvPowerSeries σ K) ^ 2) :
  (MvPowerSeries.substAlgHom ⋯) F - v j ∈ Ideal.span (Set.range v) ^ 2
'LinearStudy.powerSeries_substitution_firstOrder' depends on axioms: [propext, Classical.choice, Quot.sound]
LinearStudy.normal_firstOrder_jacobian_identity.{u_1, u_4, u_5} {K : Type u_1} [Field K] {α : Type u_4} {β : Type u_5}
  [Fintype α] [Fintype β] [DecidableEq α] [DecidableEq β] [Nonempty β] (G : β → MvPowerSeries (α ⊕ β) K)
  (hG : ∀ (j : β), G j - MvPowerSeries.X (Sum.inr j) ∈ IsLocalRing.maximalIdeal (MvPowerSeries (α ⊕ β) K) ^ 2) :
  (fun i j => MvPowerSeries.constantCoeff ((MvPowerSeries.pderiv (Sum.inr j)) (G i))) = 1
'LinearStudy.normal_firstOrder_jacobian_identity' depends on axioms: [propext, Classical.choice, Quot.sound]
LinearStudy.normal_firstOrder_formal_coordinate_exists.{u_1, u_4, u_5} {K : Type u_1} [Field K] {α : Type u_4}
  {β : Type u_5} [Fintype α] [Fintype β] [DecidableEq α] [DecidableEq β] [Nonempty β] (G : β → MvPowerSeries (α ⊕ β) K)
  (hG : ∀ (j : β), G j - MvPowerSeries.X (Sum.inr j) ∈ IsLocalRing.maximalIdeal (MvPowerSeries (α ⊕ β) K) ^ 2) :
  ∃ E,
    (∀ (b : MvPowerSeries α K), E ((MvPowerSeries.rename Sum.inl) b) = (MvPowerSeries.rename Sum.inl) b) ∧
      ∀ (j : β), E (MvPowerSeries.X (Sum.inr j)) = G j
'LinearStudy.normal_firstOrder_formal_coordinate_exists' depends on axioms: [propext, Classical.choice, Quot.sound]
LinearStudy.span_unit_inv_scaled_family.{u_4, u_5} {R : Type u_4} {η : Type u_5} [CommRing R] (p : η → R) (u : Rˣ) :
  Ideal.span (Set.range fun i => ↑u⁻¹ * p i) = Ideal.span (Set.range p)
'LinearStudy.span_unit_inv_scaled_family' depends on axioms: [propext, Quot.sound]
LinearStudy.formal_pullback_firstOrder_unit_division.{u_1, u_2, u_3} {K : Type u_1} {σ : Type u_2} {τ : Type u_3}
  [Field K] [Fintype σ] [DecidableEq σ] [Nonempty σ] (p : σ → MvPowerSeries τ K)
  (h0 : ∀ (i : σ), MvPowerSeries.constantCoeff (p i) = 0) (u : (MvPowerSeries τ K)ˣ) (F : MvPowerSeries σ K) (j : σ)
  (hF : F - MvPowerSeries.X j ∈ IsLocalRing.maximalIdeal (MvPowerSeries σ K) ^ 2) :
  let v := fun i => ↑u⁻¹ * p i;
  have hv := ⋯;
  (MvPowerSeries.substAlgHom ⋯) F - ↑u⁻¹ * p j ∈ Ideal.span (Set.range p) ^ 2
'LinearStudy.formal_pullback_firstOrder_unit_division' depends on axioms: [propext, Classical.choice, Quot.sound]
LinearStudy.formal_pullback_jacobian_unit_factor.{u_1, u_2, u_3, u_4} {K : Type u_1} {σ : Type u_2} {τ : Type u_3}
  [Field K] [Fintype σ] [DecidableEq σ] [Nonempty σ] {β : Type u_4} [Fintype β] [DecidableEq β]
  (p : σ → MvPowerSeries τ K) (h0 : ∀ (i : σ), MvPowerSeries.constantCoeff (p i) = 0) (u : (MvPowerSeries τ K)ˣ)
  (G : β → MvPowerSeries σ K) (targetNormal : β → σ) (sourceNormal : β → τ)
  (hG : ∀ (i : β), G i - MvPowerSeries.X (targetNormal i) ∈ IsLocalRing.maximalIdeal (MvPowerSeries σ K) ^ 2) :
  have I := Ideal.span (Set.range p);
  let v := fun i => ↑u⁻¹ * p i;
  have hv := ⋯;
  have H := fun i => (MvPowerSeries.substAlgHom ⋯) (G i);
  (Ideal.Quotient.mk I) (Matrix.det fun i j => (MvPowerSeries.pderiv (sourceNormal j)) (H i)) =
    (Ideal.Quotient.mk I) ↑u⁻¹ ^ Fintype.card β *
      (Ideal.Quotient.mk I) (Matrix.det fun i j => (MvPowerSeries.pderiv (sourceNormal j)) (p (targetNormal i)))
'LinearStudy.formal_pullback_jacobian_unit_factor' depends on axioms: [propext, Classical.choice, Quot.sound]
LinearStudy.projective_invariant_formal_radical {n r c : ℕ} (f : LinearStudy.HomogeneousEndomorphism n)
  (V : LinearStudy.IntegralProjectiveEquations n) (hf : 1 < f.degree) (hV : f.onPoints ⁻¹' V.zeroSet = V.zeroSet)
  (ψ : LinearStudy.CoordinateRing n →+* LinearStudy.AmbientRing r c) (hc : 0 < c)
  (H : Fin c → LinearStudy.AmbientRing r c)
  (hcoord : Ideal.map ψ V.ideal.toIdeal = Ideal.span (Set.range MvPowerSeries.X))
  (hH : Ideal.map ψ (Ideal.map (MvPolynomial.aeval f.forms).toRingHom V.ideal.toIdeal) = LinearStudy.equationIdeal H) :
  (LinearStudy.equationIdeal H).radical = Ideal.span (Set.range MvPowerSeries.X)
'LinearStudy.projective_invariant_formal_radical' depends on axioms: [propext, Classical.choice, Quot.sound]
LinearStudy.projective_invariant_formal_structure {n r c : ℕ} (f : LinearStudy.HomogeneousEndomorphism n)
  (V : LinearStudy.IntegralProjectiveEquations n) (hf : 1 < f.degree) (hV : f.onPoints ⁻¹' V.zeroSet = V.zeroSet)
  (ψ : LinearStudy.CoordinateRing n →+* LinearStudy.AmbientRing r c) (hr : 0 < r) (hc : 0 < c)
  (H : Fin c → LinearStudy.AmbientRing r c)
  (hcoord : Ideal.map ψ V.ideal.toIdeal = Ideal.span (Set.range MvPowerSeries.X))
  (hH : Ideal.map ψ (Ideal.map (MvPolynomial.aeval f.forms).toRingHom V.ideal.toIdeal) = LinearStudy.equationIdeal H) :
  RingTheory.Sequence.IsRegular (LinearStudy.AmbientRing r c) (List.ofFn H) ∧
    Module.Finite (LinearStudy.ParameterRing r) (LinearStudy.CompleteIntersection H) ∧
      Module.Free (LinearStudy.ParameterRing r) (LinearStudy.CompleteIntersection H)
'LinearStudy.projective_invariant_formal_structure' depends on axioms: [propext, Classical.choice, Quot.sound]
LinearStudy.projective_invariant_formal_parameter_jacobian_socle {n r c : ℕ} (f : LinearStudy.HomogeneousEndomorphism n)
  (V : LinearStudy.IntegralProjectiveEquations n) (hf : 1 < f.degree) (hV : f.onPoints ⁻¹' V.zeroSet = V.zeroSet)
  (ψ : LinearStudy.CoordinateRing n →+* LinearStudy.AmbientRing r c) (hr : 0 < r) (hc : 0 < c)
  (H : Fin c → LinearStudy.AmbientRing r c)
  (hcoord : Ideal.map ψ V.ideal.toIdeal = Ideal.span (Set.range MvPowerSeries.X))
  (hH : Ideal.map ψ (Ideal.map (MvPolynomial.aeval f.forms).toRingHom V.ideal.toIdeal) = LinearStudy.equationIdeal H)
  (τ : Fin r → LinearStudy.AmbientRing r c)
  (hτ :
    Ideal.span (Set.range fun i => MvPowerSeries.constantCoeff (τ i)) =
      IsLocalRing.maximalIdeal (LinearStudy.ParameterRing r)) :
  have J := Ideal.span (Set.range fun i => (Ideal.Quotient.mk (LinearStudy.equationIdeal H)) (τ i));
  let Q := LinearStudy.CompleteIntersection H ⧸ J;
  have m := Ideal.map (Ideal.Quotient.mk J) (nilradical (LinearStudy.CompleteIntersection H));
  IsArtinianRing Q ∧
    m.IsMaximal ∧
      Submodule.annihilator m = Ideal.span {(Ideal.Quotient.mk J) (LinearStudy.relativeJacobian H)} ∧
        (Ideal.Quotient.mk J) (LinearStudy.relativeJacobian H) ≠ 0
'LinearStudy.projective_invariant_formal_parameter_jacobian_socle' depends on axioms: [propext,
 Classical.choice,
 Quot.sound]
LinearStudy.powerSeries_coefficient_matrix_linearPart.{u_1, u_2} {K : Type u_1} {ι : Type u_2} [Field K] [Fintype ι]
  [DecidableEq ι] (T : ι → MvPowerSeries ι K) (M : Matrix ι ι (MvPowerSeries ι K)) (hM : M.mulVec MvPowerSeries.X = T) :
  (fun i j => MvPowerSeries.constantCoeff (M i j)) = fun i j =>
    MvPowerSeries.constantCoeff ((MvPowerSeries.pderiv j) (T i))
'LinearStudy.powerSeries_coefficient_matrix_linearPart' depends on axioms: [propext, Classical.choice, Quot.sound]
LinearStudy.powerSeries_parameter_span_of_jacobian_unit.{u_1, u_2} {K : Type u_1} {ι : Type u_2} [Field K] [Fintype ι]
  [DecidableEq ι] [Nonempty ι] (T : ι → MvPowerSeries ι K) (h0 : ∀ (i : ι), MvPowerSeries.constantCoeff (T i) = 0)
  (hJ : IsUnit (Matrix.det fun i j => MvPowerSeries.constantCoeff ((MvPowerSeries.pderiv j) (T i)))) :
  Ideal.span (Set.range T) = IsLocalRing.maximalIdeal (MvPowerSeries ι K)
'LinearStudy.powerSeries_parameter_span_of_jacobian_unit' depends on axioms: [propext, Classical.choice, Quot.sound]
LinearStudy.formalCoordinateEquivOfJacobianUnit.{u_1, u_2} {K : Type u_1} {ι : Type u_2} [Field K] [Fintype ι]
  [DecidableEq ι] [Nonempty ι] (T : ι → MvPowerSeries ι K) (h0 : ∀ (i : ι), MvPowerSeries.constantCoeff (T i) = 0)
  (hJ : IsUnit (Matrix.det fun i j => MvPowerSeries.constantCoeff ((MvPowerSeries.pderiv j) (T i)))) :
  MvPowerSeries ι K ≃ₐ[K] MvPowerSeries ι K
'LinearStudy.formalCoordinateEquivOfJacobianUnit' depends on axioms: [propext, Classical.choice, Quot.sound]
LinearStudy.formalCoordinateEquivOfJacobianUnit_X.{u_1, u_2} {K : Type u_1} {ι : Type u_2} [Field K] [Fintype ι]
  [DecidableEq ι] [Nonempty ι] (T : ι → MvPowerSeries ι K) (h0 : ∀ (i : ι), MvPowerSeries.constantCoeff (T i) = 0)
  (hJ : IsUnit (Matrix.det fun i j => MvPowerSeries.constantCoeff ((MvPowerSeries.pderiv j) (T i)))) (i : ι) :
  (LinearStudy.formalCoordinateEquivOfJacobianUnit T h0 hJ) (MvPowerSeries.X i) = T i
'LinearStudy.formalCoordinateEquivOfJacobianUnit_X' depends on axioms: [propext, Classical.choice, Quot.sound]
LinearStudy.equationParameterQuotientEquiv.{u_1, u_2} {R : Type u_1} {ι : Type u_2} [CommRing R] (I : Ideal R)
  (τ : ι → R) :
  (R ⧸ I) ⧸ Ideal.span (Set.range fun i => (Ideal.Quotient.mk I) (τ i)) ≃+* R ⧸ I ⊔ Ideal.span (Set.range τ)
'LinearStudy.equationParameterQuotientEquiv' depends on axioms: [propext, Classical.choice, Quot.sound]
LinearStudy.equationParameterQuotientEquiv_mk.{u_1, u_2} {R : Type u_1} {ι : Type u_2} [CommRing R] (I : Ideal R)
  (τ : ι → R) (a : R) :
  (LinearStudy.equationParameterQuotientEquiv I τ)
      ((Ideal.Quotient.mk (Ideal.span (Set.range fun i => (Ideal.Quotient.mk I) (τ i)))) ((Ideal.Quotient.mk I) a)) =
    (Ideal.Quotient.mk (I ⊔ Ideal.span (Set.range τ))) a
'LinearStudy.equationParameterQuotientEquiv_mk' depends on axioms: [propext, Classical.choice, Quot.sound]
LinearStudy.parameterFiberSocle.{u_1, u_2} {R : Type u_1} {ι : Type u_2} [CommRing R] (I : Ideal R) (τ : ι → R)
  (δ : R) : Prop
'LinearStudy.parameterFiberSocle' depends on axioms: [propext, Classical.choice, Quot.sound]
LinearStudy.parameterFiberSocle_of_doubleQuotient.{u_1, u_2} {R : Type u_1} {ι : Type u_2} [CommRing R] (I : Ideal R)
  (τ : ι → R) (δ : R) (hArt : IsArtinianRing ((R ⧸ I) ⧸ Ideal.span (Set.range fun i => (Ideal.Quotient.mk I) (τ i))))
  (hgen :
    Submodule.annihilator (nilradical ((R ⧸ I) ⧸ Ideal.span (Set.range fun i => (Ideal.Quotient.mk I) (τ i)))) =
      Ideal.span
        {(Ideal.Quotient.mk (Ideal.span (Set.range fun i => (Ideal.Quotient.mk I) (τ i)))) ((Ideal.Quotient.mk I) δ)})
  (hne :
    (Ideal.Quotient.mk (Ideal.span (Set.range fun i => (Ideal.Quotient.mk I) (τ i)))) ((Ideal.Quotient.mk I) δ) ≠ 0) :
  LinearStudy.parameterFiberSocle I τ δ
'LinearStudy.parameterFiberSocle_of_doubleQuotient' depends on axioms: [propext, Classical.choice, Quot.sound]
LinearStudy.formal_parameter_fiber_jacobian_socle {r c : ℕ} (H : Fin c → LinearStudy.AmbientRing r c) (hr : 0 < r)
  (hc : 0 < c) (hrad : (LinearStudy.equationIdeal H).radical = Ideal.span (Set.range MvPowerSeries.X))
  (τ : Fin r → LinearStudy.AmbientRing r c)
  (hτ :
    Ideal.span (Set.range fun i => MvPowerSeries.constantCoeff (τ i)) =
      IsLocalRing.maximalIdeal (LinearStudy.ParameterRing r)) :
  LinearStudy.parameterFiberSocle (LinearStudy.equationIdeal H) τ (Matrix.det fun i j => (MvPowerSeries.pderiv j) (H i))
'LinearStudy.formal_parameter_fiber_jacobian_socle' depends on axioms: [propext, Classical.choice, Quot.sound]
LinearStudy.formal_target_parameter_span.{u_1} {K : Type u_1} [Field K] {r c : ℕ} [Nonempty (Fin c)]
  (H : Fin c → MvPowerSeries (Fin r ⊕ Fin c) K)
  (hH :
    ∀ (i : Fin c), H i - MvPowerSeries.X (Sum.inr i) ∈ IsLocalRing.maximalIdeal (MvPowerSeries (Fin r ⊕ Fin c) K) ^ 2) :
  Ideal.span (Set.range (LinearStudy.smoothCoordinateImages H)) =
    IsLocalRing.maximalIdeal (MvPowerSeries (Fin r ⊕ Fin c) K)
'LinearStudy.formal_target_parameter_span' depends on axioms: [propext, Classical.choice, Quot.sound]
LinearStudy.formal_pullback_full_fiber_ideal.{u_1} {K : Type u_1} [Field K] {r c : ℕ} [Nonempty (Fin c)]
  (v : Fin r ⊕ Fin c → MvPowerSeries (Fin r ⊕ Fin c) K)
  (hv : ∀ (i : Fin r ⊕ Fin c), MvPowerSeries.constantCoeff (v i) = 0) (H : Fin c → MvPowerSeries (Fin r ⊕ Fin c) K)
  (hH :
    ∀ (i : Fin c), H i - MvPowerSeries.X (Sum.inr i) ∈ IsLocalRing.maximalIdeal (MvPowerSeries (Fin r ⊕ Fin c) K) ^ 2) :
  Ideal.span (Set.range fun i => v (Sum.inl i)) ⊔ Ideal.span (Set.range fun i => (MvPowerSeries.substAlgHom ⋯) (H i)) =
    Ideal.span (Set.range v)
'LinearStudy.formal_pullback_full_fiber_ideal' depends on axioms: [propext, Classical.choice, Quot.sound]
LinearStudy.formal_unit_divided_fiber_ideal.{u_1} {K : Type u_1} [Field K] {r c : ℕ} [Nonempty (Fin c)]
  (p : Fin r ⊕ Fin c → MvPowerSeries (Fin r ⊕ Fin c) K)
  (hp : ∀ (i : Fin r ⊕ Fin c), MvPowerSeries.constantCoeff (p i) = 0) (u : (MvPowerSeries (Fin r ⊕ Fin c) K)ˣ)
  (H : Fin c → MvPowerSeries (Fin r ⊕ Fin c) K)
  (hH :
    ∀ (i : Fin c), H i - MvPowerSeries.X (Sum.inr i) ∈ IsLocalRing.maximalIdeal (MvPowerSeries (Fin r ⊕ Fin c) K) ^ 2) :
  let v := fun i => ↑u⁻¹ * p i;
  have hv := ⋯;
  Ideal.span (Set.range fun i => v (Sum.inl i)) ⊔ Ideal.span (Set.range fun i => (MvPowerSeries.substAlgHom ⋯) (H i)) =
    Ideal.span (Set.range p)
'LinearStudy.formal_unit_divided_fiber_ideal' depends on axioms: [propext, Classical.choice, Quot.sound]
LinearStudy.formal_unit_divided_transformed_firstOrder.{u_1, u_2} {K : Type u_1} [Field K] {r c : ℕ} [Nonempty (Fin c)]
  {S : Type u_2} [CommRing S] (p : Fin r ⊕ Fin c → MvPowerSeries (Fin r ⊕ Fin c) K)
  (hp : ∀ (i : Fin r ⊕ Fin c), MvPowerSeries.constantCoeff (p i) = 0) (u : (MvPowerSeries (Fin r ⊕ Fin c) K)ˣ)
  (H : Fin c → MvPowerSeries (Fin r ⊕ Fin c) K)
  (hH :
    ∀ (i : Fin c), H i - MvPowerSeries.X (Sum.inr i) ∈ IsLocalRing.maximalIdeal (MvPowerSeries (Fin r ⊕ Fin c) K) ^ 2)
  (E : MvPowerSeries (Fin r ⊕ Fin c) K →+* S) :
  let v := fun i => ↑u⁻¹ * p i;
  have hv := ⋯;
  ∀ (i : Fin c),
    E ((MvPowerSeries.substAlgHom ⋯) (H i)) - E ↑u⁻¹ * E (p (Sum.inr i)) ∈ Ideal.span (Set.range fun j => E (p j)) ^ 2
'LinearStudy.formal_unit_divided_transformed_firstOrder' depends on axioms: [propext, Classical.choice, Quot.sound]
LinearStudy.general_local_pullback_ideal_le.{u_1, u_2} {R : Type u_1} {A : Type u_2} [CommRing R] [CommRing A]
  (I : Ideal R) (J P : Ideal A) (Q : Ideal R) [P.IsPrime] [Q.IsPrime] (φ : R →+* A) (hQP : Q = Ideal.comap φ P)
  (hφ : Ideal.map φ I ≤ J) :
  Ideal.map (algebraMap R (Localization.AtPrime Q)) I ≤
    Ideal.comap (Localization.localRingHom Q P φ hQP) (Ideal.map (algebraMap A (Localization.AtPrime P)) J)
'LinearStudy.general_local_pullback_ideal_le' depends on axioms: [propext, Classical.choice, Quot.sound]
LinearStudy.generalPointLocalQuotientPullback.{u_1, u_2} {R : Type u_1} {A : Type u_2} [CommRing R] [CommRing A]
  (I : Ideal R) (J P : Ideal A) (Q : Ideal R) [P.IsPrime] [Q.IsPrime] (φ : R →+* A) (hQP : Q = Ideal.comap φ P)
  (hφ : Ideal.map φ I ≤ J) :
  Localization.AtPrime Q ⧸ Ideal.map (algebraMap R (Localization.AtPrime Q)) I →+*
    Localization.AtPrime P ⧸ Ideal.map (algebraMap A (Localization.AtPrime P)) J
'LinearStudy.generalPointLocalQuotientPullback' depends on axioms: [propext, Classical.choice, Quot.sound]
LinearStudy.generalPointLocalQuotientPullback_mk.{u_1, u_2} {R : Type u_1} {A : Type u_2} [CommRing R] [CommRing A]
  (I : Ideal R) (J P : Ideal A) (Q : Ideal R) [P.IsPrime] [Q.IsPrime] (φ : R →+* A) (hQP : Q = Ideal.comap φ P)
  (hφ : Ideal.map φ I ≤ J) (a : R) :
  (LinearStudy.generalPointLocalQuotientPullback I J P Q φ hQP hφ)
      ((Ideal.Quotient.mk (Ideal.map (algebraMap R (Localization.AtPrime Q)) I))
        ((algebraMap R (Localization.AtPrime Q)) a)) =
    (Ideal.Quotient.mk (Ideal.map (algebraMap A (Localization.AtPrime P)) J))
      ((algebraMap A (Localization.AtPrime P)) (φ a))
'LinearStudy.generalPointLocalQuotientPullback_mk' depends on axioms: [propext, Classical.choice, Quot.sound]
LinearStudy.generalPointLocalQuotientPullback_isLocalHom.{u_1, u_2} {R : Type u_1} {A : Type u_2} [CommRing R]
  [CommRing A] (I : Ideal R) (J P : Ideal A) (Q : Ideal R) [P.IsPrime] [Q.IsPrime]
  [Nontrivial (Localization.AtPrime P ⧸ Ideal.map (algebraMap A (Localization.AtPrime P)) J)] (φ : R →+* A)
  (hQP : Q = Ideal.comap φ P) (hφ : Ideal.map φ I ≤ J) :
  IsLocalHom (LinearStudy.generalPointLocalQuotientPullback I J P Q φ hQP hφ)
'LinearStudy.generalPointLocalQuotientPullback_isLocalHom' depends on axioms: [propext, Classical.choice, Quot.sound]
LinearStudy.general_point_local_unramified_parameters_generate.{u_1, u_2, u_3} {R : Type u_1} {A : Type u_2}
  {ι : Type u_3} [CommRing R] [CommRing A] (I : Ideal R) (J P : Ideal A) (Q : Ideal R) [P.IsPrime] [Q.IsPrime]
  [IsLocalRing (Localization.AtPrime P ⧸ Ideal.map (algebraMap A (Localization.AtPrime P)) J)] (φ : R →+* A)
  (hQP : Q = Ideal.comap φ P) (hφ : Ideal.map φ I ≤ J)
  (hfinite :
    Algebra.EssFiniteType (Localization.AtPrime Q ⧸ Ideal.map (algebraMap R (Localization.AtPrime Q)) I)
      (Localization.AtPrime P ⧸ Ideal.map (algebraMap A (Localization.AtPrime P)) J))
  (hunram :
    Algebra.FormallyUnramified (Localization.AtPrime Q ⧸ Ideal.map (algebraMap R (Localization.AtPrime Q)) I)
      (Localization.AtPrime P ⧸ Ideal.map (algebraMap A (Localization.AtPrime P)) J))
  (t : ι → Localization.AtPrime Q ⧸ Ideal.map (algebraMap R (Localization.AtPrime Q)) I)
  (ht :
    Ideal.span (Set.range t) =
      Ideal.map (Ideal.Quotient.mk (Ideal.map (algebraMap R (Localization.AtPrime Q)) I))
        (Ideal.map (algebraMap R (Localization.AtPrime Q)) Q)) :
  Ideal.span (Set.range fun i => (LinearStudy.generalPointLocalQuotientPullback I J P Q φ hQP hφ) (t i)) =
    IsLocalRing.maximalIdeal (Localization.AtPrime P ⧸ Ideal.map (algebraMap A (Localization.AtPrime P)) J)
'LinearStudy.general_point_local_unramified_parameters_generate' depends on axioms: [propext,
 Classical.choice,
 Quot.sound]
LinearStudy.flat_genericFiber_injective.{u_1, u_2, u_3} {B : Type u_1} {A : Type u_2} {C : Type u_3} [CommRing B]
  [CommRing A] [CommRing C] [Algebra B A] [Algebra B C] [Module.Flat B A] (f : A →ₐ[B] C)
  [IsLocalizedModule (nonZeroDivisors B) f.toLinearMap] : Function.Injective ⇑f
'LinearStudy.flat_genericFiber_injective' depends on axioms: [propext, Classical.choice, Quot.sound]
LinearStudy.flat_genericFiber_descend_annihilation.{u_1, u_2, u_3} {B : Type u_1} {A : Type u_2} {C : Type u_3}
  [CommRing B] [CommRing A] [CommRing C] [Algebra B A] [Algebra B C] [Module.Flat B A] (f : A →ₐ[B] C)
  [IsLocalizedModule (nonZeroDivisors B) f.toLinearMap] (N : Ideal A) (delta : A)
  (hgeneric : LinearStudy.Annihilates (Ideal.map f.toRingHom N) (f delta)) : LinearStudy.Annihilates N delta
'LinearStudy.flat_genericFiber_descend_annihilation' depends on axioms: [propext, Classical.choice, Quot.sound]
LinearStudy.domain_exists_nonzero_smooth_basic_open.{u_1, u_2} {K : Type u_1} {A : Type u_2} [Field K] [PerfectField K]
  [CommRing A] [IsDomain A] [Algebra K A] [Algebra.FinitePresentation K A] :
  ∃ a, a ≠ 0 ∧ Algebra.Smooth K (Localization.Away a)
'LinearStudy.domain_exists_nonzero_smooth_basic_open' depends on axioms: [propext, Classical.choice, Quot.sound]
LinearStudy.diagonal_coefficient_notMem_kernel.{u_1, u_2} {K : Type u_1} {A : Type u_2} [Field K] [CommRing A]
  [Algebra K A] [Module.Finite K A] (q : A →ₐ[K] K) (p : LinearStudy.PerfectMultiplicationPairing)
  (d : TensorProduct K A A) (hd : LinearStudy.Annihilates (KaehlerDifferential.ideal K A) d)
  (hred : (LinearStudy.pairingRightReduction q) d ≠ 0) :
  ((LinearStudy.pairingTensorEndEquiv p) d) 1 ∉ RingHom.ker q.toRingHom
'LinearStudy.diagonal_coefficient_notMem_kernel' depends on axioms: [propext, Classical.choice, Quot.sound]
LinearStudy.global_diagonal_coefficient_isUnit.{u_1, u_2} {K : Type u_1} {A : Type u_2} [Field K] [CommRing A]
  [Algebra K A] [Module.Finite K A] (q : MaximalSpectrum A → A →ₐ[K] K)
  (hq : ∀ (j : MaximalSpectrum A), RingHom.ker (q j).toRingHom = j.asIdeal)
  (p : LinearStudy.PerfectMultiplicationPairing) (d : TensorProduct K A A)
  (hd : LinearStudy.Annihilates (KaehlerDifferential.ideal K A) d)
  (hred : ∀ (j : MaximalSpectrum A), (LinearStudy.pairingRightReduction (q j)) d ≠ 0) :
  IsUnit (((LinearStudy.pairingTensorEndEquiv p) d) 1)
'LinearStudy.global_diagonal_coefficient_isUnit' depends on axioms: [propext, Classical.choice, Quot.sound]
LinearStudy.global_diagonal_unique_functional.{u_1, u_2} {K : Type u_1} {A : Type u_2} [Field K] [CommRing A]
  [Algebra K A] [Module.Finite K A] (q : MaximalSpectrum A → A →ₐ[K] K)
  (hq : ∀ (j : MaximalSpectrum A), RingHom.ker (q j).toRingHom = j.asIdeal)
  (p : LinearStudy.PerfectMultiplicationPairing) (d : TensorProduct K A A)
  (hd : LinearStudy.Annihilates (KaehlerDifferential.ideal K A) d)
  (hred : ∀ (j : MaximalSpectrum A), (LinearStudy.pairingRightReduction (q j)) d ≠ 0) :
  ∃! ell, (LinearStudy.tensorFunctionalContraction ell) d = 1
'LinearStudy.global_diagonal_unique_functional' depends on axioms: [propext, Classical.choice, Quot.sound]
LinearStudy.global_diagonal_normalized_trace.{u_1, u_2} {K : Type u_1} {A : Type u_2} [Field K] [CommRing A]
  [Algebra K A] [Module.Finite K A] (q : MaximalSpectrum A → A →ₐ[K] K)
  (hq : ∀ (j : MaximalSpectrum A), RingHom.ker (q j).toRingHom = j.asIdeal)
  (p : LinearStudy.PerfectMultiplicationPairing) (d : TensorProduct K A A)
  (hd : LinearStudy.Annihilates (KaehlerDifferential.ideal K A) d)
  (hred : ∀ (j : MaximalSpectrum A), (LinearStudy.pairingRightReduction (q j)) d ≠ 0) :
  ∃ p',
    LinearStudy.pairingDiagonal p' = d ∧
      ∀ (a : A), p'.functional (a * (Algebra.TensorProduct.lmul' K) d) = (Algebra.trace K A) a
'LinearStudy.global_diagonal_normalized_trace' depends on axioms: [propext, Classical.choice, Quot.sound]
LinearStudy.ideal_smul_top_self.{u_3} {A : Type u_3} [CommRing A] (J : Ideal A) : J • ⊤ = J
'LinearStudy.ideal_smul_top_self' depends on axioms: [propext, Classical.choice, Quot.sound]
LinearStudy.homogeneous_ideal_saturated_at_origin.{u_1, u_2} {K : Type u_1} {ι : Type u_2} [Field K]
  (I : Ideal (MvPolynomial ι K)) (hI : Ideal.IsHomogeneous (MvPolynomial.homogeneousSubmodule ι K) I)
  (s p : MvPolynomial ι K) (hs : s.coeff 0 ≠ 0) (hp : s * p ∈ I) : p ∈ I
'LinearStudy.homogeneous_ideal_saturated_at_origin' depends on axioms: [propext, Classical.choice, Quot.sound]
LinearStudy.homogeneous_ideal_origin_localization_comap.{u_1, u_2} {K : Type u_1} {ι : Type u_2} [Field K]
  (I : Ideal (MvPolynomial ι K)) (hI : Ideal.IsHomogeneous (MvPolynomial.homogeneousSubmodule ι K) I) :
  let m := RingHom.ker (MvPolynomial.aeval 0).toRingHom;
  Ideal.comap (algebraMap (MvPolynomial ι K) (Localization.AtPrime m))
      (Ideal.map (algebraMap (MvPolynomial ι K) (Localization.AtPrime m)) I) =
    I
'LinearStudy.homogeneous_ideal_origin_localization_comap' depends on axioms: [propext, Classical.choice, Quot.sound]
LinearStudy.homogeneous_weaklyRegular_of_origin_localization.{u_1, u_2} {K : Type u_1} {ι : Type u_2} [Field K]
  (rs : List (MvPolynomial ι K)) (hh : ∀ p ∈ rs, ∃ d, p.IsHomogeneous d)
  (hr :
    let m := RingHom.ker (MvPolynomial.aeval 0).toRingHom;
    RingTheory.Sequence.IsWeaklyRegular (Localization.AtPrime m)
      (List.map (⇑(algebraMap (MvPolynomial ι K) (Localization.AtPrime m))) rs)) :
  RingTheory.Sequence.IsWeaklyRegular (MvPolynomial ι K) rs
'LinearStudy.homogeneous_weaklyRegular_of_origin_localization' depends on axioms: [propext,
 Classical.choice,
 Quot.sound]
LinearStudy.homogeneousQuotientComponent.{u_1, u_2} {K : Type u_1} {ι : Type u_2} [Field K]
  (I : Ideal (MvPolynomial ι K)) (hI : Ideal.IsHomogeneous (MvPolynomial.homogeneousSubmodule ι K) I) (n : ℕ) :
  MvPolynomial ι K ⧸ I →ₗ[K] MvPolynomial ι K ⧸ I
'LinearStudy.homogeneousQuotientComponent' depends on axioms: [propext, Classical.choice, Quot.sound]
LinearStudy.homogeneousQuotientComponent_mk.{u_1, u_2} {K : Type u_1} {ι : Type u_2} [Field K]
  (I : Ideal (MvPolynomial ι K)) (hI : Ideal.IsHomogeneous (MvPolynomial.homogeneousSubmodule ι K) I) (n : ℕ)
  (p : MvPolynomial ι K) :
  (LinearStudy.homogeneousQuotientComponent I hI n) ((Ideal.Quotient.mk I) p) =
    (Ideal.Quotient.mk I) ((MvPolynomial.homogeneousComponent n) p)
'LinearStudy.homogeneousQuotientComponent_mk' depends on axioms: [propext, Classical.choice, Quot.sound]
LinearStudy.homogeneousQuotientComponent_of_low_degree.{u_1, u_2} {K : Type u_1} {ι : Type u_2} [Field K]
  (I : Ideal (MvPolynomial ι K)) (hI : Ideal.IsHomogeneous (MvPolynomial.homogeneousSubmodule ι K) I) (n : ℕ)
  (p : MvPolynomial ι K) (hp : p.totalDegree < n) :
  (LinearStudy.homogeneousQuotientComponent I hI n) ((Ideal.Quotient.mk I) p) = 0
'LinearStudy.homogeneousQuotientComponent_of_low_degree' depends on axioms: [propext, Classical.choice, Quot.sound]
LinearStudy.homogeneousQuotientComponent_of_homogeneous.{u_1, u_2} {K : Type u_1} {ι : Type u_2} [Field K]
  (I : Ideal (MvPolynomial ι K)) (hI : Ideal.IsHomogeneous (MvPolynomial.homogeneousSubmodule ι K) I) (n : ℕ)
  (p : MvPolynomial ι K) (hp : p.IsHomogeneous n) :
  (LinearStudy.homogeneousQuotientComponent I hI n) ((Ideal.Quotient.mk I) p) = (Ideal.Quotient.mk I) p
'LinearStudy.homogeneousQuotientComponent_of_homogeneous' depends on axioms: [propext, Classical.choice, Quot.sound]
LinearStudy.polynomial_equation_ideal_homogeneous.{u_1, u_2, u_3} {K : Type u_1} {ι : Type u_2} [Field K] {κ : Type u_3}
  (P : κ → MvPolynomial ι K) (d : κ → ℕ) (hP : ∀ (i : κ), (P i).IsHomogeneous (d i)) :
  Ideal.IsHomogeneous (MvPolynomial.homogeneousSubmodule ι K) (Ideal.span (Set.range P))
'LinearStudy.polynomial_equation_ideal_homogeneous' depends on axioms: [propext, Classical.choice, Quot.sound]
LinearStudy.homogeneous_polynomial_matrix_det.{u_1, u_2, u_3} {K : Type u_1} {ι : Type u_2} [Field K] [Fintype ι]
  [DecidableEq ι] {σ : Type u_3} (M : Matrix ι ι (MvPolynomial σ K)) (d : ι → ℕ)
  (hM : ∀ (i j : ι), (M i j).IsHomogeneous (d i)) : M.det.IsHomogeneous (∑ i, d i)
'LinearStudy.homogeneous_polynomial_matrix_det' depends on axioms: [propext, Classical.choice, Quot.sound]
LinearStudy.homogeneous_euler_coefficient_matrix.{u_1, u_2} {K : Type u_1} {ι : Type u_2} [Field K] [Fintype ι]
  [DecidableEq ι] [CharZero K] (P : ι → MvPolynomial ι K) (d : ι → ℕ) (hP : ∀ (i : ι), (P i).IsHomogeneous (d i))
  (hd : ∀ (i : ι), 0 < d i) :
  have M := fun i j => MvPolynomial.C (↑(d i))⁻¹ * (MvPolynomial.pderiv j) (P i);
  M.mulVec MvPolynomial.X = P ∧ M.det.IsHomogeneous (∑ i, (d i - 1))
'LinearStudy.homogeneous_euler_coefficient_matrix' depends on axioms: [propext, Classical.choice, Quot.sound]
LinearStudy.polynomialOriginMap.{u_1, u_2} {K : Type u_1} {ι : Type u_2} [Field K] [IsAlgClosed K] [Finite ι]
  (I : Ideal (MvPolynomial ι K)) (hI : MvPolynomial.zeroLocus K I = {0}) : MvPolynomial ι K ⧸ I →ₐ[K] K
'LinearStudy.polynomialOriginMap' depends on axioms: [propext, Classical.choice, Quot.sound]
LinearStudy.polynomialOriginMap_kernel.{u_1, u_2} {K : Type u_1} {ι : Type u_2} [Field K] [IsAlgClosed K] [Finite ι]
  (I : Ideal (MvPolynomial ι K)) (hI : MvPolynomial.zeroLocus K I = {0}) :
  RingHom.ker (LinearStudy.polynomialOriginMap I hI).toRingHom = nilradical (MvPolynomial ι K ⧸ I)
'LinearStudy.polynomialOriginMap_kernel' depends on axioms: [propext, Classical.choice, Quot.sound]
LinearStudy.polynomialOriginMap_maximal.{u_1, u_2} {K : Type u_1} {ι : Type u_2} [Field K] [IsAlgClosed K] [Finite ι]
  (I : Ideal (MvPolynomial ι K)) (hI : MvPolynomial.zeroLocus K I = {0}) (j : MaximalSpectrum (MvPolynomial ι K ⧸ I)) :
  j.asIdeal = RingHom.ker (LinearStudy.polynomialOriginMap I hI).toRingHom
'LinearStudy.polynomialOriginMap_maximal' depends on axioms: [propext, Classical.choice, Quot.sound]
LinearStudy.homogeneous_polynomial_low_degree_pairing.{u_1} {K : Type u_1} [Field K] [IsAlgClosed K] [CharZero K]
  {n : ℕ} (P : Fin (n + 1) → MvPolynomial (Fin (n + 1)) K) (e : Fin (n + 1) → ℕ) (he : ∀ (i : Fin (n + 1)), 0 < e i)
  (hh : ∀ (i : Fin (n + 1)), (P i).IsHomogeneous (e i))
  (hreg : RingTheory.Sequence.IsRegular (MvPolynomial (Fin (n + 1)) K) (List.ofFn P))
  (hz : MvPolynomial.zeroLocus K (Ideal.span (Set.range P)) = {0}) :
  let Q := MvPolynomial (Fin (n + 1)) K ⧸ Ideal.span (Set.range P);
  have pi := Ideal.Quotient.mk (Ideal.span (Set.range P));
  have M := fun i j => MvPolynomial.C (↑(e i))⁻¹ * (MvPolynomial.pderiv j) (P i);
  ∃ p,
    p.functional (pi M.det) = 1 ∧
      (∀ (f : MvPolynomial (Fin (n + 1)) K), f.totalDegree < ∑ i, (e i - 1) → p.functional (pi f) = 0) ∧
        ∀ (j : ℕ),
          j ≠ ∑ i, (e i - 1) → ∀ (f : MvPolynomial (Fin (n + 1)) K), f.IsHomogeneous j → p.functional (pi f) = 0
'LinearStudy.homogeneous_polynomial_low_degree_pairing' depends on axioms: [propext, Classical.choice, Quot.sound]
LinearStudy.homogeneous_perfect_pairing_high_degree_mem.{u_1, u_2} {K : Type u_1} {ι : Type u_2} [Field K]
  (I : Ideal (MvPolynomial ι K)) (p : LinearStudy.PerfectMultiplicationPairing) (D : ℕ)
  (hv : ∀ (j : ℕ), j ≠ D → ∀ (f : MvPolynomial ι K), f.IsHomogeneous j → p.functional ((Ideal.Quotient.mk I) f) = 0)
  (f : MvPolynomial ι K) (j : ℕ) (hf : f.IsHomogeneous j) (hj : D < j) : f ∈ I
'LinearStudy.homogeneous_perfect_pairing_high_degree_mem' depends on axioms: [propext, Classical.choice, Quot.sound]
LinearStudy.homogeneous_polynomial_top_degree_bound.{u_1} {K : Type u_1} [Field K] [IsAlgClosed K] [CharZero K] {n : ℕ}
  (P : Fin (n + 1) → MvPolynomial (Fin (n + 1)) K) (e : Fin (n + 1) → ℕ) (he : ∀ (i : Fin (n + 1)), 0 < e i)
  (hh : ∀ (i : Fin (n + 1)), (P i).IsHomogeneous (e i))
  (hreg : RingTheory.Sequence.IsRegular (MvPolynomial (Fin (n + 1)) K) (List.ofFn P))
  (hz : MvPolynomial.zeroLocus K (Ideal.span (Set.range P)) = {0}) (j : ℕ) :
  ∑ i, (e i - 1) < j → ∀ (f : MvPolynomial (Fin (n + 1)) K), f.IsHomogeneous j → f ∈ Ideal.span (Set.range P)
'LinearStudy.homogeneous_polynomial_top_degree_bound' depends on axioms: [propext, Classical.choice, Quot.sound]
LinearStudy.homogeneous_ideal_maps_eq_of_unit_scaling.{u_1, u_2, u_3} {K : Type u_1} {σ : Type u_2} {S : Type u_3}
  [Field K] [CommRing S] (I : Ideal (MvPolynomial σ K))
  (hI : Ideal.IsHomogeneous (MvPolynomial.homogeneousSubmodule σ K) I) (φ ψ : MvPolynomial σ K →+* S)
  (hscale : ∀ (H : MvPolynomial σ K) (m : ℕ), H.IsHomogeneous m → ∃ u, φ H = ↑u * ψ H) : Ideal.map φ I = Ideal.map ψ I
'LinearStudy.homogeneous_ideal_maps_eq_of_unit_scaling' depends on axioms: [propext, Classical.choice, Quot.sound]
LinearStudy.homogeneous_projective_chart_pullback_ideal.{u_1} {K : Type u_1} [Field K] {n : ℕ}
  (I : Ideal (MvPolynomial (Fin (n + 1)) K))
  (hI : Ideal.IsHomogeneous (MvPolynomial.homogeneousSubmodule (Fin (n + 1)) K) I)
  (F : Fin (n + 1) → MvPolynomial (Fin (n + 1)) K) :
  have D := LinearStudy.affineChartPolynomialMap;
  have p0 := D (F 0);
  have p := fun i => D (F i.succ);
  Ideal.map (LinearStudy.rationalPolynomialChartMap p0 p).toRingHom (Ideal.map D.toRingHom I) =
    Ideal.map ((algebraMap (MvPolynomial (Fin n) K) (Localization.Away p0)).comp D.toRingHom)
      (Ideal.map (MvPolynomial.aeval F).toRingHom I)
'LinearStudy.homogeneous_projective_chart_pullback_ideal' depends on axioms: [propext, Classical.choice, Quot.sound]
LinearStudy.homogeneous_aeval_smul.{u_1, u_2, u_3} {K : Type u_1} {σ : Type u_2} [Field K] {S : Type u_3} [CommRing S]
  [Algebra K S] {P : MvPolynomial σ K} {m : ℕ} (hP : P.IsHomogeneous m) (a : S) (v : σ → S) :
  (MvPolynomial.aeval fun i => a * v i) P = a ^ m * (MvPolynomial.aeval v) P
'LinearStudy.homogeneous_aeval_smul' depends on axioms: [propext, Classical.choice, Quot.sound]
LinearStudy.affineChartPolynomialMap.{u_1} {K : Type u_1} [Field K] {n : ℕ} :
  MvPolynomial (Fin (n + 1)) K →ₐ[K] MvPolynomial (Fin n) K
'LinearStudy.affineChartPolynomialMap' depends on axioms: [propext, Classical.choice, Quot.sound]
LinearStudy.affineChartPolynomialMap_comp_aeval.{u_1, u_3} {K : Type u_1} [Field K] {n : ℕ} {S : Type u_3} [CommRing S]
  [Algebra K S] (v : Fin n → S) :
  (MvPolynomial.aeval v).comp LinearStudy.affineChartPolynomialMap = MvPolynomial.aeval fun i => Fin.cases 1 v i
'LinearStudy.affineChartPolynomialMap_comp_aeval' depends on axioms: [propext, Classical.choice, Quot.sound]
LinearStudy.homogeneous_rational_chart_pullback.{u_1} {K : Type u_1} [Field K] {n : ℕ} (p0 : MvPolynomial (Fin n) K)
  (p : Fin n → MvPolynomial (Fin n) K) (H : MvPolynomial (Fin (n + 1)) K) {m : ℕ} (hH : H.IsHomogeneous m) :
  (LinearStudy.rationalPolynomialChartMap p0 p) (LinearStudy.affineChartPolynomialMap H) =
    IsLocalization.Away.invSelf p0 ^ m *
      (MvPolynomial.aeval fun i =>
          Fin.cases ((algebraMap (MvPolynomial (Fin n) K) (Localization.Away p0)) p0)
            (fun i => (algebraMap (MvPolynomial (Fin n) K) (Localization.Away p0)) (p i)) i)
        H
'LinearStudy.homogeneous_rational_chart_pullback' depends on axioms: [propext, Classical.choice, Quot.sound]
LinearStudy.total_invariance_membership.{u_1} {X : Type u_1} (f : X → X) (V : Set X) (h : f ⁻¹' V = V) (x : X) :
  f x ∈ V ↔ x ∈ V
'LinearStudy.total_invariance_membership' does not depend on any axioms
LinearStudy.total_invariance_iterate.{u_1} {X : Type u_1} (f : X → X) (V : Set X) (h : f ⁻¹' V = V) (k : ℕ) :
  f^[k] ⁻¹' V = V
'LinearStudy.total_invariance_iterate' depends on axioms: [propext, Quot.sound]
LinearStudy.invariant_restriction.{u_1} {X : Type u_1} (f : X → X) (V : Set X) (h : f ⁻¹' V = V) (x : ↑V) : f ↑x ∈ V
'LinearStudy.invariant_restriction' does not depend on any axioms
LinearStudy.restrictInvariant.{u_1} {X : Type u_1} (f : X → X) (V : Set X) (h : f ⁻¹' V = V) : ↑V → ↑V
'LinearStudy.restrictInvariant' does not depend on any axioms
LinearStudy.invariant_restriction_surjective.{u_1} {X : Type u_1} (f : X → X) (V : Set X) (hf : Function.Surjective f)
  (h : f ⁻¹' V = V) : Function.Surjective (LinearStudy.restrictInvariant f V h)
'LinearStudy.invariant_restriction_surjective' does not depend on any axioms
LinearStudy.powerSeriesQuotient_polynomial_diagonal.{u_1} {K : Type u_1} [Field K] {n : ℕ}
  (H : Fin (n + 1) → MvPowerSeries (Fin (n + 1)) K) (hzero : ∀ (i : Fin (n + 1)), MvPowerSeries.constantCoeff (H i) = 0)
  [IsArtinianRing (MvPowerSeries (Fin (n + 1)) K ⧸ Ideal.span (Set.range H))]
  (P : Fin (n + 1) → MvPolynomial (Fin (n + 1)) K) (hpzero : ∀ (i : Fin (n + 1)), MvPolynomial.constantCoeff (P i) = 0)
  (hp : ∀ (i : Fin (n + 1)), (Ideal.Quotient.mk (Ideal.span (Set.range H))) ↑(P i) = 0) :
  let Q := MvPowerSeries (Fin (n + 1)) K ⧸ Ideal.span (Set.range H);
  have q := Ideal.Quotient.mk (Ideal.span (Set.range H));
  ∃ N,
    (N.mulVec MvPowerSeries.X = fun i => ↑(P i)) ∧
      ∃ M,
        LinearStudy.Annihilates (KaehlerDifferential.ideal K Q) M.det ∧
          ((Algebra.TensorProduct.lmul' K) M.det = Matrix.det fun i j => q ↑((MvPolynomial.pderiv j) (P i))) ∧
            (LinearStudy.pairingRightReduction (LinearStudy.powerSeriesQuotientAugmentation H hzero)) M.det = q N.det
'LinearStudy.powerSeriesQuotient_polynomial_diagonal' depends on axioms: [propext, Classical.choice, Quot.sound]
LinearStudy.powerSeriesQuotient_jacobian_nonzero.{u_1} {K : Type u_1} [Field K] {n : ℕ} [CharZero K]
  (H : Fin (n + 1) → MvPowerSeries (Fin (n + 1)) K)
  (hH : RingTheory.Sequence.IsRegular (MvPowerSeries (Fin (n + 1)) K) (List.ofFn H))
  (hzero : ∀ (i : Fin (n + 1)), MvPowerSeries.constantCoeff (H i) = 0)
  [IsArtinianRing (MvPowerSeries (Fin (n + 1)) K ⧸ Ideal.span (Set.range H))]
  [FiniteDimensional K (MvPowerSeries (Fin (n + 1)) K ⧸ Ideal.span (Set.range H))] :
  LinearStudy.powerSeriesJacobianClass H ≠ 0
'LinearStudy.powerSeriesQuotient_jacobian_nonzero' depends on axioms: [propext, Classical.choice, Quot.sound]
LinearStudy.powerSeriesQuotient_jacobian_scalar_socle.{u_1} {K : Type u_1} [Field K] {n : ℕ} [CharZero K]
  (H : Fin (n + 1) → MvPowerSeries (Fin (n + 1)) K)
  (hH : RingTheory.Sequence.IsRegular (MvPowerSeries (Fin (n + 1)) K) (List.ofFn H))
  (hzero : ∀ (i : Fin (n + 1)), MvPowerSeries.constantCoeff (H i) = 0)
  [IsArtinianRing (MvPowerSeries (Fin (n + 1)) K ⧸ Ideal.span (Set.range H))]
  [FiniteDimensional K (MvPowerSeries (Fin (n + 1)) K ⧸ Ideal.span (Set.range H))]
  (x : MvPowerSeries (Fin (n + 1)) K ⧸ Ideal.span (Set.range H)) :
  LinearStudy.Annihilates (nilradical (MvPowerSeries (Fin (n + 1)) K ⧸ Ideal.span (Set.range H))) x ↔
    ∃ b, x = b • LinearStudy.powerSeriesJacobianClass H
'LinearStudy.powerSeriesQuotient_jacobian_scalar_socle' depends on axioms: [propext, Classical.choice, Quot.sound]
LinearStudy.powerSeriesQuotient_jacobian_socle.{u_1} {K : Type u_1} [Field K] {n : ℕ} [CharZero K]
  (H : Fin (n + 1) → MvPowerSeries (Fin (n + 1)) K)
  (hH : RingTheory.Sequence.IsRegular (MvPowerSeries (Fin (n + 1)) K) (List.ofFn H))
  (hzero : ∀ (i : Fin (n + 1)), MvPowerSeries.constantCoeff (H i) = 0)
  [IsArtinianRing (MvPowerSeries (Fin (n + 1)) K ⧸ Ideal.span (Set.range H))]
  [FiniteDimensional K (MvPowerSeries (Fin (n + 1)) K ⧸ Ideal.span (Set.range H))] :
  Submodule.annihilator (nilradical (MvPowerSeries (Fin (n + 1)) K ⧸ Ideal.span (Set.range H))) =
    Ideal.span {LinearStudy.powerSeriesJacobianClass H}
'LinearStudy.powerSeriesQuotient_jacobian_socle' depends on axioms: [propext, Classical.choice, Quot.sound]
LinearStudy.finiteFlat_closedFiber_jacobian_nonzero.{u_1} {K : Type u_1} [Field K] [CharZero K] {r n : ℕ}
  (H : Fin (n + 1) → MvPowerSeries (Fin (n + 1)) (MvPowerSeries (Fin (r + 1)) K))
  (hH : RingTheory.Sequence.IsRegular (MvPowerSeries (Fin (n + 1)) (MvPowerSeries (Fin (r + 1)) K)) (List.ofFn H))
  [Module.Finite (MvPowerSeries (Fin (r + 1)) K)
      (MvPowerSeries (Fin (n + 1)) (MvPowerSeries (Fin (r + 1)) K) ⧸ Ideal.span (Set.range H))]
  [Module.Flat (MvPowerSeries (Fin (r + 1)) K)
      (MvPowerSeries (Fin (n + 1)) (MvPowerSeries (Fin (r + 1)) K) ⧸ Ideal.span (Set.range H))] :
  (LinearStudy.powerSeriesJacobianClass fun i => LinearStudy.parameterSpecialization (H i)) ≠ 0
'LinearStudy.finiteFlat_closedFiber_jacobian_nonzero' depends on axioms: [propext, Classical.choice, Quot.sound]
LinearStudy.finiteFlat_residueTensor_jacobian_nonzero.{u_1} {K : Type u_1} [Field K] [CharZero K] {r n : ℕ}
  (H : Fin (n + 1) → MvPowerSeries (Fin (n + 1)) (MvPowerSeries (Fin (r + 1)) K))
  (hH : RingTheory.Sequence.IsRegular (MvPowerSeries (Fin (n + 1)) (MvPowerSeries (Fin (r + 1)) K)) (List.ofFn H))
  [Module.Finite (MvPowerSeries (Fin (r + 1)) K)
      (MvPowerSeries (Fin (n + 1)) (MvPowerSeries (Fin (r + 1)) K) ⧸ Ideal.span (Set.range H))]
  [Module.Flat (MvPowerSeries (Fin (r + 1)) K)
      (MvPowerSeries (Fin (n + 1)) (MvPowerSeries (Fin (r + 1)) K) ⧸ Ideal.span (Set.range H))] :
  1 ⊗ₜ[MvPowerSeries (Fin (r + 1)) K]
      (Ideal.Quotient.mk (Ideal.span (Set.range H))) (Matrix.det fun i j => (MvPowerSeries.pderiv j) (H i)) ≠
    0
'LinearStudy.finiteFlat_residueTensor_jacobian_nonzero' depends on axioms: [propext, Classical.choice, Quot.sound]
LinearStudy.finiteFlat_jacobian_primitive.{u_1} {K : Type u_1} [Field K] [CharZero K] {r n : ℕ}
  (H : Fin (n + 1) → MvPowerSeries (Fin (n + 1)) (MvPowerSeries (Fin (r + 1)) K))
  (hH : RingTheory.Sequence.IsRegular (MvPowerSeries (Fin (n + 1)) (MvPowerSeries (Fin (r + 1)) K)) (List.ofFn H))
  [Module.Finite (MvPowerSeries (Fin (r + 1)) K)
      (MvPowerSeries (Fin (n + 1)) (MvPowerSeries (Fin (r + 1)) K) ⧸ Ideal.span (Set.range H))]
  [Module.Flat (MvPowerSeries (Fin (r + 1)) K)
      (MvPowerSeries (Fin (n + 1)) (MvPowerSeries (Fin (r + 1)) K) ⧸ Ideal.span (Set.range H))] :
  (Ideal.Quotient.mk (Ideal.span (Set.range H))) (Matrix.det fun i j => (MvPowerSeries.pderiv j) (H i)) ∉
    IsLocalRing.maximalIdeal (MvPowerSeries (Fin (r + 1)) K) • ⊤
'LinearStudy.finiteFlat_jacobian_primitive' depends on axioms: [propext, Classical.choice, Quot.sound]
LinearStudy.finiteFlat_residueTensor_jacobian_scalar_socle.{u_1} {K : Type u_1} [Field K] [CharZero K] {r n : ℕ}
  (H : Fin (n + 1) → MvPowerSeries (Fin (n + 1)) (MvPowerSeries (Fin (r + 1)) K))
  (hH : RingTheory.Sequence.IsRegular (MvPowerSeries (Fin (n + 1)) (MvPowerSeries (Fin (r + 1)) K)) (List.ofFn H))
  [Module.Finite (MvPowerSeries (Fin (r + 1)) K)
      (MvPowerSeries (Fin (n + 1)) (MvPowerSeries (Fin (r + 1)) K) ⧸ Ideal.span (Set.range H))]
  [Module.Flat (MvPowerSeries (Fin (r + 1)) K)
      (MvPowerSeries (Fin (n + 1)) (MvPowerSeries (Fin (r + 1)) K) ⧸ Ideal.span (Set.range H))] :
  let B := MvPowerSeries (Fin (r + 1)) K;
  let A := MvPowerSeries (Fin (n + 1)) B ⧸ Ideal.span (Set.range H);
  let k := B ⧸ IsLocalRing.maximalIdeal B;
  let C := TensorProduct B k A;
  ∀ (x : C),
    LinearStudy.Annihilates (nilradical C) x →
      ∃ u,
        x =
          u •
            1 ⊗ₜ[B]
              (Ideal.Quotient.mk (Ideal.span (Set.range H))) (Matrix.det fun i j => (MvPowerSeries.pderiv j) (H i))
'LinearStudy.finiteFlat_residueTensor_jacobian_scalar_socle' depends on axioms: [propext, Classical.choice, Quot.sound]
LinearStudy.powerSeriesJacobianClass.{u_1} {K : Type u_1} [Field K] {n : ℕ}
  (H : Fin (n + 1) → MvPowerSeries (Fin (n + 1)) K) : MvPowerSeries (Fin (n + 1)) K ⧸ Ideal.span (Set.range H)
'LinearStudy.powerSeriesJacobianClass' depends on axioms: [propext, Classical.choice, Quot.sound]
LinearStudy.powerSeriesQuotient_jacobian_trace_multiple.{u_1} {K : Type u_1} [Field K] {n : ℕ}
  (H : Fin (n + 1) → MvPowerSeries (Fin (n + 1)) K) (hzero : ∀ (i : Fin (n + 1)), MvPowerSeries.constantCoeff (H i) = 0)
  [IsArtinianRing (MvPowerSeries (Fin (n + 1)) K ⧸ Ideal.span (Set.range H))]
  [FiniteDimensional K (MvPowerSeries (Fin (n + 1)) K ⧸ Ideal.span (Set.range H))]
  (p : LinearStudy.PerfectMultiplicationPairing) :
  ∃ c, LinearStudy.powerSeriesJacobianClass H = c * LinearStudy.traceElement p
'LinearStudy.powerSeriesQuotient_jacobian_trace_multiple' depends on axioms: [propext, Classical.choice, Quot.sound]
LinearStudy.powerSeriesQuotient_jacobian_annihilates_nilradical.{u_1} {K : Type u_1} [Field K] {n : ℕ}
  (H : Fin (n + 1) → MvPowerSeries (Fin (n + 1)) K)
  (hH : RingTheory.Sequence.IsRegular (MvPowerSeries (Fin (n + 1)) K) (List.ofFn H))
  (hzero : ∀ (i : Fin (n + 1)), MvPowerSeries.constantCoeff (H i) = 0)
  [IsArtinianRing (MvPowerSeries (Fin (n + 1)) K ⧸ Ideal.span (Set.range H))]
  [FiniteDimensional K (MvPowerSeries (Fin (n + 1)) K ⧸ Ideal.span (Set.range H))] :
  LinearStudy.Annihilates (nilradical (MvPowerSeries (Fin (n + 1)) K ⧸ Ideal.span (Set.range H)))
    (LinearStudy.powerSeriesJacobianClass H)
'LinearStudy.powerSeriesQuotient_jacobian_annihilates_nilradical' depends on axioms: [propext,
 Classical.choice,
 Quot.sound]
LinearStudy.coefficientMatrix_koszul_compatibility.{u_1} {R : Type u_1} [CommRing R] {n : ℕ} (H x : Fin n → R)
  (M : Matrix (Fin n) (Fin n) R) (h : M.mulVec x = H) :
  Fintype.linearCombination R x ∘ₗ Matrix.toLin' M.transpose = Fintype.linearCombination R H
'LinearStudy.coefficientMatrix_koszul_compatibility' depends on axioms: [propext, Classical.choice, Quot.sound]
LinearStudy.coefficientKoszulComparison.{u_1} {R : Type u_1} [CommRing R] {n : ℕ} (H x : Fin n → R)
  (M : Matrix (Fin n) (Fin n) R) (h : M.mulVec x = H) :
  koszulComplex (Fintype.linearCombination R H) ⟶ koszulComplex (Fintype.linearCombination R x)
'LinearStudy.coefficientKoszulComparison' depends on axioms: [propext, Classical.choice, Quot.sound]
LinearStudy.coefficientKoszulComparison_top.{u_1} {R : Type u_1} [CommRing R] {n : ℕ} (H x : Fin n → R)
  (M : Matrix (Fin n) (Fin n) R) (h : M.mulVec x = H) (v : ↥(⋀[R]^n (Fin n → R))) :
  (ModuleCat.Hom.hom ((LinearStudy.coefficientKoszulComparison H x M h).f n)) v = M.det • v
'LinearStudy.coefficientKoszulComparison_top' depends on axioms: [propext, Classical.choice, Quot.sound]
LinearStudy.ideal_ofFn.{u_1} {R : Type u_1} [CommRing R] {n : ℕ} (H : Fin n → R) :
  Ideal.ofList (List.ofFn H) = Ideal.span (Set.range H)
'LinearStudy.ideal_ofFn' depends on axioms: [propext, Quot.sound]
LinearStudy.koszul_ofFn.{u_1} {R : Type u_1} [CommRing R] {n : ℕ} (H : Fin n → R) :
  koszulComplex.ofList (List.ofFn H) = koszulComplex (Fintype.linearCombination R H)
'LinearStudy.koszul_ofFn' depends on axioms: [propext, Classical.choice, Quot.sound]
LinearStudy.functionKoszulAugmentation.{u_1} {R : Type u_1} [CommRing R] {n : ℕ} (H : Fin n → R) :
  ↥(⋀[R]^0 (Fin n → R)) →ₗ[R] R ⧸ Ideal.span (Set.range H)
'LinearStudy.functionKoszulAugmentation' depends on axioms: [propext, Classical.choice, Quot.sound]
LinearStudy.functionKoszulAugmentation_comp_d.{u_1} {R : Type u_1} [CommRing R] {n : ℕ} (H : Fin n → R) :
  LinearStudy.functionKoszulAugmentation H ∘ₗ koszulComplex.d (Fintype.linearCombination R H) 0 = 0
'LinearStudy.functionKoszulAugmentation_comp_d' depends on axioms: [propext, Classical.choice, Quot.sound]
LinearStudy.functionKoszulAugmentationMap.{u_1} {R : Type u_1} [CommRing R] {n : ℕ} (H : Fin n → R) :
  koszulComplex (Fintype.linearCombination R H) ⟶
    (ChainComplex.single₀ (ModuleCat R)).obj ↧(R ⧸ Ideal.span (Set.range H))
'LinearStudy.functionKoszulAugmentationMap' depends on axioms: [propext, Classical.choice, Quot.sound]
LinearStudy.functionKoszulAugmentation_exact.{u_1} {R : Type u_1} [CommRing R] {n : ℕ} (H : Fin n → R) :
  { X₁ := (koszulComplex (Fintype.linearCombination R H)).X 1,
      X₂ := (koszulComplex (Fintype.linearCombination R H)).X 0, X₃ := ↧(R ⧸ Ideal.span (Set.range H)),
      f := (koszulComplex (Fintype.linearCombination R H)).d 1 0,
      g := ModuleCat.ofHom (LinearStudy.functionKoszulAugmentation H), zero := ⋯ }.Exact
'LinearStudy.functionKoszulAugmentation_exact' depends on axioms: [propext, Classical.choice, Quot.sound]
LinearStudy.functionKoszulResolution.{u_1} {R : Type u_1} [CommRing R] {n : ℕ} (H : Fin n → R)
  (hreg : RingTheory.Sequence.IsRegular R (List.ofFn H)) :
  CategoryTheory.ProjectiveResolution ↧(R ⧸ Ideal.span (Set.range H))
'LinearStudy.functionKoszulResolution' depends on axioms: [propext, Classical.choice, Quot.sound]
LinearStudy.koszul_top_differential_functional_mem.{u_1} {R : Type u_1} [CommRing R] (n : ℕ) (H : Fin (n + 1) → R)
  (L : ↥(⋀[R]^n (Fin (n + 1) → R)) →ₗ[R] R) :
  L ((koszulComplex.d (Fintype.linearCombination R H) n) (LinearStudy.topKoszulGenerator (n + 1))) ∈
    Ideal.span (Set.range H)
'LinearStudy.koszul_top_differential_functional_mem' depends on axioms: [propext, Classical.choice, Quot.sound]
LinearStudy.homotopic_koszul_top_coordinates_congr.{u_1} {R : Type u_1} [CommRing R] (n : ℕ) (H : Fin (n + 1) → R)
  (f g : koszulComplex (Fintype.linearCombination R H) ⟶ koszulComplex (Fintype.linearCombination R H))
  (ht : Homotopy f g) :
  (LinearStudy.topKoszulCoordinate (n + 1))
        ((ModuleCat.Hom.hom (f.f (n + 1))) (LinearStudy.topKoszulGenerator (n + 1))) -
      (LinearStudy.topKoszulCoordinate (n + 1))
        ((ModuleCat.Hom.hom (g.f (n + 1))) (LinearStudy.topKoszulGenerator (n + 1))) ∈
    Ideal.span (Set.range H)
'LinearStudy.homotopic_koszul_top_coordinates_congr' depends on axioms: [propext, Classical.choice, Quot.sound]
LinearStudy.koszulAugmentation.{u_1} {R : Type u_1} [CommRing R] (rs : List R) :
  ↥(⋀[R]^0 (Fin rs.length → R)) →ₗ[R] R ⧸ Ideal.ofList rs
'LinearStudy.koszulAugmentation' depends on axioms: [propext, Classical.choice, Quot.sound]
LinearStudy.koszulAugmentation_comp_d.{u_1} {R : Type u_1} [CommRing R] (rs : List R) :
  LinearStudy.koszulAugmentation rs ∘ₗ koszulComplex.d (Fintype.linearCombination R rs.get) 0 = 0
'LinearStudy.koszulAugmentation_comp_d' depends on axioms: [propext, Classical.choice, Quot.sound]
LinearStudy.koszulAugmentationMap.{u_1} {R : Type u_1} [CommRing R] (rs : List R) :
  koszulComplex.ofList rs ⟶ (ChainComplex.single₀ (ModuleCat R)).obj ↧(R ⧸ Ideal.ofList rs)
'LinearStudy.koszulAugmentationMap' depends on axioms: [propext, Classical.choice, Quot.sound]
LinearStudy.koszulAugmentation_exact.{u_1} {R : Type u_1} [CommRing R] (rs : List R) :
  { X₁ := (koszulComplex.ofList rs).X 1, X₂ := (koszulComplex.ofList rs).X 0, X₃ := ↧(R ⧸ Ideal.ofList rs),
      f := (koszulComplex.ofList rs).d 1 0, g := ModuleCat.ofHom (LinearStudy.koszulAugmentation rs), zero := ⋯ }.Exact
'LinearStudy.koszulAugmentation_exact' depends on axioms: [propext, Classical.choice, Quot.sound]
LinearStudy.regularKoszulResolution.{u_1} {R : Type u_1} [CommRing R] (rs : List R)
  (hreg : RingTheory.Sequence.IsRegular R rs) : CategoryTheory.ProjectiveResolution ↧(R ⧸ Ideal.ofList rs)
'LinearStudy.regularKoszulResolution' depends on axioms: [propext, Classical.choice, Quot.sound]
LinearStudy.equationIdeal_le_coordinateIdeal.{u_1} {R : Type u_1} [CommRing R] {n : ℕ} (H x : Fin n → R)
  (M : Matrix (Fin n) (Fin n) R) (h : M.mulVec x = H) : Ideal.span (Set.range H) ≤ Ideal.span (Set.range x)
'LinearStudy.equationIdeal_le_coordinateIdeal' depends on axioms: [propext, Classical.choice, Quot.sound]
LinearStudy.equationQuotientMap.{u_1} {R : Type u_1} [CommRing R] {n : ℕ} (H x : Fin n → R)
  (M : Matrix (Fin n) (Fin n) R) (h : M.mulVec x = H) : R ⧸ Ideal.span (Set.range H) →ₗ[R] R ⧸ Ideal.span (Set.range x)
'LinearStudy.equationQuotientMap' depends on axioms: [propext, Classical.choice, Quot.sound]
LinearStudy.coefficientComparison_augmentation.{u_1} {R : Type u_1} [CommRing R] {n : ℕ} (H x : Fin n → R)
  (M : Matrix (Fin n) (Fin n) R) (h : M.mulVec x = H) :
  CategoryTheory.CategoryStruct.comp (LinearStudy.coefficientKoszulComparison H x M h)
      (LinearStudy.functionKoszulAugmentationMap x) =
    CategoryTheory.CategoryStruct.comp (LinearStudy.functionKoszulAugmentationMap H)
      ((ChainComplex.single₀ (ModuleCat R)).map (ModuleCat.ofHom (LinearStudy.equationQuotientMap H x M h)))
'LinearStudy.coefficientComparison_augmentation' depends on axioms: [propext, Classical.choice, Quot.sound]
LinearStudy.equationMap_socleMap_comp.{u_1} {R : Type u_1} [CommRing R] {n : ℕ} (H x : Fin n → R)
  (M : Matrix (Fin n) (Fin n) R) (h : M.mulVec x = H) (a : R)
  (ha :
    (Ideal.Quotient.mk (Ideal.span (Set.range H))) a ∈
      Submodule.annihilator (Ideal.map (Ideal.Quotient.mk (Ideal.span (Set.range H))) (Ideal.span (Set.range x)))) :
  LinearStudy.socleQuotientMap (Ideal.span (Set.range H)) (Ideal.span (Set.range x))
        ((Ideal.Quotient.mk (Ideal.span (Set.range H))) a) ha ∘ₗ
      LinearStudy.equationQuotientMap H x M h =
    a • LinearMap.id
'LinearStudy.equationMap_socleMap_comp' depends on axioms: [propext, Classical.choice, Quot.sound]
LinearStudy.socle_element_coefficientDeterminant_multiple.{u_1} {R : Type u_1} [CommRing R] {k : ℕ}
  (H x : Fin (k + 1) → R) (hH : RingTheory.Sequence.IsRegular R (List.ofFn H))
  (hx : RingTheory.Sequence.IsRegular R (List.ofFn x)) (M : Matrix (Fin (k + 1)) (Fin (k + 1)) R) (h : M.mulVec x = H)
  (a : R)
  (ha :
    (Ideal.Quotient.mk (Ideal.span (Set.range H))) a ∈
      Submodule.annihilator (Ideal.map (Ideal.Quotient.mk (Ideal.span (Set.range H))) (Ideal.span (Set.range x)))) :
  ∃ b, (Ideal.Quotient.mk (Ideal.span (Set.range H))) a = (Ideal.Quotient.mk (Ideal.span (Set.range H))) (M.det * b)
'LinearStudy.socle_element_coefficientDeterminant_multiple' depends on axioms: [propext, Classical.choice, Quot.sound]
LinearStudy.coordinate_annihilator_eq_coefficientDeterminant.{u_1} {R : Type u_1} [CommRing R] {k : ℕ}
  (H x : Fin (k + 1) → R) (hH : RingTheory.Sequence.IsRegular R (List.ofFn H))
  (hx : RingTheory.Sequence.IsRegular R (List.ofFn x)) (M : Matrix (Fin (k + 1)) (Fin (k + 1)) R) (h : M.mulVec x = H) :
  Submodule.annihilator (Ideal.map (Ideal.Quotient.mk (Ideal.span (Set.range H))) (Ideal.span (Set.range x))) =
    Ideal.span {(Ideal.Quotient.mk (Ideal.span (Set.range H))) M.det}
'LinearStudy.coordinate_annihilator_eq_coefficientDeterminant' depends on axioms: [propext,
 Classical.choice,
 Quot.sound]
LinearStudy.coefficientDeterminant_ne_zero_of_local_artinian.{u_1} {R : Type u_1} [CommRing R] {k : ℕ}
  (H x : Fin (k + 1) → R) (hH : RingTheory.Sequence.IsRegular R (List.ofFn H))
  (hx : RingTheory.Sequence.IsRegular R (List.ofFn x)) (M : Matrix (Fin (k + 1)) (Fin (k + 1)) R) (h : M.mulVec x = H)
  [IsArtinianRing (R ⧸ Ideal.span (Set.range H))] [IsLocalRing (R ⧸ Ideal.span (Set.range H))]
  (hm :
    Ideal.map (Ideal.Quotient.mk (Ideal.span (Set.range H))) (Ideal.span (Set.range x)) =
      IsLocalRing.maximalIdeal (R ⧸ Ideal.span (Set.range H))) :
  (Ideal.Quotient.mk (Ideal.span (Set.range H))) M.det ≠ 0
'LinearStudy.coefficientDeterminant_ne_zero_of_local_artinian' depends on axioms: [propext,
 Classical.choice,
 Quot.sound]
LinearStudy.socleScalarMap_kernel.{u_1} {R : Type u_1} [CommRing R] (I J : Ideal R) (a : R ⧸ I)
  (ha : a ∈ Submodule.annihilator (Ideal.map (Ideal.Quotient.mk I) J)) : J ≤ (LinearMap.id.smulRight a).ker
'LinearStudy.socleScalarMap_kernel' depends on axioms: [propext, Classical.choice, Quot.sound]
LinearStudy.socleQuotientMap.{u_1} {R : Type u_1} [CommRing R] (I J : Ideal R) (a : R ⧸ I)
  (ha : a ∈ Submodule.annihilator (Ideal.map (Ideal.Quotient.mk I) J)) : R ⧸ J →ₗ[R] R ⧸ I
'LinearStudy.socleQuotientMap' depends on axioms: [propext, Classical.choice, Quot.sound]
LinearStudy.socleQuotientMap_apply_mk.{u_1} {R : Type u_1} [CommRing R] (I J : Ideal R) (a : R ⧸ I)
  (ha : a ∈ Submodule.annihilator (Ideal.map (Ideal.Quotient.mk I) J)) (r : R) :
  (LinearStudy.socleQuotientMap I J a ha) ((Ideal.Quotient.mk J) r) = r • a
'LinearStudy.socleQuotientMap_apply_mk' depends on axioms: [propext, Classical.choice, Quot.sound]
LinearStudy.topKoszulGenerator.{u_1} {R : Type u_1} [CommRing R] (n : ℕ) : ↥(⋀[R]^n (Fin n → R))
'LinearStudy.topKoszulGenerator' depends on axioms: [propext, Classical.choice, Quot.sound]
LinearStudy.topExterior_alternating_map.{u_1} {R : Type u_1} [CommRing R] (n : ℕ) :
  exteriorPower.ιMulti R n = (Pi.basisFun R (Fin n)).det.smulRight (LinearStudy.topKoszulGenerator n)
'LinearStudy.topExterior_alternating_map' depends on axioms: [propext, Classical.choice, Quot.sound]
LinearStudy.topKoszulCoordinate.{u_1} {R : Type u_1} [CommRing R] (n : ℕ) : ↥(⋀[R]^n (Fin n → R)) →ₗ[R] R
'LinearStudy.topKoszulCoordinate' depends on axioms: [propext, Classical.choice, Quot.sound]
LinearStudy.topKoszulCoordinate_generator.{u_1} {R : Type u_1} [CommRing R] (n : ℕ) :
  (LinearStudy.topKoszulCoordinate n) (LinearStudy.topKoszulGenerator n) = 1
'LinearStudy.topKoszulCoordinate_generator' depends on axioms: [propext, Classical.choice, Quot.sound]
LinearStudy.topKoszulCoordinate_reconstruct.{u_1} {R : Type u_1} [CommRing R] (n : ℕ) (x : ↥(⋀[R]^n (Fin n → R))) :
  (LinearStudy.topKoszulCoordinate n) x • LinearStudy.topKoszulGenerator n = x
'LinearStudy.topKoszulCoordinate_reconstruct' depends on axioms: [propext, Classical.choice, Quot.sound]
LinearStudy.topKoszulEquiv.{u_1} {R : Type u_1} [CommRing R] (n : ℕ) : ↥(⋀[R]^n (Fin n → R)) ≃ₗ[R] R
'LinearStudy.topKoszulEquiv' depends on axioms: [propext, Classical.choice, Quot.sound]
LinearStudy.topKoszulCoordinate_map_generator.{u_1} {R : Type u_1} [CommRing R] (n : ℕ)
  (f : (Fin n → R) →ₗ[R] Fin n → R) :
  (LinearStudy.topKoszulCoordinate n) ((exteriorPower.map n f) (LinearStudy.topKoszulGenerator n)) = LinearMap.det f
'LinearStudy.topKoszulCoordinate_map_generator' depends on axioms: [propext, Classical.choice, Quot.sound]
LinearStudy.topKoszul_map.{u_1} {R : Type u_1} [CommRing R] (n : ℕ) (f : (Fin n → R) →ₗ[R] Fin n → R)
  (x : ↥(⋀[R]^n (Fin n → R))) : (exteriorPower.map n f) x = LinearMap.det f • x
'LinearStudy.topKoszul_map' depends on axioms: [propext, Classical.choice, Quot.sound]
LinearStudy.nested_lifted_parameter_ideal.{u_1} {K : Type u_1} [Field K] {r c : ℕ} (hc : 0 < c)
  (P : Fin r → MvPowerSeries (Fin c) (MvPowerSeries (Fin r) K))
  (hP :
    Ideal.span (Set.range fun i => MvPowerSeries.constantCoeff (P i)) =
      IsLocalRing.maximalIdeal (MvPowerSeries (Fin r) K)) :
  Ideal.span (Set.range P ∪ Set.range MvPowerSeries.X) =
    IsLocalRing.maximalIdeal (MvPowerSeries (Fin c) (MvPowerSeries (Fin r) K))
'LinearStudy.nested_lifted_parameter_ideal' depends on axioms: [propext, Classical.choice, Quot.sound]
LinearStudy.liftedCoordinateImages.{u_1} {K : Type u_1} [Field K] {r c : ℕ}
  (P : Fin r → MvPowerSeries (Fin c) (MvPowerSeries (Fin r) K)) : Fin r ⊕ Fin c → MvPowerSeries (Fin r ⊕ Fin c) K
'LinearStudy.liftedCoordinateImages' depends on axioms: [propext, Classical.choice, Quot.sound]
LinearStudy.liftedCoordinateImages_span.{u_1} {K : Type u_1} [Field K] {r c : ℕ} (hc : 0 < c)
  (P : Fin r → MvPowerSeries (Fin c) (MvPowerSeries (Fin r) K))
  (hP :
    Ideal.span (Set.range fun i => MvPowerSeries.constantCoeff (P i)) =
      IsLocalRing.maximalIdeal (MvPowerSeries (Fin r) K)) :
  Ideal.span (Set.range (LinearStudy.liftedCoordinateImages P)) =
    IsLocalRing.maximalIdeal (MvPowerSeries (Fin r ⊕ Fin c) K)
'LinearStudy.liftedCoordinateImages_span' depends on axioms: [propext, Classical.choice, Quot.sound]
LinearStudy.liftedParameterCoordinateEquiv.{u_1} {K : Type u_1} [Field K] {r c : ℕ} (hc : 0 < c)
  (P : Fin r → MvPowerSeries (Fin c) (MvPowerSeries (Fin r) K))
  (hP :
    Ideal.span (Set.range fun i => MvPowerSeries.constantCoeff (P i)) =
      IsLocalRing.maximalIdeal (MvPowerSeries (Fin r) K)) :
  MvPowerSeries (Fin c) (MvPowerSeries (Fin r) K) ≃+* MvPowerSeries (Fin c) (MvPowerSeries (Fin r) K)
'LinearStudy.liftedParameterCoordinateEquiv' depends on axioms: [propext, Classical.choice, Quot.sound]
LinearStudy.liftedParameterCoordinateEquiv_parameter.{u_1} {K : Type u_1} [Field K] {r c : ℕ} (hc : 0 < c)
  (P : Fin r → MvPowerSeries (Fin c) (MvPowerSeries (Fin r) K))
  (hP :
    Ideal.span (Set.range fun i => MvPowerSeries.constantCoeff (P i)) =
      IsLocalRing.maximalIdeal (MvPowerSeries (Fin r) K))
  (i : Fin r) : (LinearStudy.liftedParameterCoordinateEquiv hc P hP) (MvPowerSeries.C (MvPowerSeries.X i)) = P i
'LinearStudy.liftedParameterCoordinateEquiv_parameter' depends on axioms: [propext, Classical.choice, Quot.sound]
LinearStudy.liftedParameterCoordinateEquiv_normal.{u_1} {K : Type u_1} [Field K] {r c : ℕ} (hc : 0 < c)
  (P : Fin r → MvPowerSeries (Fin c) (MvPowerSeries (Fin r) K))
  (hP :
    Ideal.span (Set.range fun i => MvPowerSeries.constantCoeff (P i)) =
      IsLocalRing.maximalIdeal (MvPowerSeries (Fin r) K))
  (i : Fin c) : (LinearStudy.liftedParameterCoordinateEquiv hc P hP) (MvPowerSeries.X i) = MvPowerSeries.X i
'LinearStudy.liftedParameterCoordinateEquiv_normal' depends on axioms: [propext, Classical.choice, Quot.sound]
LinearStudy.liftedParameterMap.{u_1} {K : Type u_1} [Field K] {r c : ℕ}
  (I : Ideal (MvPowerSeries (Fin c) (MvPowerSeries (Fin r) K))) (hc : 0 < c)
  (P : Fin r → MvPowerSeries (Fin c) (MvPowerSeries (Fin r) K))
  (hP :
    Ideal.span (Set.range fun i => MvPowerSeries.constantCoeff (P i)) =
      IsLocalRing.maximalIdeal (MvPowerSeries (Fin r) K)) :
  MvPowerSeries (Fin r) K →+* MvPowerSeries (Fin c) (MvPowerSeries (Fin r) K) ⧸ I
'LinearStudy.liftedParameterMap' depends on axioms: [propext, Classical.choice, Quot.sound]
LinearStudy.liftedParameterAlgebra.{u_1} {K : Type u_1} [Field K] {r c : ℕ}
  (I : Ideal (MvPowerSeries (Fin c) (MvPowerSeries (Fin r) K))) (hc : 0 < c)
  (P : Fin r → MvPowerSeries (Fin c) (MvPowerSeries (Fin r) K))
  (hP :
    Ideal.span (Set.range fun i => MvPowerSeries.constantCoeff (P i)) =
      IsLocalRing.maximalIdeal (MvPowerSeries (Fin r) K)) :
  Algebra (MvPowerSeries (Fin r) K) (MvPowerSeries (Fin c) (MvPowerSeries (Fin r) K) ⧸ I)
'LinearStudy.liftedParameterAlgebra' depends on axioms: [propext, Classical.choice, Quot.sound]
LinearStudy.liftedParameterMap_X.{u_1} {K : Type u_1} [Field K] {r c : ℕ}
  (I : Ideal (MvPowerSeries (Fin c) (MvPowerSeries (Fin r) K))) (hc : 0 < c)
  (P : Fin r → MvPowerSeries (Fin c) (MvPowerSeries (Fin r) K))
  (hP :
    Ideal.span (Set.range fun i => MvPowerSeries.constantCoeff (P i)) =
      IsLocalRing.maximalIdeal (MvPowerSeries (Fin r) K))
  (i : Fin r) : (LinearStudy.liftedParameterMap I hc P hP) (MvPowerSeries.X i) = (Ideal.Quotient.mk I) (P i)
'LinearStudy.liftedParameterMap_X' depends on axioms: [propext, Classical.choice, Quot.sound]
LinearStudy.powerSeries_ringEnd_bijective_of_parameter_images.{u_1, u_2} {K : Type u_1} {ι : Type u_2} [Field K]
  [Fintype ι] [DecidableEq ι] [Nonempty ι] (f : MvPowerSeries ι K →+* MvPowerSeries ι K)
  (hX : Ideal.span (Set.range fun i => f (MvPowerSeries.X i)) = IsLocalRing.maximalIdeal (MvPowerSeries ι K))
  (hC : ∀ (k : K), f (MvPowerSeries.C k) = MvPowerSeries.C k) : Function.Bijective ⇑f
'LinearStudy.powerSeries_ringEnd_bijective_of_parameter_images' depends on axioms: [propext,
 Classical.choice,
 Quot.sound]
LinearStudy.liftedParameterCoordinateEquiv_constant.{u_1} {K : Type u_1} [Field K] {r c : ℕ} (hc : 0 < c)
  (P : Fin r → MvPowerSeries (Fin c) (MvPowerSeries (Fin r) K))
  (hP :
    Ideal.span (Set.range fun i => MvPowerSeries.constantCoeff (P i)) =
      IsLocalRing.maximalIdeal (MvPowerSeries (Fin r) K))
  (k : K) :
  (LinearStudy.liftedParameterCoordinateEquiv hc P hP) (MvPowerSeries.C (MvPowerSeries.C k)) =
    MvPowerSeries.C (MvPowerSeries.C k)
'LinearStudy.liftedParameterCoordinateEquiv_constant' depends on axioms: [propext, Classical.choice, Quot.sound]
LinearStudy.liftedParameterMap_constant.{u_1} {K : Type u_1} [Field K] {r c : ℕ} (hc : 0 < c)
  (I : Ideal (MvPowerSeries (Fin c) (MvPowerSeries (Fin r) K)))
  (P : Fin r → MvPowerSeries (Fin c) (MvPowerSeries (Fin r) K))
  (hP :
    Ideal.span (Set.range fun i => MvPowerSeries.constantCoeff (P i)) =
      IsLocalRing.maximalIdeal (MvPowerSeries (Fin r) K))
  (k : K) :
  (LinearStudy.liftedParameterMap I hc P hP) (MvPowerSeries.C k) =
    (algebraMap (MvPowerSeries (Fin r) K) (MvPowerSeries (Fin c) (MvPowerSeries (Fin r) K) ⧸ I)) (MvPowerSeries.C k)
'LinearStudy.liftedParameterMap_constant' depends on axioms: [propext, Classical.choice, Quot.sound]
LinearStudy.centered_powerSeries_retraction_eq_constantCoeff.{u_1, u_2} {B : Type u_1} {ι : Type u_2} [CommRing B]
  [Fintype ι] [DecidableEq ι] [Nonempty ι] (a : MvPowerSeries ι B →ₐ[B] B) (ha : ∀ (i : ι), a (MvPowerSeries.X i) = 0)
  (f : MvPowerSeries ι B) : a f = MvPowerSeries.constantCoeff f
'LinearStudy.centered_powerSeries_retraction_eq_constantCoeff' depends on axioms: [propext,
 Classical.choice,
 Quot.sound]
LinearStudy.centered_lifts_parameter_map_exists.{u_1} {K : Type u_1} [Field K] {r c : ℕ} (hc : 0 < c)
  (I : Ideal (MvPowerSeries (Fin c) (MvPowerSeries (Fin r) K)))
  (q : MvPowerSeries (Fin c) (MvPowerSeries (Fin r) K) ⧸ I →ₐ[MvPowerSeries (Fin r) K] MvPowerSeries (Fin r) K)
  (hq : ∀ (j : Fin c), q ((Ideal.Quotient.mk I) (MvPowerSeries.X j)) = 0)
  (tau : Fin r → MvPowerSeries (Fin c) (MvPowerSeries (Fin r) K) ⧸ I)
  (htau : Ideal.span (Set.range fun i => q (tau i)) = IsLocalRing.maximalIdeal (MvPowerSeries (Fin r) K)) :
  ∃ phi,
    (∀ (i : Fin r), phi (MvPowerSeries.X i) = tau i) ∧
      ∀ (k : K),
        phi (MvPowerSeries.C k) =
          (algebraMap (MvPowerSeries (Fin r) K) (MvPowerSeries (Fin c) (MvPowerSeries (Fin r) K) ⧸ I))
            (MvPowerSeries.C k)
'LinearStudy.centered_lifts_parameter_map_exists' depends on axioms: [propext, Classical.choice, Quot.sound]
LinearStudy.completeIntersection_lifted_parameter_map_exists {r c : ℕ} (H : Fin c → LinearStudy.AmbientRing r c)
  (hc : 0 < c) (q : LinearStudy.CompleteIntersection H →ₐ[LinearStudy.ParameterRing r] LinearStudy.ParameterRing r)
  (tau : Fin r → LinearStudy.CompleteIntersection H)
  (htau : Ideal.span (Set.range fun i => q (tau i)) = IsLocalRing.maximalIdeal (LinearStudy.ParameterRing r)) :
  ∃ phi,
    (∀ (i : Fin r), phi (MvPowerSeries.X i) = tau i) ∧
      ∀ (k : ℂ),
        phi (MvPowerSeries.C k) =
          (algebraMap (LinearStudy.ParameterRing r) (LinearStudy.CompleteIntersection H)) (MvPowerSeries.C k)
'LinearStudy.completeIntersection_lifted_parameter_map_exists' depends on axioms: [propext,
 Classical.choice,
 Quot.sound]
LinearStudy.completeIntersection_lifted_parameter_map_compatible {r c : ℕ} (H : Fin c → LinearStudy.AmbientRing r c)
  (hr : 0 < r) (hc : 0 < c)
  (q : LinearStudy.CompleteIntersection H →ₐ[LinearStudy.ParameterRing r] LinearStudy.ParameterRing r)
  (tau : Fin r → LinearStudy.CompleteIntersection H)
  (htau : Ideal.span (Set.range fun i => q (tau i)) = IsLocalRing.maximalIdeal (LinearStudy.ParameterRing r)) :
  ∃ phi alpha,
    (∀ (i : Fin r), phi (MvPowerSeries.X i) = tau i) ∧
      (∀ (k : ℂ),
          phi (MvPowerSeries.C k) =
            (algebraMap (LinearStudy.ParameterRing r) (LinearStudy.CompleteIntersection H)) (MvPowerSeries.C k)) ∧
        ∀ (b : LinearStudy.ParameterRing r), q (phi b) = alpha b
'LinearStudy.completeIntersection_lifted_parameter_map_compatible' depends on axioms: [propext,
 Classical.choice,
 Quot.sound]
LinearStudy.completeIntersection_lifted_coordinate_equiv_exists {r c : ℕ} (H : Fin c → LinearStudy.AmbientRing r c)
  (hc : 0 < c) (q : LinearStudy.CompleteIntersection H →ₐ[LinearStudy.ParameterRing r] LinearStudy.ParameterRing r)
  (tau : Fin r → LinearStudy.CompleteIntersection H)
  (htau : Ideal.span (Set.range fun i => q (tau i)) = IsLocalRing.maximalIdeal (LinearStudy.ParameterRing r)) :
  ∃ e,
    (∀ (i : Fin r),
        (Ideal.Quotient.mk (LinearStudy.equationIdeal H)) (e (MvPowerSeries.C (MvPowerSeries.X i))) = tau i) ∧
      ∀ (k : ℂ), e (MvPowerSeries.C (MvPowerSeries.C k)) = MvPowerSeries.C (MvPowerSeries.C k)
'LinearStudy.completeIntersection_lifted_coordinate_equiv_exists' depends on axioms: [propext,
 Classical.choice,
 Quot.sound]
LinearStudy.ringEquationChangeQuotientEquiv.{u_1, u_2} {R : Type u_1} [CommRing R] {ι : Type u_2} (e : R ≃+* R)
  (H : ι → R) : R ⧸ Ideal.span (Set.range H) ≃+* R ⧸ Ideal.span (Set.range fun i => e (H i))
'LinearStudy.ringEquationChangeQuotientEquiv' depends on axioms: [propext, Classical.choice, Quot.sound]
LinearStudy.ringEquationChangeQuotientEquiv_mk.{u_1, u_2} {R : Type u_1} [CommRing R] {ι : Type u_2} (e : R ≃+* R)
  (H : ι → R) (x : R) :
  (LinearStudy.ringEquationChangeQuotientEquiv e H) ((Ideal.Quotient.mk (Ideal.span (Set.range H))) x) =
    (Ideal.Quotient.mk (Ideal.span (Set.range fun i => e (H i)))) (e x)
'LinearStudy.ringEquationChangeQuotientEquiv_mk' depends on axioms: [propext, Classical.choice, Quot.sound]
LinearStudy.regularSequence_ringEquiv.{u_1, u_2} {R : Type u_1} {S : Type u_2} [CommRing R] [CommRing S] (e : R ≃+* S)
  (H : List R) : RingTheory.Sequence.IsRegular R H ↔ RingTheory.Sequence.IsRegular S (List.map (⇑e) H)
'LinearStudy.regularSequence_ringEquiv' depends on axioms: [propext, Classical.choice, Quot.sound]
LinearStudy.completeIntersection_lifted_parameter_presentation {r c : ℕ} (H : Fin c → LinearStudy.AmbientRing r c)
  (hr : 0 < r) (hc : 0 < c) (hH : RingTheory.Sequence.IsRegular (LinearStudy.AmbientRing r c) (List.ofFn H))
  [Module.Flat (LinearStudy.ParameterRing r) (LinearStudy.CompleteIntersection H)]
  (q : LinearStudy.CompleteIntersection H →ₐ[LinearStudy.ParameterRing r] LinearStudy.ParameterRing r)
  (hq : RingHom.ker q.toRingHom = nilradical (LinearStudy.CompleteIntersection H))
  (tau : Fin r → LinearStudy.CompleteIntersection H)
  (htau : Ideal.span (Set.range fun i => q (tau i)) = IsLocalRing.maximalIdeal (LinearStudy.ParameterRing r)) :
  ∃ H' E q',
    (∀ (i : Fin r),
        E ((algebraMap (LinearStudy.ParameterRing r) (LinearStudy.CompleteIntersection H')) (MvPowerSeries.X i)) =
          tau i) ∧
      RingTheory.Sequence.IsRegular (LinearStudy.AmbientRing r c) (List.ofFn H') ∧
        Module.Finite (LinearStudy.ParameterRing r) (LinearStudy.CompleteIntersection H') ∧
          Module.Free (LinearStudy.ParameterRing r) (LinearStudy.CompleteIntersection H') ∧
            RingHom.ker q'.toRingHom = nilradical (LinearStudy.CompleteIntersection H')
'LinearStudy.completeIntersection_lifted_parameter_presentation' depends on axioms: [propext,
 Classical.choice,
 Quot.sound]
LinearStudy.arbitrary_parameter_lifts_regular.{u_1, u_2} {K : Type u_1} {A : Type u_2} [Field K] [CommRing A]
  [IsLocalRing A] [IsNoetherianRing A] {r : ℕ} (hr : 0 < r) [Algebra (MvPowerSeries (Fin r) K) A]
  [Module.Flat (MvPowerSeries (Fin r) K) A] (q : A →ₐ[MvPowerSeries (Fin r) K] MvPowerSeries (Fin r) K)
  (hq : RingHom.ker q.toRingHom = nilradical A) (tau : Fin r → A)
  (htau : Ideal.span (Set.range fun i => q (tau i)) = IsLocalRing.maximalIdeal (MvPowerSeries (Fin r) K)) :
  RingTheory.Sequence.IsRegular A (List.ofFn tau)
'LinearStudy.arbitrary_parameter_lifts_regular' depends on axioms: [propext, Classical.choice, Quot.sound]
LinearStudy.completeIntersection_parameter_lifts_regular {r c : ℕ} (H : Fin c → LinearStudy.AmbientRing r c)
  (hr : 0 < r) (hH : RingTheory.Sequence.IsRegular (LinearStudy.AmbientRing r c) (List.ofFn H))
  [Module.Flat (LinearStudy.ParameterRing r) (LinearStudy.CompleteIntersection H)]
  (q : LinearStudy.CompleteIntersection H →ₐ[LinearStudy.ParameterRing r] LinearStudy.ParameterRing r)
  (hq : RingHom.ker q.toRingHom = nilradical (LinearStudy.CompleteIntersection H))
  (tau : Fin r → LinearStudy.CompleteIntersection H)
  (htau : Ideal.span (Set.range fun i => q (tau i)) = IsLocalRing.maximalIdeal (LinearStudy.ParameterRing r)) :
  RingTheory.Sequence.IsRegular (LinearStudy.CompleteIntersection H) (List.ofFn tau)
'LinearStudy.completeIntersection_parameter_lifts_regular' depends on axioms: [propext, Classical.choice, Quot.sound]
LinearStudy.linearEquationSubmodule.{u_1} {n : ℕ} {ι : Type u_1}
  (equations : ι → LinearStudy.CoordinateVector n →ₗ[ℂ] ℂ) : Submodule ℂ (LinearStudy.CoordinateVector n)
'LinearStudy.linearEquationSubmodule' depends on axioms: [propext, Classical.choice, Quot.sound]
LinearStudy.linearEquationSubspace.{u_1} {n : ℕ} {ι : Type u_1}
  (equations : ι → LinearStudy.CoordinateVector n →ₗ[ℂ] ℂ) :
  Projectivization.Subspace ℂ (LinearStudy.CoordinateVector n)
'LinearStudy.linearEquationSubspace' depends on axioms: [propext, Classical.choice, Quot.sound]
LinearStudy.mem_linearEquationSubmodule.{u_1} {n : ℕ} {ι : Type u_1}
  (equations : ι → LinearStudy.CoordinateVector n →ₗ[ℂ] ℂ) (v : LinearStudy.CoordinateVector n) :
  v ∈ LinearStudy.linearEquationSubmodule equations ↔ ∀ (i : ι), (equations i) v = 0
'LinearStudy.mem_linearEquationSubmodule' depends on axioms: [propext, Classical.choice, Quot.sound]
LinearStudy.mem_linearEquationSubspace.{u_1} {n : ℕ} {ι : Type u_1}
  (equations : ι → LinearStudy.CoordinateVector n →ₗ[ℂ] ℂ) (v : LinearStudy.CoordinateVector n) (hv : v ≠ 0) :
  Projectivization.mk ℂ v hv ∈ LinearStudy.linearEquationSubspace equations ↔ ∀ (i : ι), (equations i) v = 0
'LinearStudy.mem_linearEquationSubspace' depends on axioms: [propext, Classical.choice, Quot.sound]
LinearStudy.localizationQuotientEquiv.{u_1} {R : Type u_1} [CommRing R] (I : Ideal R) (p : Ideal (R ⧸ I)) [p.IsPrime] :
  let P := Ideal.comap (Ideal.Quotient.mk I) p;
  let A := Localization.AtPrime P;
  (A ⧸ Ideal.map (algebraMap R A) I) ≃ₐ[R ⧸ I] Localization.AtPrime p
'LinearStudy.localizationQuotientEquiv' depends on axioms: [propext, Classical.choice, Quot.sound]
LinearStudy.localizationQuotientEquiv_mk.{u_1} {R : Type u_1} [CommRing R] (I : Ideal R) (p : Ideal (R ⧸ I)) [p.IsPrime]
  (r : R) :
  (LinearStudy.localizationQuotientEquiv I p)
      ((Ideal.Quotient.mk (Ideal.map (algebraMap R (Localization.AtPrime (Ideal.comap (Ideal.Quotient.mk I) p))) I))
        ((algebraMap R (Localization.AtPrime (Ideal.comap (Ideal.Quotient.mk I) p))) r)) =
    (algebraMap (R ⧸ I) (Localization.AtPrime p)) ((Ideal.Quotient.mk I) r)
'LinearStudy.localizationQuotientEquiv_mk' depends on axioms: [propext, Classical.choice, Quot.sound]
LinearStudy.localFiberCompletionQuotientEquiv.{u_1} {R : Type u_1} [CommRing R] [IsNoetherianRing R] (I : Ideal R)
  [IsArtinianRing (R ⧸ I)] (p : Ideal (R ⧸ I)) [p.IsPrime] :
  let A := Localization.AtPrime (Ideal.comap (Ideal.Quotient.mk I) p);
  let C := AdicCompletion (IsLocalRing.maximalIdeal A) A;
  C ⧸ Ideal.map (algebraMap A C) (Ideal.map (algebraMap R A) I) ≃+* Localization.AtPrime p
'LinearStudy.localFiberCompletionQuotientEquiv' depends on axioms: [propext, Classical.choice, Quot.sound]
LinearStudy.localFiberCompletionQuotientEquiv_mk.{u_1} {R : Type u_1} [CommRing R] [IsNoetherianRing R] (I : Ideal R)
  [IsArtinianRing (R ⧸ I)] (p : Ideal (R ⧸ I)) [p.IsPrime] (r : R) :
  let A := Localization.AtPrime (Ideal.comap (Ideal.Quotient.mk I) p);
  let C := AdicCompletion (IsLocalRing.maximalIdeal A) A;
  (LinearStudy.localFiberCompletionQuotientEquiv I p)
      ((Ideal.Quotient.mk
          (Ideal.map
            (algebraMap (Localization.AtPrime (Ideal.comap (Ideal.Quotient.mk I) p))
              (AdicCompletion (IsLocalRing.maximalIdeal (Localization.AtPrime (Ideal.comap (Ideal.Quotient.mk I) p)))
                (Localization.AtPrime (Ideal.comap (Ideal.Quotient.mk I) p))))
            (Ideal.map (algebraMap R (Localization.AtPrime (Ideal.comap (Ideal.Quotient.mk I) p))) I)))
        ((algebraMap A C) ((algebraMap R A) r))) =
    (algebraMap (R ⧸ I) (Localization.AtPrime p)) ((Ideal.Quotient.mk I) r)
'LinearStudy.localFiberCompletionQuotientEquiv_mk' depends on axioms: [propext, Classical.choice, Quot.sound]
LinearStudy.local_fiber_socle_generator_of_completed_ambient.{u_1} {R : Type u_1} [CommRing R] [IsNoetherianRing R]
  (I : Ideal R) [IsArtinianRing (R ⧸ I)] (p : Ideal (R ⧸ I)) [p.IsPrime] (theta : R)
  (h :
    let A := Localization.AtPrime (Ideal.comap (Ideal.Quotient.mk I) p);
    let C := AdicCompletion (IsLocalRing.maximalIdeal A) A;
    let Q := C ⧸ Ideal.map (algebraMap A C) (Ideal.map (algebraMap R A) I);
    Submodule.annihilator (nilradical Q) =
      Ideal.span
        {(Ideal.Quotient.mk (Ideal.map (algebraMap A C) (Ideal.map (algebraMap R A) I)))
            ((algebraMap A C) ((algebraMap R A) theta))}) :
  Submodule.annihilator (nilradical (Localization.AtPrime p)) =
    Ideal.span {(algebraMap (R ⧸ I) (Localization.AtPrime p)) ((Ideal.Quotient.mk I) theta)}
'LinearStudy.local_fiber_socle_generator_of_completed_ambient' depends on axioms: [propext,
 Classical.choice,
 Quot.sound]
LinearStudy.derivation_ideal_square.{u_1, u_2} {K : Type u_1} {R : Type u_2} [CommRing K] [CommRing R] [Algebra K R]
  (D : Derivation K R R) (I : Ideal R) {h : R} (hh : h ∈ I ^ 2) : D h ∈ I
'LinearStudy.derivation_ideal_square' depends on axioms: [propext, Classical.choice, Quot.sound]
LinearStudy.first_order_derivative_quotient.{u_1, u_2} {K : Type u_1} {R : Type u_2} [CommRing K] [CommRing R]
  [Algebra K R] (D : Derivation K R R) (I : Ideal R) {h v : R} (hh : h - v ∈ I ^ 2) :
  (Ideal.Quotient.mk I) (D h) = (Ideal.Quotient.mk I) (D v)
'LinearStudy.first_order_derivative_quotient' depends on axioms: [propext, Classical.choice, Quot.sound]
LinearStudy.unit_divided_derivative_quotient.{u_1, u_2} {K : Type u_1} {R : Type u_2} [CommRing K] [CommRing R]
  [Algebra K R] (D : Derivation K R R) (I : Ideal R) (u : Rˣ) (p : R) (hp : p ∈ I) :
  (Ideal.Quotient.mk I) (D (↑u⁻¹ * p)) = (Ideal.Quotient.mk I) ↑u⁻¹ * (Ideal.Quotient.mk I) (D p)
'LinearStudy.unit_divided_derivative_quotient' depends on axioms: [propext, Classical.choice, Quot.sound]
LinearStudy.fiber_jacobian_unit_factor.{u_1, u_2, u_3} {K : Type u_1} {R : Type u_2} {ι : Type u_3} [CommRing K]
  [CommRing R] [Algebra K R] [Fintype ι] [DecidableEq ι] (D : ι → Derivation K R R) (I : Ideal R) (u : Rˣ) (H p : ι → R)
  (hp : ∀ (i : ι), p i ∈ I) (hH : ∀ (i : ι), H i - ↑u⁻¹ * p i ∈ I ^ 2) :
  (Ideal.Quotient.mk I) (Matrix.det fun i j => (D j) (H i)) =
    (Ideal.Quotient.mk I) ↑u⁻¹ ^ Fintype.card ι * (Ideal.Quotient.mk I) (Matrix.det fun i j => (D j) (p i))
'LinearStudy.fiber_jacobian_unit_factor' depends on axioms: [propext, Classical.choice, Quot.sound]
LinearStudy.fiber_jacobian_nonzero.{u_1, u_2, u_3} {K : Type u_1} {R : Type u_2} {ι : Type u_3} [CommRing K]
  [CommRing R] [Algebra K R] [Fintype ι] [DecidableEq ι] (D : ι → Derivation K R R) (I : Ideal R) (u : Rˣ) (H p : ι → R)
  (hp : ∀ (i : ι), p i ∈ I) (hH : ∀ (i : ι), H i - ↑u⁻¹ * p i ∈ I ^ 2)
  (hne : (Ideal.Quotient.mk I) (Matrix.det fun i j => (D j) (H i)) ≠ 0) :
  (Ideal.Quotient.mk I) (Matrix.det fun i j => (D j) (p i)) ≠ 0
'LinearStudy.fiber_jacobian_nonzero' depends on axioms: [propext, Classical.choice, Quot.sound]
LinearStudy.unit_mul_annihilates_iff.{u_1} {R : Type u_1} [CommRing R] (N : Ideal R) (u : Rˣ) (delta : R) :
  LinearStudy.Annihilates N (↑u * delta) ↔ LinearStudy.Annihilates N delta
'LinearStudy.unit_mul_annihilates_iff' depends on axioms: [propext]
LinearStudy.fiber_jacobian_annihilates.{u_1, u_2, u_3} {K : Type u_1} {R : Type u_2} {ι : Type u_3} [CommRing K]
  [CommRing R] [Algebra K R] [Fintype ι] [DecidableEq ι] (D : ι → Derivation K R R) (I : Ideal R) (u : Rˣ) (H p : ι → R)
  (hp : ∀ (i : ι), p i ∈ I) (hH : ∀ (i : ι), H i - ↑u⁻¹ * p i ∈ I ^ 2) (N : Ideal (R ⧸ I))
  (hd : LinearStudy.Annihilates N ((Ideal.Quotient.mk I) (Matrix.det fun i j => (D j) (H i)))) :
  LinearStudy.Annihilates N ((Ideal.Quotient.mk I) (Matrix.det fun i j => (D j) (p i)))
'LinearStudy.fiber_jacobian_annihilates' depends on axioms: [propext, Classical.choice, Quot.sound]
LinearStudy.local_ideal_generators_under_ringEquiv.{u_1, u_2, u_3} {R : Type u_1} {T : Type u_2} {ι : Type u_3}
  [CommRing R] [CommRing T] (I P : Ideal R) [P.IsPrime] (Q : Ideal T) [Q.IsPrime] (e : R ≃+* T)
  (hP : P = Ideal.comap e Q) (G : ι → R)
  (hs :
    Ideal.map (algebraMap R (Localization.AtPrime P)) I =
      Ideal.span (Set.range fun i => (algebraMap R (Localization.AtPrime P)) (G i))) :
  Ideal.map (algebraMap T (Localization.AtPrime Q)) (Ideal.map e.toRingHom I) =
    Ideal.span (Set.range fun i => (algebraMap T (Localization.AtPrime Q)) (e (G i)))
'LinearStudy.local_ideal_generators_under_ringEquiv' depends on axioms: [propext, Classical.choice, Quot.sound]
LinearStudy.point_kernel_under_polynomialLinearChange.{u_1, u_2} {K : Type u_1} {σ : Type u_2} [Field K] [Fintype σ]
  [DecidableEq σ] (P : Matrix σ σ K) (hP : P.det ≠ 0) (x : σ → K) :
  RingHom.ker (MvPolynomial.aeval x).toRingHom =
    Ideal.comap (LinearStudy.polynomialLinearChangeEquiv P hP).toRingEquiv.toRingHom
      (RingHom.ker (MvPolynomial.aeval (P⁻¹.mulVec x)).toRingHom)
'LinearStudy.point_kernel_under_polynomialLinearChange' depends on axioms: [propext, Classical.choice, Quot.sound]
LinearStudy.polynomial_local_generators_under_linear_change.{u_1, u_2, u_3} {K : Type u_1} {σ : Type u_2} {ι : Type u_3}
  [Field K] [Fintype σ] [DecidableEq σ] (I : Ideal (MvPolynomial σ K)) (x : σ → K) (P : Matrix σ σ K) (hP : P.det ≠ 0)
  (G : ι → MvPolynomial σ K)
  (hs :
    Ideal.map (algebraMap (MvPolynomial σ K) (Localization.AtPrime (RingHom.ker (MvPolynomial.aeval x).toRingHom))) I =
      Ideal.span
        (Set.range fun i =>
          (algebraMap (MvPolynomial σ K) (Localization.AtPrime (RingHom.ker (MvPolynomial.aeval x).toRingHom)))
            (G i))) :
  Ideal.map
      (algebraMap (MvPolynomial σ K) (Localization.AtPrime (RingHom.ker (MvPolynomial.aeval (P⁻¹.mulVec x)).toRingHom)))
      (Ideal.map (LinearStudy.polynomialLinearChangeEquiv P hP).toRingEquiv.toRingHom I) =
    Ideal.span
      (Set.range fun i =>
        (algebraMap (MvPolynomial σ K)
            (Localization.AtPrime (RingHom.ker (MvPolynomial.aeval (P⁻¹.mulVec x)).toRingHom)))
          ((LinearStudy.polynomialLinearChangeEquiv P hP) (G i)))
'LinearStudy.polynomial_local_generators_under_linear_change' depends on axioms: [propext, Classical.choice, Quot.sound]
LinearStudy.localization_map_principal_annihilator.{u_1, u_2} {R : Type u_1} [CommRing R] (M : Submonoid R)
  (S : Type u_2) [CommRing S] [Algebra R S] [IsLocalization M S] (x : R) :
  Ideal.map (algebraMap R S) (Submodule.annihilator (Ideal.span {x})) =
    Submodule.annihilator (Ideal.span {(algebraMap R S) x})
'LinearStudy.localization_map_principal_annihilator' depends on axioms: [propext, Classical.choice, Quot.sound]
LinearStudy.localization_map_finite_span_annihilator.{u_1, u_2} {R : Type u_1} [CommRing R] (M : Submonoid R)
  (S : Type u_2) [CommRing S] [Algebra R S] [IsLocalization M S] (s : Finset R) :
  Ideal.map (algebraMap R S) (Submodule.annihilator (Ideal.span ↑s)) =
    Submodule.annihilator (Ideal.map (algebraMap R S) (Ideal.span ↑s))
'LinearStudy.localization_map_finite_span_annihilator' depends on axioms: [propext, Classical.choice, Quot.sound]
LinearStudy.localization_map_annihilator_of_fg.{u_1, u_2} {R : Type u_1} [CommRing R] (M : Submonoid R) (S : Type u_2)
  [CommRing S] [Algebra R S] [IsLocalization M S] (I : Ideal R) (hI : I.FG) :
  Ideal.map (algebraMap R S) (Submodule.annihilator I) = Submodule.annihilator (Ideal.map (algebraMap R S) I)
'LinearStudy.localization_map_annihilator_of_fg' depends on axioms: [propext, Classical.choice, Quot.sound]
LinearStudy.nilradical_annihilator_generator_of_localizations.{u_1} {R : Type u_1} [CommRing R] [IsNoetherianRing R]
  (theta : R)
  (h :
    ∀ (P : Ideal R) [inst : P.IsMaximal],
      Submodule.annihilator (nilradical (Localization.AtPrime P)) =
        Ideal.span {(algebraMap R (Localization.AtPrime P)) theta}) :
  Submodule.annihilator (nilradical R) = Ideal.span {theta}
'LinearStudy.nilradical_annihilator_generator_of_localizations' depends on axioms: [propext,
 Classical.choice,
 Quot.sound]
LinearStudy.polynomialLocalizedDifferentialBasis.{u_1, u_2} {K : Type u_1} {σ : Type u_2} [Field K]
  (P : Ideal (MvPolynomial σ K)) [P.IsPrime] : Module.Basis σ (Localization.AtPrime P) Ω[Localization.AtPrime P⁄K]
'LinearStudy.polynomialLocalizedDifferentialBasis' depends on axioms: [propext, Classical.choice, Quot.sound]
LinearStudy.polynomialLocalizedDifferentialBasis_apply.{u_1, u_2} {K : Type u_1} {σ : Type u_2} [Field K]
  (P : Ideal (MvPolynomial σ K)) [P.IsPrime] (i : σ) :
  (LinearStudy.polynomialLocalizedDifferentialBasis P) i =
    (KaehlerDifferential.D K (Localization.AtPrime P))
      ((algebraMap (MvPolynomial σ K) (Localization.AtPrime P)) (MvPolynomial.X i))
'LinearStudy.polynomialLocalizedDifferentialBasis_apply' depends on axioms: [propext, Classical.choice, Quot.sound]
LinearStudy.polynomialLocalizedDifferentialBasis_repr_D.{u_1, u_2} {K : Type u_1} {σ : Type u_2} [Field K]
  (P : Ideal (MvPolynomial σ K)) [P.IsPrime] (G : MvPolynomial σ K) (i : σ) :
  ((LinearStudy.polynomialLocalizedDifferentialBasis P).repr
        ((KaehlerDifferential.D K (Localization.AtPrime P))
          ((algebraMap (MvPolynomial σ K) (Localization.AtPrime P)) G)))
      i =
    (algebraMap (MvPolynomial σ K) (Localization.AtPrime P)) ((MvPolynomial.pderiv i) G)
'LinearStudy.polynomialLocalizedDifferentialBasis_repr_D' depends on axioms: [propext, Classical.choice, Quot.sound]
LinearStudy.polynomialLocalizedDifferentialBasis_baseChange_repr_D.{u_1, u_2, u_3} {K : Type u_1} {σ : Type u_2}
  {Q : Type u_3} [Field K] [CommRing Q] (P : Ideal (MvPolynomial σ K)) [P.IsPrime] [Algebra (Localization.AtPrime P) Q]
  (G : MvPolynomial σ K) (i : σ) :
  ((Module.Basis.baseChange Q (LinearStudy.polynomialLocalizedDifferentialBasis P)).repr
        (1 ⊗ₜ[Localization.AtPrime P]
          (KaehlerDifferential.D K (Localization.AtPrime P))
            ((algebraMap (MvPolynomial σ K) (Localization.AtPrime P)) G)))
      i =
    (algebraMap (Localization.AtPrime P) Q)
      ((algebraMap (MvPolynomial σ K) (Localization.AtPrime P)) ((MvPolynomial.pderiv i) G))
'LinearStudy.polynomialLocalizedDifferentialBasis_baseChange_repr_D' depends on axioms: [propext,
 Classical.choice,
 Quot.sound]
LinearStudy.localized_differential_finrank.{u_1, u_2, u_3} {K : Type u_1} {A : Type u_2} {B : Type u_3} [CommRing K]
  [CommRing A] [CommRing B] [IsDomain A] [Algebra K A] [Algebra K B] [Algebra A B] [IsScalarTower K A B]
  (M : Submonoid A) [IsLocalization M B] (hM : M ≤ nonZeroDivisors A) :
  Module.finrank B Ω[B⁄K] = Module.finrank A Ω[A⁄K]
'LinearStudy.localized_differential_finrank' depends on axioms: [propext, Classical.choice, Quot.sound]
LinearStudy.atPrime_differential_finrank.{u_1, u_2} {K : Type u_1} {A : Type u_2} [CommRing K] [CommRing A] [IsDomain A]
  [Algebra K A] (P : Ideal A) [P.IsPrime] :
  Module.finrank (Localization.AtPrime P) Ω[Localization.AtPrime P⁄K] = Module.finrank A Ω[A⁄K]
'LinearStudy.atPrime_differential_finrank' depends on axioms: [propext, Classical.choice, Quot.sound]
LinearStudy.atPrime_differential_finrank_eq.{u_1, u_2} {K : Type u_1} {A : Type u_2} [CommRing K] [CommRing A]
  [IsDomain A] [Algebra K A] (P Q : Ideal A) [P.IsPrime] [Q.IsPrime] :
  Module.finrank (Localization.AtPrime P) Ω[Localization.AtPrime P⁄K] =
    Module.finrank (Localization.AtPrime Q) Ω[Localization.AtPrime Q⁄K]
'LinearStudy.atPrime_differential_finrank_eq' depends on axioms: [propext, Classical.choice, Quot.sound]
LinearStudy.polynomial_local_differential_finrank.{u_1, u_2} {K : Type u_1} {σ : Type u_2} [Field K]
  (I P : Ideal (MvPolynomial σ K)) [I.IsPrime] [P.IsPrime] (hIP : I ≤ P) :
  let Q := Localization.AtPrime P ⧸ Ideal.map (algebraMap (MvPolynomial σ K) (Localization.AtPrime P)) I;
  Module.finrank Q Ω[Q⁄K] = Module.finrank (MvPolynomial σ K ⧸ I) Ω[MvPolynomial σ K ⧸ I⁄K]
'LinearStudy.polynomial_local_differential_finrank' depends on axioms: [propext, Classical.choice, Quot.sound]
LinearStudy.smooth_polynomial_conormal_finrank.{u_1, u_2} {K : Type u_1} {σ : Type u_2} [Field K] [Finite σ]
  (I P : Ideal (MvPolynomial σ K)) [I.IsPrime] [P.IsPrime] (hIP : I ≤ P)
  [Algebra.FormallySmooth K
      (Localization.AtPrime P ⧸ Ideal.map (algebraMap (MvPolynomial σ K) (Localization.AtPrime P)) I)] :
  let Q := Localization.AtPrime P ⧸ Ideal.map (algebraMap (MvPolynomial σ K) (Localization.AtPrime P)) I;
  Module.finrank Q (LinearStudy.polynomialLocalQuotientExtension I P).Cotangent =
    Nat.card σ - Module.finrank (MvPolynomial σ K ⧸ I) Ω[MvPolynomial σ K ⧸ I⁄K]
'LinearStudy.smooth_polynomial_conormal_finrank' depends on axioms: [propext, Classical.choice, Quot.sound]
LinearStudy.smooth_prime_polynomial_conormal_rank_positive.{u_1, u_2} {K : Type u_1} {σ : Type u_2} [Field K] [Finite σ]
  (I P : Ideal (MvPolynomial σ K)) [I.IsPrime] [P.IsPrime] (hI : I ≠ ⊥) (hIP : I ≤ P)
  [Algebra.FormallySmooth K
      (Localization.AtPrime P ⧸ Ideal.map (algebraMap (MvPolynomial σ K) (Localization.AtPrime P)) I)] :
  0 < Nat.card σ - Module.finrank (MvPolynomial σ K ⧸ I) Ω[MvPolynomial σ K ⧸ I⁄K]
'LinearStudy.smooth_prime_polynomial_conormal_rank_positive' depends on axioms: [propext, Classical.choice, Quot.sound]
LinearStudy.smooth_prime_points_have_common_formal_normal_coordinates.{u_1, u_2, u_3} {K : Type u_1} {σ : Type u_2}
  {ι : Type u_3} [Field K] [Infinite K] [Fintype σ] [DecidableEq σ] [Fintype ι] [Nonempty ι]
  (I : Ideal (MvPolynomial σ K)) [I.IsPrime] (hI : I ≠ ⊥) (P : ι → Ideal (MvPolynomial σ K)) [∀ (a : ι), (P a).IsPrime]
  (x : ι → σ → K) (hIP : ∀ (a : ι), I ≤ P a) (hP : ∀ (a : ι), P a = RingHom.ker (MvPolynomial.aeval (x a)).toRingHom)
  [∀ (a : ι),
      Algebra.FormallySmooth K
        (Localization.AtPrime (P a) ⧸ Ideal.map (algebraMap (MvPolynomial σ K) (Localization.AtPrime (P a))) I)] :
  ∃ r c,
    ∃ (hc : 0 < c),
      ∃ e M,
        ∃ (hM : M.det ≠ 0),
          ∃ G,
            have C := LinearStudy.polynomialLinearChangeEquiv M hM;
            have y := fun a => M⁻¹.mulVec (x a) ∘ ⇑e;
            have H := fun a i => (MvPolynomial.rename ⇑e.symm) (C (G a i));
            ∃ (hH : ∀ (a : ι) (i : Fin c), (MvPolynomial.eval (y a)) (H a i) = 0) (hJ :
              ∀ (a : ι),
                IsUnit (Matrix.det fun i j => (MvPolynomial.eval (y a)) ((MvPolynomial.pderiv (Sum.inr j)) (H a i)))),
              ∀ (a : ι),
                Ideal.map
                    (((LinearStudy.polynomialSmoothFormalMap (y a) (H a) ⋯ ⋯).comp
                          (MvPolynomial.rename ⇑e.symm).toRingHom).comp
                      C.toRingEquiv.toRingHom)
                    I =
                  Ideal.span (Set.range MvPowerSeries.X)
'LinearStudy.smooth_prime_points_have_common_formal_normal_coordinates' depends on axioms: [propext,
 Classical.choice,
 Quot.sound]
LinearStudy.localizedPointQuotientEquiv.{u_1} {R : Type u_1} [CommRing R] (M : Submonoid R) (I : Ideal R)
  (P : Ideal (Localization M)) [P.IsPrime] :
  Localization.AtPrime (Ideal.comap (algebraMap R (Localization M)) P) ⧸
      Ideal.map (algebraMap R (Localization.AtPrime (Ideal.comap (algebraMap R (Localization M)) P))) I ≃+*
    Localization.AtPrime P ⧸
      Ideal.map (algebraMap (Localization M) (Localization.AtPrime P)) (Ideal.map (algebraMap R (Localization M)) I)
'LinearStudy.localizedPointQuotientEquiv' depends on axioms: [propext, Classical.choice, Quot.sound]
LinearStudy.localizedPointQuotientEquiv_mk.{u_1} {R : Type u_1} [CommRing R] (M : Submonoid R) (I : Ideal R)
  (P : Ideal (Localization M)) [P.IsPrime] (a : R) :
  (LinearStudy.localizedPointQuotientEquiv M I P)
      ((Ideal.Quotient.mk
          (Ideal.map (algebraMap R (Localization.AtPrime (Ideal.comap (algebraMap R (Localization M)) P))) I))
        ((algebraMap R (Localization.AtPrime (Ideal.comap (algebraMap R (Localization M)) P))) a)) =
    (Ideal.Quotient.mk
        (Ideal.map (algebraMap (Localization M) (Localization.AtPrime P))
          (Ideal.map (algebraMap R (Localization M)) I)))
      ((algebraMap (Localization M) (Localization.AtPrime P)) ((algebraMap R (Localization M)) a))
'LinearStudy.localizedPointQuotientEquiv_mk' depends on axioms: [propext, Classical.choice, Quot.sound]
LinearStudy.polynomialAwayPointEvaluation_point_comap.{u_1, u_2} {K : Type u_1} {σ : Type u_2} [Field K] (x : σ → K)
  (p0 : MvPolynomial σ K) (hp0 : (MvPolynomial.eval x) p0 ≠ 0) :
  Ideal.comap (algebraMap (MvPolynomial σ K) (Localization.Away p0))
      (RingHom.ker (LinearStudy.polynomialAwayPointEvaluation x p0 hp0).toRingHom) =
    RingHom.ker (MvPolynomial.aeval x).toRingHom
'LinearStudy.polynomialAwayPointEvaluation_point_comap' depends on axioms: [propext, Classical.choice, Quot.sound]
LinearStudy.localizedSmoothPointQuotientReduction.{u_1} {K : Type u_1} [Field K] {r c : ℕ} [Nonempty (Fin c)]
  (x : Fin r ⊕ Fin c → K) (p0 : MvPolynomial (Fin r ⊕ Fin c) K) (I : Ideal (MvPolynomial (Fin r ⊕ Fin c) K))
  (P : Ideal (Localization.Away p0)) [P.IsPrime]
  (hP :
    Ideal.comap (algebraMap (MvPolynomial (Fin r ⊕ Fin c) K) (Localization.Away p0)) P =
      RingHom.ker (MvPolynomial.aeval x).toRingHom)
  (G : Fin c → MvPolynomial (Fin r ⊕ Fin c) K) (hG : ∀ (i : Fin c), (MvPolynomial.eval x) (G i) = 0)
  (hJ : IsUnit (Matrix.det fun i j => (MvPolynomial.eval x) ((MvPolynomial.pderiv (Sum.inr j)) (G i))))
  (hlocal :
    Ideal.map
        (algebraMap (MvPolynomial (Fin r ⊕ Fin c) K)
          (Localization.AtPrime (Ideal.comap (algebraMap (MvPolynomial (Fin r ⊕ Fin c) K) (Localization.Away p0)) P)))
        I =
      Ideal.span
        (Set.range fun i =>
          (algebraMap (MvPolynomial (Fin r ⊕ Fin c) K)
              (Localization.AtPrime
                (Ideal.comap (algebraMap (MvPolynomial (Fin r ⊕ Fin c) K) (Localization.Away p0)) P)))
            (G i))) :
  Localization.AtPrime P ⧸
      Ideal.map (algebraMap (Localization.Away p0) (Localization.AtPrime P))
        (Ideal.map (algebraMap (MvPolynomial (Fin r ⊕ Fin c) K) (Localization.Away p0)) I) →+*
    MvPowerSeries (Fin r) K
'LinearStudy.localizedSmoothPointQuotientReduction' depends on axioms: [propext, Classical.choice, Quot.sound]
LinearStudy.localizedSmoothPointQuotientReduction_polynomial.{u_1} {K : Type u_1} [Field K] {r c : ℕ} [Nonempty (Fin c)]
  (x : Fin r ⊕ Fin c → K) (p0 : MvPolynomial (Fin r ⊕ Fin c) K) (I : Ideal (MvPolynomial (Fin r ⊕ Fin c) K))
  (P : Ideal (Localization.Away p0)) [P.IsPrime]
  (hP :
    Ideal.comap (algebraMap (MvPolynomial (Fin r ⊕ Fin c) K) (Localization.Away p0)) P =
      RingHom.ker (MvPolynomial.aeval x).toRingHom)
  (G : Fin c → MvPolynomial (Fin r ⊕ Fin c) K) (hG : ∀ (i : Fin c), (MvPolynomial.eval x) (G i) = 0)
  (hJ : IsUnit (Matrix.det fun i j => (MvPolynomial.eval x) ((MvPolynomial.pderiv (Sum.inr j)) (G i))))
  (hlocal :
    Ideal.map
        (algebraMap (MvPolynomial (Fin r ⊕ Fin c) K)
          (Localization.AtPrime (Ideal.comap (algebraMap (MvPolynomial (Fin r ⊕ Fin c) K) (Localization.Away p0)) P)))
        I =
      Ideal.span
        (Set.range fun i =>
          (algebraMap (MvPolynomial (Fin r ⊕ Fin c) K)
              (Localization.AtPrime
                (Ideal.comap (algebraMap (MvPolynomial (Fin r ⊕ Fin c) K) (Localization.Away p0)) P)))
            (G i)))
  (a : MvPolynomial (Fin r ⊕ Fin c) K) :
  (LinearStudy.localizedSmoothPointQuotientReduction x p0 I P hP G hG hJ hlocal)
      ((Ideal.Quotient.mk
          (Ideal.map (algebraMap (Localization.Away p0) (Localization.AtPrime P))
            (Ideal.map (algebraMap (MvPolynomial (Fin r ⊕ Fin c) K) (Localization.Away p0)) I)))
        ((algebraMap (Localization.Away p0) (Localization.AtPrime P))
          ((algebraMap (MvPolynomial (Fin r ⊕ Fin c) K) (Localization.Away p0)) a))) =
    (LinearStudy.polynomialSmoothReducedMap x G hG hJ) a
'LinearStudy.localizedSmoothPointQuotientReduction_polynomial' depends on axioms: [propext,
 Classical.choice,
 Quot.sound]
LinearStudy.localizedSmoothPointQuotient_isLocalRing.{u_1} {K : Type u_1} [Field K] {r c : ℕ} [Nonempty (Fin c)]
  (x : Fin r ⊕ Fin c → K) (p0 : MvPolynomial (Fin r ⊕ Fin c) K) (I : Ideal (MvPolynomial (Fin r ⊕ Fin c) K))
  (P : Ideal (Localization.Away p0)) [P.IsPrime]
  (hP :
    Ideal.comap (algebraMap (MvPolynomial (Fin r ⊕ Fin c) K) (Localization.Away p0)) P =
      RingHom.ker (MvPolynomial.aeval x).toRingHom)
  (G : Fin c → MvPolynomial (Fin r ⊕ Fin c) K) (hG : ∀ (i : Fin c), (MvPolynomial.eval x) (G i) = 0)
  (hJ : IsUnit (Matrix.det fun i j => (MvPolynomial.eval x) ((MvPolynomial.pderiv (Sum.inr j)) (G i))))
  (hlocal :
    Ideal.map
        (algebraMap (MvPolynomial (Fin r ⊕ Fin c) K)
          (Localization.AtPrime (Ideal.comap (algebraMap (MvPolynomial (Fin r ⊕ Fin c) K) (Localization.Away p0)) P)))
        I =
      Ideal.span
        (Set.range fun i =>
          (algebraMap (MvPolynomial (Fin r ⊕ Fin c) K)
              (Localization.AtPrime
                (Ideal.comap (algebraMap (MvPolynomial (Fin r ⊕ Fin c) K) (Localization.Away p0)) P)))
            (G i))) :
  IsLocalRing
    (Localization.AtPrime P ⧸
      Ideal.map (algebraMap (Localization.Away p0) (Localization.AtPrime P))
        (Ideal.map (algebraMap (MvPolynomial (Fin r ⊕ Fin c) K) (Localization.Away p0)) I))
'LinearStudy.localizedSmoothPointQuotient_isLocalRing' depends on axioms: [propext, Classical.choice, Quot.sound]
LinearStudy.localizedSmoothPointQuotientReduction_maximalIdeal.{u_1} {K : Type u_1} [Field K] {r c : ℕ}
  [Nonempty (Fin c)] [Nonempty (Fin r)] (x : Fin r ⊕ Fin c → K) (p0 : MvPolynomial (Fin r ⊕ Fin c) K)
  (I : Ideal (MvPolynomial (Fin r ⊕ Fin c) K)) (P : Ideal (Localization.Away p0)) [P.IsPrime]
  (hP :
    Ideal.comap (algebraMap (MvPolynomial (Fin r ⊕ Fin c) K) (Localization.Away p0)) P =
      RingHom.ker (MvPolynomial.aeval x).toRingHom)
  (G : Fin c → MvPolynomial (Fin r ⊕ Fin c) K) (hG : ∀ (i : Fin c), (MvPolynomial.eval x) (G i) = 0)
  (hJ : IsUnit (Matrix.det fun i j => (MvPolynomial.eval x) ((MvPolynomial.pderiv (Sum.inr j)) (G i))))
  (hlocal :
    Ideal.map
        (algebraMap (MvPolynomial (Fin r ⊕ Fin c) K)
          (Localization.AtPrime (Ideal.comap (algebraMap (MvPolynomial (Fin r ⊕ Fin c) K) (Localization.Away p0)) P)))
        I =
      Ideal.span
        (Set.range fun i =>
          (algebraMap (MvPolynomial (Fin r ⊕ Fin c) K)
              (Localization.AtPrime
                (Ideal.comap (algebraMap (MvPolynomial (Fin r ⊕ Fin c) K) (Localization.Away p0)) P)))
            (G i))) :
  Ideal.map (LinearStudy.localizedSmoothPointQuotientReduction x p0 I P hP G hG hJ hlocal)
      (IsLocalRing.maximalIdeal
        (Localization.AtPrime P ⧸
          Ideal.map (algebraMap (Localization.Away p0) (Localization.AtPrime P))
            (Ideal.map (algebraMap (MvPolynomial (Fin r ⊕ Fin c) K) (Localization.Away p0)) I))) =
    IsLocalRing.maximalIdeal (MvPowerSeries (Fin r) K)
'LinearStudy.localizedSmoothPointQuotientReduction_maximalIdeal' depends on axioms: [propext,
 Classical.choice,
 Quot.sound]
LinearStudy.generalPointLocalQuotientPullback_scalar_comp.{u_1, u_2, u_3} {K : Type u_1} {R : Type u_2} {A : Type u_3}
  [CommRing K] [CommRing R] [CommRing A] [Algebra K R] [Algebra K A] (I : Ideal R) (J P : Ideal A) (Q : Ideal R)
  [P.IsPrime] [Q.IsPrime] (φ : R →ₐ[K] A) (hQP : Q = Ideal.comap φ.toRingHom P) (hφ : Ideal.map φ.toRingHom I ≤ J) :
  (LinearStudy.generalPointLocalQuotientPullback I J P Q φ.toRingHom hQP hφ).comp
      (algebraMap K (Localization.AtPrime Q ⧸ Ideal.map (algebraMap R (Localization.AtPrime Q)) I)) =
    algebraMap K (Localization.AtPrime P ⧸ Ideal.map (algebraMap A (Localization.AtPrime P)) J)
'LinearStudy.generalPointLocalQuotientPullback_scalar_comp' depends on axioms: [propext, Classical.choice, Quot.sound]
LinearStudy.generalPointLocalQuotientPullback_essFiniteType.{u_1, u_2, u_3} {K : Type u_1} {R : Type u_2} {A : Type u_3}
  [CommRing K] [CommRing R] [CommRing A] [Algebra K R] [Algebra K A] [Algebra.EssFiniteType K A] (I : Ideal R)
  (J P : Ideal A) (Q : Ideal R) [P.IsPrime] [Q.IsPrime] (φ : R →ₐ[K] A) (hQP : Q = Ideal.comap φ.toRingHom P)
  (hφ : Ideal.map φ.toRingHom I ≤ J) :
  (LinearStudy.generalPointLocalQuotientPullback I J P Q φ.toRingHom hQP hφ).EssFiniteType
'LinearStudy.generalPointLocalQuotientPullback_essFiniteType' depends on axioms: [propext, Classical.choice, Quot.sound]
LinearStudy.local_ideal_generators_image.{u_1, u_2, u_3} {R : Type u_1} {S : Type u_2} {ι : Type u_3} [CommRing R]
  [CommRing S] (I P : Ideal R) [P.IsPrime] (G : ι → R) (ψ : R →+* S) (hunit : ∀ (s : ↥P.primeCompl), IsUnit (ψ ↑s))
  (hlocal :
    Ideal.map (algebraMap R (Localization.AtPrime P)) I =
      Ideal.span (Set.range fun i => (algebraMap R (Localization.AtPrime P)) (G i))) :
  Ideal.map ψ I = Ideal.span (Set.range fun i => ψ (G i))
'LinearStudy.local_ideal_generators_image' depends on axioms: [propext, Classical.choice, Quot.sound]
LinearStudy.polynomialSmoothFormalMap_isUnit_iff.{u_1} {K : Type u_1} [Field K] {r c : ℕ} [Nonempty (Fin c)]
  (x : Fin r ⊕ Fin c → K) (G : Fin c → MvPolynomial (Fin r ⊕ Fin c) K)
  (hG : ∀ (i : Fin c), (MvPolynomial.eval x) (G i) = 0)
  (hJ : IsUnit (Matrix.det fun i j => (MvPolynomial.eval x) ((MvPolynomial.pderiv (Sum.inr j)) (G i))))
  (P : MvPolynomial (Fin r ⊕ Fin c) K) :
  IsUnit ((LinearStudy.polynomialSmoothFormalMap x G hG hJ) P) ↔ (MvPolynomial.eval x) P ≠ 0
'LinearStudy.polynomialSmoothFormalMap_isUnit_iff' depends on axioms: [propext, Classical.choice, Quot.sound]
LinearStudy.polynomialSmoothFormalMap_target_local_generators.{u_1, u_2} {K : Type u_1} [Field K] {r c : ℕ}
  [Nonempty (Fin c)] (x : Fin r ⊕ Fin c → K) (G : Fin c → MvPolynomial (Fin r ⊕ Fin c) K)
  (hG : ∀ (i : Fin c), (MvPolynomial.eval x) (G i) = 0)
  (hJ : IsUnit (Matrix.det fun i j => (MvPolynomial.eval x) ((MvPolynomial.pderiv (Sum.inr j)) (G i))))
  (F : Fin r ⊕ Fin c → MvPolynomial (Fin r ⊕ Fin c) K) (I P : Ideal (MvPolynomial (Fin r ⊕ Fin c) K)) [P.IsPrime]
  (hP : P = RingHom.ker (MvPolynomial.aeval fun i => (MvPolynomial.eval x) (F i)).toRingHom) {ι : Type u_2}
  (H : ι → MvPolynomial (Fin r ⊕ Fin c) K)
  (hlocal :
    Ideal.map (algebraMap (MvPolynomial (Fin r ⊕ Fin c) K) (Localization.AtPrime P)) I =
      Ideal.span (Set.range fun i => (algebraMap (MvPolynomial (Fin r ⊕ Fin c) K) (Localization.AtPrime P)) (H i))) :
  Ideal.map (LinearStudy.polynomialSmoothFormalMap x G hG hJ) (Ideal.map (MvPolynomial.aeval F).toRingHom I) =
    Ideal.span (Set.range fun i => (LinearStudy.polynomialSmoothFormalMap x G hG hJ) ((MvPolynomial.aeval F) (H i)))
'LinearStudy.polynomialSmoothFormalMap_target_local_generators' depends on axioms: [propext,
 Classical.choice,
 Quot.sound]
LinearStudy.point_local_quotient_maximalIdeal_map.{u_1} {R : Type u_1} [CommRing R] (I P : Ideal R) [P.IsPrime]
  [IsLocalRing (Localization.AtPrime P ⧸ Ideal.map (algebraMap R (Localization.AtPrime P)) I)] :
  Ideal.map (Ideal.Quotient.mk (Ideal.map (algebraMap R (Localization.AtPrime P)) I))
      (Ideal.map (algebraMap R (Localization.AtPrime P)) P) =
    IsLocalRing.maximalIdeal (Localization.AtPrime P ⧸ Ideal.map (algebraMap R (Localization.AtPrime P)) I)
'LinearStudy.point_local_quotient_maximalIdeal_map' depends on axioms: [propext, Classical.choice, Quot.sound]
LinearStudy.local_pullback_ideal_le.{u_1} {R : Type u_1} [CommRing R] (I P Q : Ideal R) [P.IsPrime] [Q.IsPrime]
  (φ : R →+* R) (hQP : Q = Ideal.comap φ P) (hφ : Ideal.map φ I ≤ I) :
  Ideal.map (algebraMap R (Localization.AtPrime Q)) I ≤
    Ideal.comap (Localization.localRingHom Q P φ hQP) (Ideal.map (algebraMap R (Localization.AtPrime P)) I)
'LinearStudy.local_pullback_ideal_le' depends on axioms: [propext, Classical.choice, Quot.sound]
LinearStudy.pointLocalQuotientPullback.{u_1} {R : Type u_1} [CommRing R] (I P Q : Ideal R) [P.IsPrime] [Q.IsPrime]
  (φ : R →+* R) (hQP : Q = Ideal.comap φ P) (hφ : Ideal.map φ I ≤ I) :
  Localization.AtPrime Q ⧸ Ideal.map (algebraMap R (Localization.AtPrime Q)) I →+*
    Localization.AtPrime P ⧸ Ideal.map (algebraMap R (Localization.AtPrime P)) I
'LinearStudy.pointLocalQuotientPullback' depends on axioms: [propext, Classical.choice, Quot.sound]
LinearStudy.pointLocalQuotientPullback_polynomial.{u_1} {R : Type u_1} [CommRing R] (I P Q : Ideal R) [P.IsPrime]
  [Q.IsPrime] (φ : R →+* R) (hQP : Q = Ideal.comap φ P) (hφ : Ideal.map φ I ≤ I) (a : R) :
  (LinearStudy.pointLocalQuotientPullback I P Q φ hQP hφ)
      ((Ideal.Quotient.mk (Ideal.map (algebraMap R (Localization.AtPrime Q)) I))
        ((algebraMap R (Localization.AtPrime Q)) a)) =
    (Ideal.Quotient.mk (Ideal.map (algebraMap R (Localization.AtPrime P)) I))
      ((algebraMap R (Localization.AtPrime P)) (φ a))
'LinearStudy.pointLocalQuotientPullback_polynomial' depends on axioms: [propext, Classical.choice, Quot.sound]
LinearStudy.local_quotient_map_isLocalHom.{u_1, u_2} {R : Type u_1} {S : Type u_2} [CommRing R] [CommRing S]
  [IsLocalRing R] [IsLocalRing S] (I : Ideal R) (J : Ideal S) [Nontrivial (S ⧸ J)] (φ : R →+* S) [IsLocalHom φ]
  (h : I ≤ Ideal.comap φ J) : IsLocalHom (Ideal.quotientMap J φ h)
'LinearStudy.local_quotient_map_isLocalHom' depends on axioms: [propext, Classical.choice, Quot.sound]
LinearStudy.pointLocalQuotientPullback_isLocalHom.{u_1} {R : Type u_1} [CommRing R] (I P Q : Ideal R) [P.IsPrime]
  [Q.IsPrime] [Nontrivial (Localization.AtPrime P ⧸ Ideal.map (algebraMap R (Localization.AtPrime P)) I)] (φ : R →+* R)
  (hQP : Q = Ideal.comap φ P) (hφ : Ideal.map φ I ≤ I) :
  IsLocalHom (LinearStudy.pointLocalQuotientPullback I P Q φ hQP hφ)
'LinearStudy.pointLocalQuotientPullback_isLocalHom' depends on axioms: [propext, Classical.choice, Quot.sound]
LinearStudy.polynomial_pullback_point_comap.{u_1, u_2} {K : Type u_1} {σ : Type u_2} [CommRing K]
  (F : σ → MvPolynomial σ K) (x : σ → K) :
  RingHom.ker (MvPolynomial.aeval fun i => (MvPolynomial.eval x) (F i)).toRingHom =
    Ideal.comap (MvPolynomial.aeval F).toRingHom (RingHom.ker (MvPolynomial.aeval x).toRingHom)
'LinearStudy.polynomial_pullback_point_comap' depends on axioms: [propext, Classical.choice, Quot.sound]
LinearStudy.smooth_local_quotient_pullback_reduction.{u_1} {K : Type u_1} [Field K] {r c : ℕ} [Nonempty (Fin c)]
  (I P Q : Ideal (MvPolynomial (Fin r ⊕ Fin c) K)) [P.IsPrime] [Q.IsPrime] (x : Fin r ⊕ Fin c → K)
  (hP : P = RingHom.ker (MvPolynomial.aeval x).toRingHom) (F : Fin r ⊕ Fin c → MvPolynomial (Fin r ⊕ Fin c) K)
  (hQP : Q = Ideal.comap (MvPolynomial.aeval F).toRingHom P) (hF : Ideal.map (MvPolynomial.aeval F).toRingHom I ≤ I)
  (G : Fin c → MvPolynomial (Fin r ⊕ Fin c) K) (hG : ∀ (i : Fin c), (MvPolynomial.eval x) (G i) = 0)
  (hJ : IsUnit (Matrix.det fun i j => (MvPolynomial.eval x) ((MvPolynomial.pderiv (Sum.inr j)) (G i))))
  (hlocal :
    Ideal.map (algebraMap (MvPolynomial (Fin r ⊕ Fin c) K) (Localization.AtPrime P)) I =
      Ideal.span (Set.range fun i => (algebraMap (MvPolynomial (Fin r ⊕ Fin c) K) (Localization.AtPrime P)) (G i)))
  (a : MvPolynomial (Fin r ⊕ Fin c) K) :
  (LinearStudy.polynomialSmoothLocalQuotientReduction I P x hP G hG hJ hlocal)
      ((LinearStudy.pointLocalQuotientPullback I P Q (MvPolynomial.aeval F).toRingHom hQP hF)
        ((Ideal.Quotient.mk (Ideal.map (algebraMap (MvPolynomial (Fin r ⊕ Fin c) K) (Localization.AtPrime Q)) I))
          ((algebraMap (MvPolynomial (Fin r ⊕ Fin c) K) (Localization.AtPrime Q)) a))) =
    (LinearStudy.polynomialSmoothReducedMap x G hG hJ) ((MvPolynomial.aeval F) a)
'LinearStudy.smooth_local_quotient_pullback_reduction' depends on axioms: [propext, Classical.choice, Quot.sound]
LinearStudy.socle_linear_evaluation.{u_1, u_2} {K : Type u_1} {A : Type u_2} [Field K] [CommRing A] [Algebra K A]
  (q : A →ₐ[K] K) (delta : A) (hd : LinearStudy.Annihilates (RingHom.ker q.toRingHom) delta) (rho : A →ₗ[K] K) (h : A) :
  rho (h * delta) = q h * rho delta
'LinearStudy.socle_linear_evaluation' depends on axioms: [propext, Classical.choice, Quot.sound]
LinearStudy.socle_linear_evaluation_exists.{u_1, u_2} {K : Type u_1} {A : Type u_2} [Field K] [CommRing A] [Algebra K A]
  (q : A →ₐ[K] K) (delta : A) (hd : LinearStudy.Annihilates (RingHom.ker q.toRingHom) delta) (hne : delta ≠ 0) :
  ∃ rho, rho delta = 1 ∧ ∀ (h : A), rho (h * delta) = q h
'LinearStudy.socle_linear_evaluation_exists' depends on axioms: [propext, Classical.choice, Quot.sound]
LinearStudy.formalParameterConstantCoeff {r : ℕ} : LinearStudy.ParameterRing r →ₐ[ℂ] ℂ
'LinearStudy.formalParameterConstantCoeff' depends on axioms: [propext, Classical.choice, Quot.sound]
LinearStudy.parameterReductionToField.{u_1} {r : ℕ} {A : Type u_1} [CommRing A]
  [Algebra (LinearStudy.ParameterRing r) A] [Algebra ℂ A] [IsScalarTower ℂ (LinearStudy.ParameterRing r) A]
  (q : A →ₐ[LinearStudy.ParameterRing r] LinearStudy.ParameterRing r) : A →ₐ[ℂ] ℂ
'LinearStudy.parameterReductionToField' depends on axioms: [propext, Classical.choice, Quot.sound]
LinearStudy.parameterReductionToField_kernel.{u_1} {r : ℕ} {A : Type u_1} [CommRing A]
  [Algebra (LinearStudy.ParameterRing r) A] [Algebra ℂ A] [IsScalarTower ℂ (LinearStudy.ParameterRing r) A]
  (q : A →ₐ[LinearStudy.ParameterRing r] LinearStudy.ParameterRing r) :
  RingHom.ker (LinearStudy.parameterReductionToField q).toRingHom =
    Ideal.comap q.toRingHom (IsLocalRing.maximalIdeal (LinearStudy.ParameterRing r))
'LinearStudy.parameterReductionToField_kernel' depends on axioms: [propext, Classical.choice, Quot.sound]
LinearStudy.parameterQuotientResidueMap.{u_1} {r : ℕ} {A : Type u_1} [CommRing A]
  [Algebra (LinearStudy.ParameterRing r) A] [Algebra ℂ A] [IsScalarTower ℂ (LinearStudy.ParameterRing r) A]
  (q : A →ₐ[LinearStudy.ParameterRing r] LinearStudy.ParameterRing r) (J : Ideal A)
  (hJ : Ideal.map q.toRingHom J = IsLocalRing.maximalIdeal (LinearStudy.ParameterRing r)) : A ⧸ J →ₐ[ℂ] ℂ
'LinearStudy.parameterQuotientResidueMap' depends on axioms: [propext, Classical.choice, Quot.sound]
LinearStudy.parameterQuotientResidueMap_mk.{u_1} {r : ℕ} {A : Type u_1} [CommRing A]
  [Algebra (LinearStudy.ParameterRing r) A] [Algebra ℂ A] [IsScalarTower ℂ (LinearStudy.ParameterRing r) A]
  (q : A →ₐ[LinearStudy.ParameterRing r] LinearStudy.ParameterRing r) (J : Ideal A)
  (hJ : Ideal.map q.toRingHom J = IsLocalRing.maximalIdeal (LinearStudy.ParameterRing r)) (a : A) :
  (LinearStudy.parameterQuotientResidueMap q J hJ) ((Ideal.Quotient.mk J) a) = MvPowerSeries.constantCoeff (q a)
'LinearStudy.parameterQuotientResidueMap_mk' depends on axioms: [propext, Classical.choice, Quot.sound]
LinearStudy.parameterQuotientResidueMap_kernel.{u_1} {r : ℕ} {A : Type u_1} [CommRing A]
  [Algebra (LinearStudy.ParameterRing r) A] [Algebra ℂ A] [IsScalarTower ℂ (LinearStudy.ParameterRing r) A]
  (q : A →ₐ[LinearStudy.ParameterRing r] LinearStudy.ParameterRing r) (hq : RingHom.ker q.toRingHom = nilradical A)
  (J : Ideal A) (hJ : Ideal.map q.toRingHom J = IsLocalRing.maximalIdeal (LinearStudy.ParameterRing r)) :
  RingHom.ker (LinearStudy.parameterQuotientResidueMap q J hJ).toRingHom =
    Ideal.map (Ideal.Quotient.mk J) (nilradical A)
'LinearStudy.parameterQuotientResidueMap_kernel' depends on axioms: [propext, Classical.choice, Quot.sound]
LinearStudy.lemma31_local_evaluation_formula {r c : ℕ} (H : Fin c → LinearStudy.AmbientRing r c) (hr : 0 < r)
  (hc : 0 < c) (hH : RingTheory.Sequence.IsRegular (LinearStudy.AmbientRing r c) (List.ofFn H))
  [Module.Finite (LinearStudy.ParameterRing r) (LinearStudy.CompleteIntersection H)]
  [Module.Flat (LinearStudy.ParameterRing r) (LinearStudy.CompleteIntersection H)]
  (q : LinearStudy.CompleteIntersection H →ₐ[LinearStudy.ParameterRing r] LinearStudy.ParameterRing r)
  (hq : RingHom.ker q.toRingHom = nilradical (LinearStudy.CompleteIntersection H))
  (tau : Fin r → LinearStudy.CompleteIntersection H)
  (htau : Ideal.span (Set.range fun i => q (tau i)) = IsLocalRing.maximalIdeal (LinearStudy.ParameterRing r)) :
  have J := Ideal.span (Set.range tau);
  have delta := (Ideal.Quotient.mk J) (LinearStudy.relativeJacobian H);
  ∃ rho,
    rho delta = 1 ∧
      ∀ (h : LinearStudy.CompleteIntersection H),
        rho ((Ideal.Quotient.mk J) h * delta) = MvPowerSeries.constantCoeff (q h)
'LinearStudy.lemma31_local_evaluation_formula' depends on axioms: [propext, Classical.choice, Quot.sound]
LinearStudy.parameterQuotient_finiteOverComplex.{u_1} {r : ℕ} {A : Type u_1} [CommRing A] [IsNoetherianRing A]
  [Algebra (LinearStudy.ParameterRing r) A] [Algebra ℂ A] [IsScalarTower ℂ (LinearStudy.ParameterRing r) A]
  (q : A →ₐ[LinearStudy.ParameterRing r] LinearStudy.ParameterRing r) (hq : RingHom.ker q.toRingHom = nilradical A)
  (J : Ideal A) (hJ : Ideal.map q.toRingHom J = IsLocalRing.maximalIdeal (LinearStudy.ParameterRing r)) :
  Module.Finite ℂ (A ⧸ J)
'LinearStudy.parameterQuotient_finiteOverComplex' depends on axioms: [propext, Classical.choice, Quot.sound]
LinearStudy.perfect_socle_functional_nonzero.{u_1, u_2} {K : Type u_1} {A : Type u_2} [Field K] [CommRing A]
  [Algebra K A] (q : A →ₐ[K] K) (p : LinearStudy.PerfectMultiplicationPairing) (delta : A)
  (hd : LinearStudy.Annihilates (RingHom.ker q.toRingHom) delta) (hne : delta ≠ 0) : p.functional delta ≠ 0
'LinearStudy.perfect_socle_functional_nonzero' depends on axioms: [propext, Classical.choice, Quot.sound]
LinearStudy.kernel_socle_scalar_generation.{u_1, u_2} {K : Type u_1} {A : Type u_2} [Field K] [CommRing A] [Algebra K A]
  (q : A →ₐ[K] K) (delta : A) (hgen : Submodule.annihilator (RingHom.ker q.toRingHom) = Ideal.span {delta}) (x : A) :
  x ∈ Submodule.annihilator (RingHom.ker q.toRingHom) → ∃ b, x = b • delta
'LinearStudy.kernel_socle_scalar_generation' depends on axioms: [propext, Classical.choice, Quot.sound]
LinearStudy.exists_perfectPairing_of_kernel_socle.{u_1, u_2} {K : Type u_1} {A : Type u_2} [Field K] [CommRing A]
  [Algebra K A] [IsNoetherianRing A] [IsArtinianRing A] [IsLocalRing A] (q : A →ₐ[K] K) (delta : A)
  (hk : RingHom.ker q.toRingHom = nilradical A)
  (hgen : Submodule.annihilator (RingHom.ker q.toRingHom) = Ideal.span {delta}) (hne : delta ≠ 0) :
  ∃ p, p.functional delta = 1 ∧ ∀ (h : A), p.functional (h * delta) = q h
'LinearStudy.exists_perfectPairing_of_kernel_socle' depends on axioms: [propext, Classical.choice, Quot.sound]
LinearStudy.lemma31_local_perfectPairing {r c : ℕ} (H : Fin c → LinearStudy.AmbientRing r c) (hr : 0 < r) (hc : 0 < c)
  (hH : RingTheory.Sequence.IsRegular (LinearStudy.AmbientRing r c) (List.ofFn H))
  [Module.Finite (LinearStudy.ParameterRing r) (LinearStudy.CompleteIntersection H)]
  [Module.Flat (LinearStudy.ParameterRing r) (LinearStudy.CompleteIntersection H)]
  (q : LinearStudy.CompleteIntersection H →ₐ[LinearStudy.ParameterRing r] LinearStudy.ParameterRing r)
  (hq : RingHom.ker q.toRingHom = nilradical (LinearStudy.CompleteIntersection H))
  (tau : Fin r → LinearStudy.CompleteIntersection H)
  (htau : Ideal.span (Set.range fun i => q (tau i)) = IsLocalRing.maximalIdeal (LinearStudy.ParameterRing r)) :
  have J := Ideal.span (Set.range tau);
  have delta := (Ideal.Quotient.mk J) (LinearStudy.relativeJacobian H);
  ∃ p,
    p.functional delta = 1 ∧
      ∀ (h : LinearStudy.CompleteIntersection H),
        p.functional ((Ideal.Quotient.mk J) h * delta) = MvPowerSeries.constantCoeff (q h)
'LinearStudy.lemma31_local_perfectPairing' depends on axioms: [propext, Classical.choice, Quot.sound]
LinearStudy.powerSeries_hasEval_of_nilpotent.{u_2} {S : Type u_2} [CommRing S] {n : ℕ} [TopologicalSpace S]
  (a : Fin n → S) (ha : ∀ (i : Fin n), IsNilpotent (a i)) : MvPowerSeries.HasEval a
'LinearStudy.powerSeries_hasEval_of_nilpotent' depends on axioms: [propext, Classical.choice, Quot.sound]
LinearStudy.nilpotentPowerSeriesEval.{u_1, u_2} {R : Type u_1} {S : Type u_2} [CommRing R] [CommRing S] {n : ℕ}
  (f : R →+* S) (a : Fin n → S) (ha : ∀ (i : Fin n), IsNilpotent (a i)) : MvPowerSeries (Fin n) R →+* S
'LinearStudy.nilpotentPowerSeriesEval' depends on axioms: [propext, Classical.choice, Quot.sound]
LinearStudy.nilpotentPowerSeriesEval_C.{u_1, u_2} {R : Type u_1} {S : Type u_2} [CommRing R] [CommRing S] {n : ℕ}
  (f : R →+* S) (a : Fin n → S) (ha : ∀ (i : Fin n), IsNilpotent (a i)) (b : R) :
  (LinearStudy.nilpotentPowerSeriesEval f a ha) (MvPowerSeries.C b) = f b
'LinearStudy.nilpotentPowerSeriesEval_C' depends on axioms: [propext, Classical.choice, Quot.sound]
LinearStudy.nilpotentPowerSeriesEval_X.{u_1, u_2} {R : Type u_1} {S : Type u_2} [CommRing R] [CommRing S] {n : ℕ}
  (f : R →+* S) (a : Fin n → S) (ha : ∀ (i : Fin n), IsNilpotent (a i)) (i : Fin n) :
  (LinearStudy.nilpotentPowerSeriesEval f a ha) (MvPowerSeries.X i) = a i
'LinearStudy.nilpotentPowerSeriesEval_X' depends on axioms: [propext, Classical.choice, Quot.sound]
LinearStudy.nilpotentPowerSeriesEval_comp.{u_1, u_2, u_3} {R : Type u_1} {S : Type u_2} [CommRing R] [CommRing S]
  {n : ℕ} {T : Type u_3} [CommRing T] (f : R →+* S) (g : S →+* T) (a : Fin n → S)
  (ha : ∀ (i : Fin n), IsNilpotent (a i)) :
  g.comp (LinearStudy.nilpotentPowerSeriesEval f a ha) =
    LinearStudy.nilpotentPowerSeriesEval (g.comp f) (fun i => g (a i)) ⋯
'LinearStudy.nilpotentPowerSeriesEval_comp' depends on axioms: [propext, Classical.choice, Quot.sound]
LinearStudy.nilpotentPowerSeriesAlgEval.{u_1, u_2} {R : Type u_1} {S : Type u_2} [CommRing R] [CommRing S] {n : ℕ}
  [Algebra R S] (a : Fin n → S) (ha : ∀ (i : Fin n), IsNilpotent (a i)) : MvPowerSeries (Fin n) R →ₐ[R] S
'LinearStudy.nilpotentPowerSeriesAlgEval' depends on axioms: [propext, Classical.choice, Quot.sound]
LinearStudy.powerSeries_boxZero_expansion.{u_1, u_3} {R : Type u_1} [CommRing R] {ι : Type u_3} [Fintype ι]
  [DecidableEq ι] [Nonempty ι] (H : MvPowerSeries ι R) (b : ι → ℕ)
  (hH : ∀ (m : ι →₀ ℕ), (∀ (i : ι), m i < b i) → (MvPowerSeries.coeff m) H = 0) :
  ∃ a, H = ∑ i, a i * MvPowerSeries.X i ^ b i
'LinearStudy.powerSeries_boxZero_expansion' depends on axioms: [propext, Classical.choice, Quot.sound]
LinearStudy.powerSeries_map_eq_trunc_of_nilpotent.{u_1, u_2, u_3} {R : Type u_1} {S : Type u_2} [CommRing R]
  [CommRing S] {ι : Type u_3} [Fintype ι] [DecidableEq ι] [Nonempty ι] (g : MvPowerSeries ι R →+* S) (b : ι → ℕ)
  (hb : ∀ (i : ι), g (MvPowerSeries.X i) ^ b i = 0) (H : MvPowerSeries ι R) :
  g H = g ↑((MvPowerSeries.trunc' R (Finsupp.equivFunOnFinite.symm b)) H)
'LinearStudy.powerSeries_map_eq_trunc_of_nilpotent' depends on axioms: [propext, Classical.choice, Quot.sound]
LinearStudy.powerSeries_map_pderiv_eq_trunc_of_nilpotent.{u_1, u_2, u_3} {R : Type u_1} {S : Type u_2} [CommRing R]
  [CommRing S] {ι : Type u_3} [Fintype ι] [DecidableEq ι] [Nonempty ι] (g : MvPowerSeries ι R →+* S) (b : ι → ℕ)
  (hb : ∀ (i : ι), g (MvPowerSeries.X i) ^ b i = 0) (H : MvPowerSeries ι R) (i : ι) :
  g ((MvPowerSeries.pderiv i) H) =
    g ↑((MvPolynomial.pderiv i) ((MvPowerSeries.trunc' R (Finsupp.equivFunOnFinite.symm fun j => b j + 1)) H))
'LinearStudy.powerSeries_map_pderiv_eq_trunc_of_nilpotent' depends on axioms: [propext, Classical.choice, Quot.sound]
LinearStudy.powerSeries_nilpotent_ringHom_ext.{u_1, u_2, u_3} {R : Type u_1} {S : Type u_2} [CommRing R] [CommRing S]
  {ι : Type u_3} [Fintype ι] [DecidableEq ι] [Nonempty ι] (g₁ g₂ : MvPowerSeries ι R →+* S)
  (hC : ∀ (r : R), g₁ (MvPowerSeries.C r) = g₂ (MvPowerSeries.C r))
  (hX : ∀ (i : ι), g₁ (MvPowerSeries.X i) = g₂ (MvPowerSeries.X i))
  (hnil : ∀ (i : ι), IsNilpotent (g₁ (MvPowerSeries.X i))) : g₁ = g₂
'LinearStudy.powerSeries_nilpotent_ringHom_ext' depends on axioms: [propext, Classical.choice, Quot.sound]
LinearStudy.smulRegular_add_nilpotent.{u_1, u_2} {R : Type u_1} {M : Type u_2} [CommRing R] [AddCommGroup M]
  [Module R M] (a n : R) (ha : IsSMulRegular M a) (hn : IsNilpotent n) : IsSMulRegular M (a + n)
'LinearStudy.smulRegular_add_nilpotent' depends on axioms: [propext]
LinearStudy.regular_cons_replace_nilpotent.{u_1, u_2} {R : Type u_1} {M : Type u_2} [CommRing R] [IsLocalRing R]
  [IsNoetherianRing R] [AddCommGroup M] [Module R M] [Module.Finite R M] (a b : R) (rs : List R)
  (h : RingTheory.Sequence.IsRegular M (a :: rs)) (hmem : ∀ x ∈ rs, x ∈ IsLocalRing.maximalIdeal R)
  (hb : b ∈ IsLocalRing.maximalIdeal R) (hab : IsNilpotent (b - a)) : RingTheory.Sequence.IsRegular M (b :: rs)
'LinearStudy.regular_cons_replace_nilpotent' depends on axioms: [propext, Classical.choice, Quot.sound]
LinearStudy.regular_nilpotent_perturbation.{u_1, u_2} {R : Type u_1} {M : Type u_2} [CommRing R] [IsLocalRing R]
  [IsNoetherianRing R] [AddCommGroup M] [Module R M] [Module.Finite R M] (rs ts : List R)
  (h : RingTheory.Sequence.IsRegular M rs) (hmem : ∀ x ∈ rs, x ∈ IsLocalRing.maximalIdeal R)
  (hmem' : ∀ x ∈ ts, x ∈ IsLocalRing.maximalIdeal R) (hdiff : List.Forall₂ (fun a b => IsNilpotent (b - a)) rs ts) :
  RingTheory.Sequence.IsRegular M ts
'LinearStudy.regular_nilpotent_perturbation' depends on axioms: [propext, Classical.choice, Quot.sound]
LinearStudy.oneVariable_unit_factorization.{u_1} {K : Type u_1} [Field K] (H : PowerSeries K) (hH : H ≠ 0)
  (h0 : PowerSeries.constantCoeff H = 0) : ∃ s u, IsUnit u ∧ H = u * PowerSeries.X ^ (s + 1)
'LinearStudy.oneVariable_unit_factorization' depends on axioms: [propext, Classical.choice, Quot.sound]
LinearStudy.oneVariable_closedFiber_jacobian.{u_1} {K : Type u_1} [Field K] [CharZero K] (H : PowerSeries K)
  (hH : H ≠ 0) (h0 : PowerSeries.constantCoeff H = 0) :
  have I := Ideal.span {H};
  let A := PowerSeries K ⧸ I;
  have delta := (Ideal.Quotient.mk I) (PowerSeries.derivative H);
  IsArtinianRing A ∧ (nilradical A).IsMaximal ∧ Submodule.annihilator (nilradical A) = Ideal.span {delta} ∧ delta ≠ 0
'LinearStudy.oneVariable_closedFiber_jacobian' depends on axioms: [propext, Classical.choice, Quot.sound]
LinearStudy.original_local_ideal_firstOrder_normal_form.{u_1, u_2, u_3} {K : Type u_1} {α : Type u_2} {β : Type u_3}
  [Field K] [Fintype α] [Fintype β] [DecidableEq α] [DecidableEq β] [Nonempty β] (I : Ideal (MvPolynomial (α ⊕ β) K))
  (x : α ⊕ β → K) (G : β → MvPolynomial (α ⊕ β) K)
  (hs :
    Ideal.map
        (algebraMap (MvPolynomial (α ⊕ β) K) (Localization.AtPrime (RingHom.ker (MvPolynomial.aeval x).toRingHom))) I =
      Ideal.span
        (Set.range fun i =>
          (algebraMap (MvPolynomial (α ⊕ β) K) (Localization.AtPrime (RingHom.ker (MvPolynomial.aeval x).toRingHom)))
            (G i)))
  (h0 : ∀ (i : β), (MvPolynomial.eval x) (G i) = 0)
  (hJ : IsUnit (Matrix.det fun i j => (MvPolynomial.eval x) ((MvPolynomial.pderiv (Sum.inr j)) (G i)))) :
  ∃ M,
    ∃ (hM : M.det ≠ 0),
      ∃ H,
        (∀ (i : β), H i - MvPowerSeries.X (Sum.inr i) ∈ IsLocalRing.maximalIdeal (MvPowerSeries (α ⊕ β) K) ^ 2) ∧
          Ideal.map
              ((LinearStudy.formalPolynomialAtPoint (M⁻¹.mulVec x)).comp
                (LinearStudy.polynomialLinearChangeEquiv M hM).toRingEquiv.toRingHom)
              I =
            Ideal.span (Set.range H)
'LinearStudy.original_local_ideal_firstOrder_normal_form' depends on axioms: [propext, Classical.choice, Quot.sound]
LinearStudy.original_local_ideal_normal_polynomial_generators.{u_1, u_2, u_3} {K : Type u_1} {α : Type u_2}
  {β : Type u_3} [Field K] [Fintype α] [Fintype β] [DecidableEq α] [DecidableEq β] (I : Ideal (MvPolynomial (α ⊕ β) K))
  (x : α ⊕ β → K) (G : β → MvPolynomial (α ⊕ β) K)
  (hs :
    Ideal.map
        (algebraMap (MvPolynomial (α ⊕ β) K) (Localization.AtPrime (RingHom.ker (MvPolynomial.aeval x).toRingHom))) I =
      Ideal.span
        (Set.range fun i =>
          (algebraMap (MvPolynomial (α ⊕ β) K) (Localization.AtPrime (RingHom.ker (MvPolynomial.aeval x).toRingHom)))
            (G i)))
  (h0 : ∀ (i : β), (MvPolynomial.eval x) (G i) = 0)
  (hJ : IsUnit (Matrix.det fun i j => (MvPolynomial.eval x) ((MvPolynomial.pderiv (Sum.inr j)) (G i)))) :
  ∃ M,
    ∃ (hM : M.det ≠ 0),
      ∃ H,
        (∀ (i : β), (MvPolynomial.eval (M⁻¹.mulVec x)) (H i) = 0) ∧
          (∀ (i : β) (j : α ⊕ β),
              (MvPolynomial.eval (M⁻¹.mulVec x)) ((MvPolynomial.pderiv j) (H i)) = if j = Sum.inr i then 1 else 0) ∧
            let Q := RingHom.ker (MvPolynomial.aeval (M⁻¹.mulVec x)).toRingHom;
            Ideal.map (algebraMap (MvPolynomial (α ⊕ β) K) (Localization.AtPrime Q))
                (Ideal.map (LinearStudy.polynomialLinearChangeEquiv M hM).toRingEquiv.toRingHom I) =
              Ideal.span (Set.range fun i => (algebraMap (MvPolynomial (α ⊕ β) K) (Localization.AtPrime Q)) (H i))
'LinearStudy.original_local_ideal_normal_polynomial_generators' depends on axioms: [propext,
 Classical.choice,
 Quot.sound]
LinearStudy.smooth_point_original_ideal_normal_polynomial_generators.{u_1, u_2} {K : Type u_1} {σ : Type u_2} [Field K]
  [Fintype σ] [DecidableEq σ] (I P : Ideal (MvPolynomial σ K)) [P.IsPrime] (hIP : I ≤ P) (x : σ → K)
  (hP : P = RingHom.ker (MvPolynomial.aeval x).toRingHom)
  (hI : Ideal.map (algebraMap (MvPolynomial σ K) (Localization.AtPrime P)) I ≠ ⊥)
  [Algebra.FormallySmooth K
      (Localization.AtPrime P ⧸ Ideal.map (algebraMap (MvPolynomial σ K) (Localization.AtPrime P)) I)] :
  ∃ r c,
    ∃ (_ : 0 < c),
      ∃ e M,
        ∃ (hM : M.det ≠ 0),
          ∃ H,
            r =
                Module.finrank
                  (Localization.AtPrime P ⧸ Ideal.map (algebraMap (MvPolynomial σ K) (Localization.AtPrime P)) I)
                  Ω[Localization.AtPrime P ⧸ Ideal.map (algebraMap (MvPolynomial σ K) (Localization.AtPrime P)) I⁄K] ∧
              (∀ (i : Fin c), (MvPolynomial.eval (M⁻¹.mulVec (x ∘ ⇑e))) (H i) = 0) ∧
                (∀ (i : Fin c) (j : Fin r ⊕ Fin c),
                    (MvPolynomial.eval (M⁻¹.mulVec (x ∘ ⇑e))) ((MvPolynomial.pderiv j) (H i)) =
                      if j = Sum.inr i then 1 else 0) ∧
                  let Q := RingHom.ker (MvPolynomial.aeval (M⁻¹.mulVec (x ∘ ⇑e))).toRingHom;
                  Ideal.map (algebraMap (MvPolynomial (Fin r ⊕ Fin c) K) (Localization.AtPrime Q))
                      (Ideal.map
                        ((LinearStudy.polynomialLinearChangeEquiv M hM).toRingEquiv.toRingHom.comp
                          (MvPolynomial.rename ⇑e.symm).toRingHom)
                        I) =
                    Ideal.span
                      (Set.range fun i => (algebraMap (MvPolynomial (Fin r ⊕ Fin c) K) (Localization.AtPrime Q)) (H i))
'LinearStudy.smooth_point_original_ideal_normal_polynomial_generators' depends on axioms: [propext,
 Classical.choice,
 Quot.sound]
LinearStudy.field_isCohenMacaulay.{u_1} {K : Type u_1} [Field K] : IsCohenMacaulayRing K
'LinearStudy.field_isCohenMacaulay' depends on axioms: [propext, Classical.choice, Quot.sound]
LinearStudy.polynomial_origin_height.{u_1} {K : Type u_1} [Field K] (n : ℕ) :
  have m := RingHom.ker (MvPolynomial.aeval 0).toRingHom;
  m.height = ↑n
'LinearStudy.polynomial_origin_height' depends on axioms: [propext, Classical.choice, Quot.sound]
LinearStudy.homogeneous_origin_regular.{u_1} {K : Type u_1} [Field K] [IsAlgClosed K] (n : ℕ)
  (H : Fin n → MvPolynomial (Fin n) K) (hh : ∀ (i : Fin n), ∃ d, (H i).IsHomogeneous d)
  (hz : MvPolynomial.zeroLocus K (Ideal.span (Set.range H)) = {0}) :
  RingTheory.Sequence.IsRegular (MvPolynomial (Fin n) K) (List.ofFn H)
'LinearStudy.homogeneous_origin_regular' depends on axioms: [propext, Classical.choice, Quot.sound]
LinearStudy.multiplicationToDual.{u_1, u_2} {B : Type u_1} {A : Type u_2} [CommRing B] [CommRing A] [Algebra B A]
  (ell : A →ₗ[B] B) : A →ₗ[B] A →ₗ[B] B
'LinearStudy.multiplicationToDual' depends on axioms: [propext, Quot.sound]
LinearStudy.multiplicationGram.{u_1, u_2, u_3} {B : Type u_1} {A : Type u_2} [CommRing B] [CommRing A] [Algebra B A]
  {ι : Type u_3} (b : Module.Basis ι B A) (ell : A →ₗ[B] B) : Matrix ι ι B
'LinearStudy.multiplicationGram' depends on axioms: [propext, Classical.choice, Quot.sound]
LinearStudy.multiplicationToDual_matrix.{u_1, u_2, u_3} {B : Type u_1} {A : Type u_2} [CommRing B] [CommRing A]
  [Algebra B A] {ι : Type u_3} [Fintype ι] [DecidableEq ι] (b : Module.Basis ι B A) (ell : A →ₗ[B] B) :
  (LinearMap.toMatrix b b.dualBasis) (LinearStudy.multiplicationToDual ell) = LinearStudy.multiplicationGram b ell
'LinearStudy.multiplicationToDual_matrix' depends on axioms: [propext, Classical.choice, Quot.sound]
LinearStudy.perfectPairingOfUnitDet.{u_1, u_2, u_3} {B : Type u_1} {A : Type u_2} [CommRing B] [CommRing A]
  [Algebra B A] {ι : Type u_3} [Fintype ι] [DecidableEq ι] (b : Module.Basis ι B A) (ell : A →ₗ[B] B)
  (hu : IsUnit (LinearStudy.multiplicationGram b ell).det) : LinearStudy.PerfectMultiplicationPairing
'LinearStudy.perfectPairingOfUnitDet' depends on axioms: [propext, Classical.choice, Quot.sound]
LinearStudy.exists_perfectPairing_of_residueDet_ne_zero.{u_1, u_2, u_3} {B : Type u_1} {A : Type u_2} [CommRing B]
  [CommRing A] [Algebra B A] {ι : Type u_3} [Fintype ι] [DecidableEq ι] [IsLocalRing B] (b : Module.Basis ι B A)
  (ell : A →ₗ[B] B)
  (hres : (Ideal.Quotient.mk (IsLocalRing.maximalIdeal B)) (LinearStudy.multiplicationGram b ell).det ≠ 0) :
  ∃ p, p.functional = ell
'LinearStudy.exists_perfectPairing_of_residueDet_ne_zero' depends on axioms: [propext, Classical.choice, Quot.sound]
LinearStudy.parameter_generator_constantCoeff_zero.{u_1, u_2} {K : Type u_1} {ι : Type u_2} [Field K] [Fintype ι]
  [DecidableEq ι] (T : ι → MvPowerSeries ι K)
  (hT : Ideal.span (Set.range T) = IsLocalRing.maximalIdeal (MvPowerSeries ι K)) (i : ι) :
  MvPowerSeries.constantCoeff (T i) = 0
'LinearStudy.parameter_generator_constantCoeff_zero' depends on axioms: [propext, Classical.choice, Quot.sound]
LinearStudy.parameter_generators_jacobian_constantCoeff_unit.{u_1, u_2} {K : Type u_1} {ι : Type u_2} [Field K]
  [Fintype ι] [DecidableEq ι] (T : ι → MvPowerSeries ι K)
  (hT : Ideal.span (Set.range T) = IsLocalRing.maximalIdeal (MvPowerSeries ι K)) :
  IsUnit (Matrix.det fun i j => MvPowerSeries.constantCoeff ((MvPowerSeries.pderiv j) (T i)))
'LinearStudy.parameter_generators_jacobian_constantCoeff_unit' depends on axioms: [propext,
 Classical.choice,
 Quot.sound]
LinearStudy.annihilator_scalar_action_baseChange.{u_1, u_2, u_3} {B : Type u_1} {C : Type u_2} {A : Type u_3}
  [CommRing B] [CommRing C] [CommRing A] [Algebra B A] [Algebra C A] (q : A →ₐ[B] B) (q' : A →ₐ[C] C) (e : B ≃+* C)
  (hq' : RingHom.ker q'.toRingHom = nilradical A) (he : ∀ (a : A), q' a = e (q a)) {delta : A}
  (hd : LinearStudy.Annihilates (nilradical A) delta) (b : B) : b • delta = e b • delta
'LinearStudy.annihilator_scalar_action_baseChange' depends on axioms: [propext, Classical.choice, Quot.sound]
LinearStudy.annihilator_generator_coefficient_unit_after_baseChange.{u_1, u_2, u_3} {B : Type u_1} {C : Type u_2}
  {A : Type u_3} [CommRing B] [CommRing C] [CommRing A] [Algebra B A] [Algebra C A] (q : A →ₐ[B] B) (q' : A →ₐ[C] C)
  (e : B ≃+* C) (hq' : RingHom.ker q'.toRingHom = nilradical A) (he : ∀ (a : A), q' a = e (q a)) (delta : A)
  (hd : LinearStudy.Annihilates (nilradical A) delta)
  (hgen : ∀ (x : A), LinearStudy.Annihilates (nilradical A) x → ∃ b, x = b • delta)
  (p' : LinearStudy.PerfectMultiplicationPairing) : IsUnit (p'.functional delta)
'LinearStudy.annihilator_generator_coefficient_unit_after_baseChange' depends on axioms: [propext,
 Classical.choice,
 Quot.sound]
LinearStudy.annihilator_generator_survives_new_parameterIdeal.{u_1, u_2, u_3, u_4} {B : Type u_1} {C : Type u_2}
  {A : Type u_3} [CommRing B] [CommRing C] [CommRing A] [Algebra B A] [Algebra C A] (q : A →ₐ[B] B) (q' : A →ₐ[C] C)
  (e : B ≃+* C) (hq' : RingHom.ker q'.toRingHom = nilradical A) (he : ∀ (a : A), q' a = e (q a)) (delta : A)
  (hd : LinearStudy.Annihilates (nilradical A) delta)
  (hgen : ∀ (x : A), LinearStudy.Annihilates (nilradical A) x → ∃ b, x = b • delta)
  (p' : LinearStudy.PerfectMultiplicationPairing) {ι : Type u_4} (T : ι → C) (m : Ideal C) (hm : m ≠ ⊤)
  (hT : ∀ (i : ι), T i ∈ m) : (Ideal.Quotient.mk (Ideal.span (Set.range fun i => (algebraMap C A) (T i)))) delta ≠ 0
'LinearStudy.annihilator_generator_survives_new_parameterIdeal' depends on axioms: [propext,
 Classical.choice,
 Quot.sound]
LinearStudy.liftedIdeal_sup_kernel.{u_1, u_2} {B : Type u_1} {A : Type u_2} [CommRing B] [CommRing A] [Algebra B A]
  [IsLocalRing B] (q : A →ₐ[B] B) (J : Ideal A) (hJ : Ideal.map q.toRingHom J = IsLocalRing.maximalIdeal B) :
  J ⊔ RingHom.ker q.toRingHom = Ideal.comap q.toRingHom (IsLocalRing.maximalIdeal B)
'LinearStudy.liftedIdeal_sup_kernel' depends on axioms: [propext, Classical.choice, Quot.sound]
LinearStudy.parameterQuotient_nilradical_image_isMaximal.{u_1, u_2} {B : Type u_1} {A : Type u_2} [CommRing B]
  [CommRing A] [Algebra B A] [IsLocalRing B] (q : A →ₐ[B] B) (hq : RingHom.ker q.toRingHom = nilradical A) (J : Ideal A)
  (hJ : Ideal.map q.toRingHom J = IsLocalRing.maximalIdeal B) :
  (Ideal.map (Ideal.Quotient.mk J) (nilradical A)).IsMaximal
'LinearStudy.parameterQuotient_nilradical_image_isMaximal' depends on axioms: [propext, Classical.choice, Quot.sound]
LinearStudy.parameterQuotient_nilradical_eq.{u_1, u_2} {B : Type u_1} {A : Type u_2} [CommRing B] [CommRing A]
  [Algebra B A] [IsLocalRing B] (q : A →ₐ[B] B) (hq : RingHom.ker q.toRingHom = nilradical A) (J : Ideal A)
  (hJ : Ideal.map q.toRingHom J = IsLocalRing.maximalIdeal B) :
  nilradical (A ⧸ J) = Ideal.map (Ideal.Quotient.mk J) (nilradical A)
'LinearStudy.parameterQuotient_nilradical_eq' depends on axioms: [propext, Classical.choice, Quot.sound]
LinearStudy.parameterQuotient_local_artinian.{u_1, u_2} {B : Type u_1} {A : Type u_2} [CommRing B] [CommRing A]
  [Algebra B A] [IsLocalRing B] [IsNoetherianRing A] (q : A →ₐ[B] B) (hq : RingHom.ker q.toRingHom = nilradical A)
  (J : Ideal A) (hJ : Ideal.map q.toRingHom J = IsLocalRing.maximalIdeal B) :
  IsArtinianRing (A ⧸ J) ∧ IsLocalRing (A ⧸ J)
'LinearStudy.parameterQuotient_local_artinian' depends on axioms: [propext, Classical.choice, Quot.sound]
LinearStudy.arbitraryParameterLifts_artinian.{u_1, u_2, u_3} {B : Type u_1} {A : Type u_2} [CommRing B] [CommRing A]
  [Algebra B A] [IsLocalRing B] [IsNoetherianRing A] {ι : Type u_3} (q : A →ₐ[B] B)
  (hq : RingHom.ker q.toRingHom = nilradical A) (tau : ι → A)
  (htau : Ideal.span (Set.range fun i => q (tau i)) = IsLocalRing.maximalIdeal B) :
  have J := Ideal.span (Set.range tau);
  IsArtinianRing (A ⧸ J) ∧ (Ideal.map (Ideal.Quotient.mk J) (nilradical A)).IsMaximal
'LinearStudy.arbitraryParameterLifts_artinian' depends on axioms: [propext, Classical.choice, Quot.sound]
LinearStudy.completeIntersection_parameterQuotient_artinian {r c : ℕ} (H : Fin c → LinearStudy.AmbientRing r c)
  (q : LinearStudy.CompleteIntersection H →ₐ[LinearStudy.ParameterRing r] LinearStudy.ParameterRing r)
  (hq : RingHom.ker q.toRingHom = nilradical (LinearStudy.CompleteIntersection H))
  (tau : Fin r → LinearStudy.CompleteIntersection H)
  (htau : Ideal.span (Set.range fun i => q (tau i)) = IsLocalRing.maximalIdeal (LinearStudy.ParameterRing r)) :
  have J := Ideal.span (Set.range tau);
  IsArtinianRing (LinearStudy.CompleteIntersection H ⧸ J) ∧
    (Ideal.map (Ideal.Quotient.mk J) (nilradical (LinearStudy.CompleteIntersection H))).IsMaximal
'LinearStudy.completeIntersection_parameterQuotient_artinian' depends on axioms: [propext, Classical.choice, Quot.sound]
LinearStudy.noetherian_ringEnd_injective_of_surjective.{u_1} {R : Type u_1} [CommRing R] [IsNoetherianRing R]
  (f : R →+* R) (hf : Function.Surjective ⇑f) : Function.Injective ⇑f
'LinearStudy.noetherian_ringEnd_injective_of_surjective' depends on axioms: [propext, Classical.choice, Quot.sound]
LinearStudy.powerSeries_coordinateIdeal_eq_maximalIdeal.{u_1, u_2} {K : Type u_1} {ι : Type u_2} [Field K] [Fintype ι]
  [DecidableEq ι] [Nonempty ι] : Ideal.span (Set.range MvPowerSeries.X) = IsLocalRing.maximalIdeal (MvPowerSeries ι K)
'LinearStudy.powerSeries_coordinateIdeal_eq_maximalIdeal' depends on axioms: [propext, Classical.choice, Quot.sound]
LinearStudy.parameter_substitution_hasSubst.{u_1, u_2} {K : Type u_1} {ι : Type u_2} [Field K] [Fintype ι]
  [DecidableEq ι] (T : ι → MvPowerSeries ι K)
  (hT : Ideal.span (Set.range T) = IsLocalRing.maximalIdeal (MvPowerSeries ι K)) : MvPowerSeries.HasSubst T
'LinearStudy.parameter_substitution_hasSubst' depends on axioms: [propext, Classical.choice, Quot.sound]
LinearStudy.parameter_substitution_surjective.{u_1, u_2} {K : Type u_1} {ι : Type u_2} [Field K] [Fintype ι]
  [DecidableEq ι] [Nonempty ι] (T : ι → MvPowerSeries ι K)
  (hT : Ideal.span (Set.range T) = IsLocalRing.maximalIdeal (MvPowerSeries ι K)) :
  Function.Surjective ⇑(MvPowerSeries.substAlgHom ⋯)
'LinearStudy.parameter_substitution_surjective' depends on axioms: [propext, Classical.choice, Quot.sound]
LinearStudy.parameter_substitution_bijective.{u_1, u_2} {K : Type u_1} {ι : Type u_2} [Field K] [Fintype ι]
  [DecidableEq ι] [Nonempty ι] (T : ι → MvPowerSeries ι K)
  (hT : Ideal.span (Set.range T) = IsLocalRing.maximalIdeal (MvPowerSeries ι K)) :
  Function.Bijective ⇑(MvPowerSeries.substAlgHom ⋯)
'LinearStudy.parameter_substitution_bijective' depends on axioms: [propext, Classical.choice, Quot.sound]
LinearStudy.parameterSubstitutionEquiv.{u_1, u_2} {K : Type u_1} {ι : Type u_2} [Field K] [Fintype ι] [DecidableEq ι]
  [Nonempty ι] (T : ι → MvPowerSeries ι K)
  (hT : Ideal.span (Set.range T) = IsLocalRing.maximalIdeal (MvPowerSeries ι K)) :
  MvPowerSeries ι K ≃ₐ[K] MvPowerSeries ι K
'LinearStudy.parameterSubstitutionEquiv' depends on axioms: [propext, Classical.choice, Quot.sound]
LinearStudy.parameterSubstitutionEquiv_X.{u_1, u_2} {K : Type u_1} {ι : Type u_2} [Field K] [Fintype ι] [DecidableEq ι]
  [Nonempty ι] (T : ι → MvPowerSeries ι K)
  (hT : Ideal.span (Set.range T) = IsLocalRing.maximalIdeal (MvPowerSeries ι K)) (i : ι) :
  (LinearStudy.parameterSubstitutionEquiv T hT) (MvPowerSeries.X i) = T i
'LinearStudy.parameterSubstitutionEquiv_X' depends on axioms: [propext, Classical.choice, Quot.sound]
LinearStudy.parameterSubstitutionEquiv_symm_T.{u_1, u_2} {K : Type u_1} {ι : Type u_2} [Field K] [Fintype ι]
  [DecidableEq ι] [Nonempty ι] (T : ι → MvPowerSeries ι K)
  (hT : Ideal.span (Set.range T) = IsLocalRing.maximalIdeal (MvPowerSeries ι K)) (i : ι) :
  (LinearStudy.parameterSubstitutionEquiv T hT).symm (T i) = MvPowerSeries.X i
'LinearStudy.parameterSubstitutionEquiv_symm_T' depends on axioms: [propext, Classical.choice, Quot.sound]
LinearStudy.powerSeries_parameter_generators_regular.{u_1} {K : Type u_1} [Field K] {r : ℕ} (hr : 0 < r)
  (T : Fin r → MvPowerSeries (Fin r) K)
  (hT : Ideal.span (Set.range T) = IsLocalRing.maximalIdeal (MvPowerSeries (Fin r) K)) :
  RingTheory.Sequence.IsRegular (MvPowerSeries (Fin r) K) (List.ofFn T)
'LinearStudy.powerSeries_parameter_generators_regular' depends on axioms: [propext, Classical.choice, Quot.sound]
LinearStudy.maximalResidueEvaluation.{u_1, u_2} {K : Type u_1} {A : Type u_2} [Field K] [CommRing A] [Algebra K A]
  (q : MaximalSpectrum A → A →ₐ[K] K) : A →ₐ[K] MaximalSpectrum A → K
'LinearStudy.maximalResidueEvaluation' depends on axioms: [propext, Quot.sound]
LinearStudy.maximalResidueEvaluation_surjective.{u_1, u_2} {K : Type u_1} {A : Type u_2} [Field K] [CommRing A]
  [Algebra K A] [IsArtinianRing A] (q : MaximalSpectrum A → A →ₐ[K] K)
  (hq : ∀ (j : MaximalSpectrum A), RingHom.ker (q j).toRingHom = j.asIdeal) :
  Function.Surjective ⇑(LinearStudy.maximalResidueEvaluation q)
'LinearStudy.maximalResidueEvaluation_surjective' depends on axioms: [propext, Classical.choice, Quot.sound]
LinearStudy.maximalResidueEvaluation_kernel.{u_1, u_2} {K : Type u_1} {A : Type u_2} [Field K] [CommRing A]
  [Algebra K A] [IsArtinianRing A] (q : MaximalSpectrum A → A →ₐ[K] K)
  (hq : ∀ (j : MaximalSpectrum A), RingHom.ker (q j).toRingHom = j.asIdeal) :
  RingHom.ker (LinearStudy.maximalResidueEvaluation q).toRingHom = nilradical A
'LinearStudy.maximalResidueEvaluation_kernel' depends on axioms: [propext, Classical.choice, Quot.sound]
LinearStudy.maximalResidueEvaluation_selectors.{u_1, u_2} {K : Type u_1} {A : Type u_2} [Field K] [CommRing A]
  [Algebra K A] [IsArtinianRing A] (q : MaximalSpectrum A → A →ₐ[K] K)
  (hq : ∀ (j : MaximalSpectrum A), RingHom.ker (q j).toRingHom = j.asIdeal) :
  ∃ e, ∀ (i j : MaximalSpectrum A), (q j) (e i) = if j = i then 1 else 0
'LinearStudy.maximalResidueEvaluation_selectors' depends on axioms: [propext, Classical.choice, Quot.sound]
LinearStudy.perfect_nilradical_socle_weighted_evaluation.{u_1, u_2} {K : Type u_1} {A : Type u_2} [Field K] [CommRing A]
  [Algebra K A] [IsArtinianRing A] [IsNoetherianRing A] (q : MaximalSpectrum A → A →ₐ[K] K)
  (hq : ∀ (j : MaximalSpectrum A), RingHom.ker (q j).toRingHom = j.asIdeal)
  (p : LinearStudy.PerfectMultiplicationPairing) (theta : A)
  (hgen : Submodule.annihilator (nilradical A) = Ideal.span {theta}) :
  ∃ lam, (∀ (j : MaximalSpectrum A), lam j ≠ 0) ∧ ∀ (a : A), p.functional (a * theta) = ∑ j, lam j * (q j) a
'LinearStudy.perfect_nilradical_socle_weighted_evaluation' depends on axioms: [propext, Classical.choice, Quot.sound]
LinearStudy.pointLocalCoordinateEquiv.{u_1, u_2} {R : Type u_1} {T : Type u_2} [CommRing R] [CommRing T] (I P : Ideal R)
  [P.IsPrime] (Q : Ideal T) [Q.IsPrime] (e : R ≃+* T) (hP : P = Ideal.comap e Q) :
  Localization.AtPrime P ⧸ Ideal.map (algebraMap R (Localization.AtPrime P)) I ≃+*
    Localization.AtPrime Q ⧸ Ideal.map (algebraMap T (Localization.AtPrime Q)) (Ideal.map e.toRingHom I)
'LinearStudy.pointLocalCoordinateEquiv' depends on axioms: [propext, Classical.choice, Quot.sound]
LinearStudy.pointLocalCoordinateEquiv_mk.{u_1, u_2} {R : Type u_1} {T : Type u_2} [CommRing R] [CommRing T]
  (I P : Ideal R) [P.IsPrime] (Q : Ideal T) [Q.IsPrime] (e : R ≃+* T) (hP : P = Ideal.comap e Q) (a : R) :
  (LinearStudy.pointLocalCoordinateEquiv I P Q e hP)
      ((Ideal.Quotient.mk (Ideal.map (algebraMap R (Localization.AtPrime P)) I))
        ((algebraMap R (Localization.AtPrime P)) a)) =
    (Ideal.Quotient.mk (Ideal.map (algebraMap T (Localization.AtPrime Q)) (Ideal.map e.toRingHom I)))
      ((algebraMap T (Localization.AtPrime Q)) (e a))
'LinearStudy.pointLocalCoordinateEquiv_mk' depends on axioms: [propext, Classical.choice, Quot.sound]
LinearStudy.pointLocalCoordinateEquiv_symm_mk.{u_1, u_2} {R : Type u_1} {T : Type u_2} [CommRing R] [CommRing T]
  (I P : Ideal R) [P.IsPrime] (Q : Ideal T) [Q.IsPrime] (e : R ≃+* T) (hP : P = Ideal.comap e Q) (a : T) :
  (LinearStudy.pointLocalCoordinateEquiv I P Q e hP).symm
      ((Ideal.Quotient.mk (Ideal.map (algebraMap T (Localization.AtPrime Q)) (Ideal.map e.toRingHom I)))
        ((algebraMap T (Localization.AtPrime Q)) a)) =
    (Ideal.Quotient.mk (Ideal.map (algebraMap R (Localization.AtPrime P)) I))
      ((algebraMap R (Localization.AtPrime P)) (e.symm a))
'LinearStudy.pointLocalCoordinateEquiv_symm_mk' depends on axioms: [propext, Classical.choice, Quot.sound]
LinearStudy.actual_point_parameters_transport_under_coordinates.{u_1, u_2, u_3} {R : Type u_1} {T : Type u_2}
  {ι : Type u_3} [CommRing R] [CommRing T] (I P : Ideal R) [P.IsPrime] (Q : Ideal T) [Q.IsPrime] (e : R ≃+* T)
  (hP : P = Ideal.comap e Q)
  [IsLocalRing (Localization.AtPrime P ⧸ Ideal.map (algebraMap R (Localization.AtPrime P)) I)]
  [IsLocalRing (Localization.AtPrime Q ⧸ Ideal.map (algebraMap T (Localization.AtPrime Q)) (Ideal.map e.toRingHom I))]
  (a : ι → T)
  (ha :
    Ideal.span
        (Set.range fun i =>
          (Ideal.Quotient.mk (Ideal.map (algebraMap T (Localization.AtPrime Q)) (Ideal.map e.toRingHom I)))
            ((algebraMap T (Localization.AtPrime Q)) (a i))) =
      IsLocalRing.maximalIdeal
        (Localization.AtPrime Q ⧸ Ideal.map (algebraMap T (Localization.AtPrime Q)) (Ideal.map e.toRingHom I))) :
  Ideal.span
      (Set.range fun i =>
        (Ideal.Quotient.mk (Ideal.map (algebraMap R (Localization.AtPrime P)) I))
          ((algebraMap R (Localization.AtPrime P)) (e.symm (a i)))) =
    IsLocalRing.maximalIdeal (Localization.AtPrime P ⧸ Ideal.map (algebraMap R (Localization.AtPrime P)) I)
'LinearStudy.actual_point_parameters_transport_under_coordinates' depends on axioms: [propext,
 Classical.choice,
 Quot.sound]
LinearStudy.powerSeries_polynomial_equations_unit_change.{u_1, u_2} {R : Type u_1} {ι : Type u_2} [CommRing R]
  [Fintype ι] [DecidableEq ι] [Nonempty ι] (H : ι → MvPowerSeries ι R) (b : ι → ℕ)
  (hb : ∀ (i : ι), MvPowerSeries.X i ^ b i ∈ Ideal.span (Set.range H)) :
  ∃ P,
    (∀ (i : ι), P i = (MvPowerSeries.trunc' R (Finsupp.equivFunOnFinite.symm fun j => b j + 1)) (H i)) ∧
      ∃ U, IsUnit U ∧ (U.mulVec H = fun i => ↑(P i)) ∧ U.map ⇑MvPowerSeries.constantCoeff = 1
'LinearStudy.powerSeries_polynomial_equations_unit_change' depends on axioms: [propext, Classical.choice, Quot.sound]
LinearStudy.polynomial_double_monomial_split.{u_1, u_2} {K : Type u_1} {ι : Type u_2} [Field K] (a b : ι →₀ ℕ) (c : K) :
  (MvPolynomial.monomial (a.sumElim b)) c =
    (MvPolynomial.rename Sum.inl) ((MvPolynomial.monomial a) c) *
      (MvPolynomial.rename Sum.inr) ((MvPolynomial.monomial b) 1)
'LinearStudy.polynomial_double_monomial_split' depends on axioms: [propext, Classical.choice, Quot.sound]
LinearStudy.polynomial_double_monomial_contraction.{u_1, u_2} {K : Type u_1} {ι : Type u_2} [Field K]
  (P : ι → MvPolynomial ι K) (ell : MvPolynomial ι K ⧸ Ideal.span (Set.range P) →ₗ[K] K) (a b : ι →₀ ℕ) (c : K) :
  (LinearStudy.tensorFunctionalContraction ell)
      ((LinearStudy.polynomialDoubleTensorMap P) ((MvPolynomial.monomial (a.sumElim b)) c)) =
    ell ((Ideal.Quotient.mk (Ideal.span (Set.range P))) ((MvPolynomial.monomial a) c)) •
      (Ideal.Quotient.mk (Ideal.span (Set.range P))) ((MvPolynomial.monomial b) 1)
'LinearStudy.polynomial_double_monomial_contraction' depends on axioms: [propext, Classical.choice, Quot.sound]
LinearStudy.polynomial_double_monomial_degree.{u_2} {ι : Type u_2} [Fintype ι] (a b : ι →₀ ℕ) :
  Finsupp.degree (a.sumElim b) = Finsupp.degree a + Finsupp.degree b
'LinearStudy.polynomial_double_monomial_degree' depends on axioms: [propext, Classical.choice, Quot.sound]
LinearStudy.polynomial_double_monomial_contraction_constant.{u_1, u_2} {K : Type u_1} {ι : Type u_2} [Field K]
  [DecidableEq ι] (P : ι → MvPolynomial ι K) (D : ℕ) (ell : MvPolynomial ι K ⧸ Ideal.span (Set.range P) →ₗ[K] K)
  (hv : ∀ (f : MvPolynomial ι K), f.totalDegree < D → ell ((Ideal.Quotient.mk (Ideal.span (Set.range P))) f) = 0)
  (a b : ι →₀ ℕ) (c : K) (hd : Finsupp.degree a + Finsupp.degree b ≤ D) :
  (LinearStudy.tensorFunctionalContraction ell)
      ((LinearStudy.polynomialDoubleTensorMap P) ((MvPolynomial.monomial (a.sumElim b)) c)) =
    (algebraMap K (MvPolynomial ι K ⧸ Ideal.span (Set.range P)))
      (ell
        ((Ideal.Quotient.mk (Ideal.span (Set.range P)))
          ((LinearStudy.polynomialDoubleRightPoint 0) ((MvPolynomial.monomial (a.sumElim b)) c))))
'LinearStudy.polynomial_double_monomial_contraction_constant' depends on axioms: [propext, Classical.choice, Quot.sound]
LinearStudy.polynomial_double_contraction_constant.{u_1, u_2} {K : Type u_1} {ι : Type u_2} [Field K] [Fintype ι]
  [DecidableEq ι] (P : ι → MvPolynomial ι K) (D : ℕ) (ell : MvPolynomial ι K ⧸ Ideal.span (Set.range P) →ₗ[K] K)
  (hv : ∀ (f : MvPolynomial ι K), f.totalDegree < D → ell ((Ideal.Quotient.mk (Ideal.span (Set.range P))) f) = 0)
  (p : MvPolynomial (ι ⊕ ι) K) (hp : p.totalDegree ≤ D) :
  (LinearStudy.tensorFunctionalContraction ell) ((LinearStudy.polynomialDoubleTensorMap P) p) =
    (algebraMap K (MvPolynomial ι K ⧸ Ideal.span (Set.range P)))
      (ell ((Ideal.Quotient.mk (Ideal.span (Set.range P))) ((LinearStudy.polynomialDoubleRightPoint 0) p)))
'LinearStudy.polynomial_double_contraction_constant' depends on axioms: [propext, Classical.choice, Quot.sound]
LinearStudy.polynomialDoubleRightZero_totalDegree.{u_1, u_2} {K : Type u_1} {ι : Type u_2} [Field K] [Fintype ι]
  [DecidableEq ι] (p : MvPolynomial (ι ⊕ ι) K) :
  ((LinearStudy.polynomialDoubleRightPoint 0) p).totalDegree ≤ p.totalDegree
'LinearStudy.polynomialDoubleRightZero_totalDegree' depends on axioms: [propext, Classical.choice, Quot.sound]
LinearStudy.polynomial_derivation_chain.{u_1, u_2, u_3, u_4} {K : Type u_1} {R : Type u_2} {B : Type u_3} {σ : Type u_4}
  [CommRing K] [CommRing R] [CommRing B] [Algebra B R] [Fintype σ] (ψ : MvPolynomial σ K →+* R) (D : Derivation B R R)
  (hC : ∀ (a : K), D (ψ (MvPolynomial.C a)) = 0) (P : MvPolynomial σ K) :
  D (ψ P) = ∑ i, ψ ((MvPolynomial.pderiv i) P) * D (ψ (MvPolynomial.X i))
'LinearStudy.polynomial_derivation_chain' depends on axioms: [propext, Classical.choice, Quot.sound]
LinearStudy.polynomialSmoothFormalMap_C.{u_1} {K : Type u_1} [Field K] {r c : ℕ} [Nonempty (Fin c)]
  (x : Fin r ⊕ Fin c → K) (G : Fin c → MvPolynomial (Fin r ⊕ Fin c) K)
  (hG : ∀ (i : Fin c), (MvPolynomial.eval x) (G i) = 0)
  (hJ : IsUnit (Matrix.det fun i j => (MvPolynomial.eval x) ((MvPolynomial.pderiv (Sum.inr j)) (G i)))) (a : K) :
  (LinearStudy.polynomialSmoothFormalMap x G hG hJ) (MvPolynomial.C a) = MvPowerSeries.C (MvPowerSeries.C a)
'LinearStudy.polynomialSmoothFormalMap_C' depends on axioms: [propext, Classical.choice, Quot.sound]
LinearStudy.polynomialSmoothFormalMap_tangent_derivative.{u_1} {K : Type u_1} [Field K] {r c : ℕ} [Nonempty (Fin c)]
  (x : Fin r ⊕ Fin c → K) (G : Fin c → MvPolynomial (Fin r ⊕ Fin c) K)
  (hG : ∀ (i : Fin c), (MvPolynomial.eval x) (G i) = 0)
  (hJ : IsUnit (Matrix.det fun i j => (MvPolynomial.eval x) ((MvPolynomial.pderiv (Sum.inr j)) (G i)))) (i : Fin r)
  (j : Fin c) :
  (MvPowerSeries.pderiv j) ((LinearStudy.polynomialSmoothFormalMap x G hG hJ) (MvPolynomial.X (Sum.inl i))) = 0
'LinearStudy.polynomialSmoothFormalMap_tangent_derivative' depends on axioms: [propext, Classical.choice, Quot.sound]
LinearStudy.polynomialSmoothFormalMap_normal_chain.{u_1} {K : Type u_1} [Field K] {r c : ℕ} [Nonempty (Fin c)]
  (x : Fin r ⊕ Fin c → K) (G : Fin c → MvPolynomial (Fin r ⊕ Fin c) K)
  (hG : ∀ (i : Fin c), (MvPolynomial.eval x) (G i) = 0)
  (hJ : IsUnit (Matrix.det fun i j => (MvPolynomial.eval x) ((MvPolynomial.pderiv (Sum.inr j)) (G i))))
  (P : MvPolynomial (Fin r ⊕ Fin c) K) (j : Fin c) :
  (MvPowerSeries.pderiv j) ((LinearStudy.polynomialSmoothFormalMap x G hG hJ) P) =
    ∑ k,
      (LinearStudy.polynomialSmoothFormalMap x G hG hJ) ((MvPolynomial.pderiv (Sum.inr k)) P) *
        (MvPowerSeries.pderiv j) ((LinearStudy.polynomialSmoothFormalMap x G hG hJ) (MvPolynomial.X (Sum.inr k)))
'LinearStudy.polynomialSmoothFormalMap_normal_chain' depends on axioms: [propext, Classical.choice, Quot.sound]
LinearStudy.polynomial_diagonal_difference.{u_1, u_2, u_3, u_4} {R : Type u_1} {A : Type u_2} {B : Type u_3}
  {ι : Type u_4} [CommRing R] [CommRing A] [CommRing B] [Fintype ι] [DecidableEq ι] (u v : MvPolynomial ι R →+* A)
  (π : A →+* B) (hC : ∀ (c : R), u (MvPolynomial.C c) = v (MvPolynomial.C c))
  (hX : ∀ (i : ι), π (u (MvPolynomial.X i)) = π (v (MvPolynomial.X i))) (p : MvPolynomial ι R) :
  ∃ a,
    u p - v p = ∑ i, a i * (u (MvPolynomial.X i) - v (MvPolynomial.X i)) ∧
      ∀ (i : ι), π (a i) = π (u ((MvPolynomial.pderiv i) p))
'LinearStudy.polynomial_diagonal_difference' depends on axioms: [propext, Classical.choice, Quot.sound]
LinearStudy.polynomial_diagonal_difference_degree.{u_1, u_2} {K : Type u_1} {ι : Type u_2} [Field K] [Fintype ι]
  [DecidableEq ι] (p : MvPolynomial ι K) :
  ∃ a,
    (MvPolynomial.rename Sum.inl) p - (MvPolynomial.rename Sum.inr) p =
        ∑ i, a i * (MvPolynomial.X (Sum.inl i) - MvPolynomial.X (Sum.inr i)) ∧
      (∀ (i : ι), LinearStudy.polynomialDoubleDiagonal (a i) = (MvPolynomial.pderiv i) p) ∧
        (∀ (i : ι), (a i).totalDegree ≤ p.totalDegree - 1) ∧ (p.totalDegree = 0 → ∀ (i : ι), a i = 0)
'LinearStudy.polynomial_diagonal_difference_degree' depends on axioms: [propext, Classical.choice, Quot.sound]
LinearStudy.polynomial_universal_difference_matrix_degree.{u_1, u_2} {K : Type u_1} {ι : Type u_2} [Field K] [Fintype ι]
  [DecidableEq ι] (P : ι → MvPolynomial ι K) :
  ∃ D,
    ((D.mulVec fun i => MvPolynomial.X (Sum.inl i) - MvPolynomial.X (Sum.inr i)) = fun i =>
        (MvPolynomial.rename Sum.inl) (P i) - (MvPolynomial.rename Sum.inr) (P i)) ∧
      (∀ (i j : ι), LinearStudy.polynomialDoubleDiagonal (D i j) = (MvPolynomial.pderiv j) (P i)) ∧
        ∀ (i j : ι), (D i j).totalDegree ≤ (P i).totalDegree - 1
'LinearStudy.polynomial_universal_difference_matrix_degree' depends on axioms: [propext, Classical.choice, Quot.sound]
LinearStudy.polynomial_matrix_det_degree.{u_1, u_2, u_3} {K : Type u_1} {ι : Type u_2} [Field K] [Fintype ι]
  [DecidableEq ι] {σ : Type u_3} (M : Matrix ι ι (MvPolynomial σ K)) (d : ι → ℕ)
  (h : ∀ (i j : ι), (M i j).totalDegree ≤ d i) : M.det.totalDegree ≤ ∑ i, d i
'LinearStudy.polynomial_matrix_det_degree' depends on axioms: [propext, Classical.choice, Quot.sound]
LinearStudy.polynomial_universal_difference_determinant_degree.{u_1, u_2} {K : Type u_1} {ι : Type u_2} [Field K]
  [Fintype ι] [DecidableEq ι] (P : ι → MvPolynomial ι K) :
  ∃ D,
    ((D.mulVec fun i => MvPolynomial.X (Sum.inl i) - MvPolynomial.X (Sum.inr i)) = fun i =>
        (MvPolynomial.rename Sum.inl) (P i) - (MvPolynomial.rename Sum.inr) (P i)) ∧
      (∀ (i j : ι), LinearStudy.polynomialDoubleDiagonal (D i j) = (MvPolynomial.pderiv j) (P i)) ∧
        D.det.totalDegree ≤ ∑ i, ((P i).totalDegree - 1)
'LinearStudy.polynomial_universal_difference_determinant_degree' depends on axioms: [propext,
 Classical.choice,
 Quot.sound]
LinearStudy.polynomialDoubleRightPoint.{u_1, u_2} {K : Type u_1} {ι : Type u_2} [CommRing K] (a : ι → K) :
  MvPolynomial (ι ⊕ ι) K →ₐ[K] MvPolynomial ι K
'LinearStudy.polynomialDoubleRightPoint' depends on axioms: [propext, Classical.choice, Quot.sound]
LinearStudy.polynomialDoubleRightPoint_left.{u_1, u_2} {K : Type u_1} {ι : Type u_2} [CommRing K] (a : ι → K)
  (P : MvPolynomial ι K) : (LinearStudy.polynomialDoubleRightPoint a) ((MvPolynomial.rename Sum.inl) P) = P
'LinearStudy.polynomialDoubleRightPoint_left' depends on axioms: [propext, Classical.choice, Quot.sound]
LinearStudy.polynomialDoubleRightPoint_right.{u_1, u_2} {K : Type u_1} {ι : Type u_2} [CommRing K] (a : ι → K)
  (P : MvPolynomial ι K) :
  (LinearStudy.polynomialDoubleRightPoint a) ((MvPolynomial.rename Sum.inr) P) =
    MvPolynomial.C ((MvPolynomial.eval a) P)
'LinearStudy.polynomialDoubleRightPoint_right' depends on axioms: [propext, Classical.choice, Quot.sound]
LinearStudy.polynomial_universal_difference_matrix_general.{u_1, u_2} {K : Type u_1} {ι : Type u_2} [CommRing K]
  [Fintype ι] [DecidableEq ι] (P : ι → MvPolynomial ι K) :
  ∃ D,
    ((D.mulVec fun i => MvPolynomial.X (Sum.inl i) - MvPolynomial.X (Sum.inr i)) = fun i =>
        (MvPolynomial.rename Sum.inl) (P i) - (MvPolynomial.rename Sum.inr) (P i)) ∧
      ∀ (i j : ι), LinearStudy.polynomialDoubleDiagonal (D i j) = (MvPolynomial.pderiv j) (P i)
'LinearStudy.polynomial_universal_difference_matrix_general' depends on axioms: [propext, Classical.choice, Quot.sound]
LinearStudy.polynomialDoubleTensorMap.{u_1, u_2} {K : Type u_1} {ι : Type u_2} [CommRing K] (P : ι → MvPolynomial ι K) :
  MvPolynomial (ι ⊕ ι) K →ₐ[K]
    TensorProduct K (MvPolynomial ι K ⧸ Ideal.span (Set.range P)) (MvPolynomial ι K ⧸ Ideal.span (Set.range P))
'LinearStudy.polynomialDoubleTensorMap' depends on axioms: [propext, Classical.choice, Quot.sound]
LinearStudy.polynomialDoubleTensorMap_multiplication.{u_1, u_2} {K : Type u_1} {ι : Type u_2} [CommRing K]
  (P : ι → MvPolynomial ι K) (b : MvPolynomial (ι ⊕ ι) K) :
  (Algebra.TensorProduct.lmul' K) ((LinearStudy.polynomialDoubleTensorMap P) b) =
    (Ideal.Quotient.mk (Ideal.span (Set.range P))) (LinearStudy.polynomialDoubleDiagonal b)
'LinearStudy.polynomialDoubleTensorMap_multiplication' depends on axioms: [propext, Classical.choice, Quot.sound]
LinearStudy.polynomialDoubleTensorMap_rightReduction.{u_1, u_2} {K : Type u_1} {ι : Type u_2} [CommRing K]
  (P : ι → MvPolynomial ι K) (q : MvPolynomial ι K ⧸ Ideal.span (Set.range P) →ₐ[K] K) (b : MvPolynomial (ι ⊕ ι) K) :
  (LinearStudy.pairingRightReduction q) ((LinearStudy.polynomialDoubleTensorMap P) b) =
    (Ideal.Quotient.mk (Ideal.span (Set.range P)))
      ((LinearStudy.polynomialDoubleRightPoint fun i =>
          q ((Ideal.Quotient.mk (Ideal.span (Set.range P))) (MvPolynomial.X i)))
        b)
'LinearStudy.polynomialDoubleTensorMap_rightReduction' depends on axioms: [propext, Classical.choice, Quot.sound]
LinearStudy.polynomialDoubleTensorMap_left.{u_1, u_2} {K : Type u_1} {ι : Type u_2} [CommRing K]
  (P : ι → MvPolynomial ι K) (b : MvPolynomial ι K) :
  (LinearStudy.polynomialDoubleTensorMap P) ((MvPolynomial.rename Sum.inl) b) =
    (Ideal.Quotient.mk (Ideal.span (Set.range P))) b ⊗ₜ[K] 1
'LinearStudy.polynomialDoubleTensorMap_left' depends on axioms: [propext, Classical.choice, Quot.sound]
LinearStudy.polynomialDoubleTensorMap_right.{u_1, u_2} {K : Type u_1} {ι : Type u_2} [CommRing K]
  (P : ι → MvPolynomial ι K) (b : MvPolynomial ι K) :
  (LinearStudy.polynomialDoubleTensorMap P) ((MvPolynomial.rename Sum.inr) b) =
    1 ⊗ₜ[K] (Ideal.Quotient.mk (Ideal.span (Set.range P))) b
'LinearStudy.polynomialDoubleTensorMap_right' depends on axioms: [propext, Classical.choice, Quot.sound]
LinearStudy.polynomial_coefficientDeterminant_ne_zero_at_point.{u_3} {F : Type u_3} [Field F] {n : ℕ}
  (P : Fin (n + 1) → MvPolynomial (Fin (n + 1)) F)
  (hP : RingTheory.Sequence.IsRegular (MvPolynomial (Fin (n + 1)) F) (List.ofFn P))
  [Module.Finite F (MvPolynomial (Fin (n + 1)) F ⧸ Ideal.span (Set.range P))]
  (q : MvPolynomial (Fin (n + 1)) F ⧸ Ideal.span (Set.range P) →ₐ[F] F)
  (N : Matrix (Fin (n + 1)) (Fin (n + 1)) (MvPolynomial (Fin (n + 1)) F))
  (hN :
    (N.mulVec fun i =>
        MvPolynomial.X i - MvPolynomial.C (q ((Ideal.Quotient.mk (Ideal.span (Set.range P))) (MvPolynomial.X i)))) =
      P) :
  (Ideal.Quotient.mk (Ideal.span (Set.range P))) N.det ≠ 0
'LinearStudy.polynomial_coefficientDeterminant_ne_zero_at_point' depends on axioms: [propext,
 Classical.choice,
 Quot.sound]
LinearStudy.polynomial_universal_determinant_rightReduction_ne_zero.{u_3} {F : Type u_3} [Field F] {n : ℕ}
  (P : Fin (n + 1) → MvPolynomial (Fin (n + 1)) F)
  (hP : RingTheory.Sequence.IsRegular (MvPolynomial (Fin (n + 1)) F) (List.ofFn P))
  [Module.Finite F (MvPolynomial (Fin (n + 1)) F ⧸ Ideal.span (Set.range P))]
  (D : Matrix (Fin (n + 1)) (Fin (n + 1)) (MvPolynomial (Fin (n + 1) ⊕ Fin (n + 1)) F))
  (hD :
    (D.mulVec fun i => MvPolynomial.X (Sum.inl i) - MvPolynomial.X (Sum.inr i)) = fun i =>
      (MvPolynomial.rename Sum.inl) (P i) - (MvPolynomial.rename Sum.inr) (P i))
  (q : MvPolynomial (Fin (n + 1)) F ⧸ Ideal.span (Set.range P) →ₐ[F] F) :
  (LinearStudy.pairingRightReduction q) ((LinearStudy.polynomialDoubleTensorMap P) D.det) ≠ 0
'LinearStudy.polynomial_universal_determinant_rightReduction_ne_zero' depends on axioms: [propext,
 Classical.choice,
 Quot.sound]
LinearStudy.polynomialQuotient_nondegenerate_diagonal.{u_3} {F : Type u_3} [Field F] {n : ℕ}
  (P : Fin (n + 1) → MvPolynomial (Fin (n + 1)) F)
  (hP : RingTheory.Sequence.IsRegular (MvPolynomial (Fin (n + 1)) F) (List.ofFn P))
  [Module.Finite F (MvPolynomial (Fin (n + 1)) F ⧸ Ideal.span (Set.range P))] :
  let Q := MvPolynomial (Fin (n + 1)) F ⧸ Ideal.span (Set.range P);
  have pi := Ideal.Quotient.mk (Ideal.span (Set.range P));
  ∃ d,
    LinearStudy.Annihilates (KaehlerDifferential.ideal F Q) d ∧
      ((Algebra.TensorProduct.lmul' F) d = Matrix.det fun i j => pi ((MvPolynomial.pderiv j) (P i))) ∧
        ∀ (q : Q →ₐ[F] F), (LinearStudy.pairingRightReduction q) d ≠ 0
'LinearStudy.polynomialQuotient_nondegenerate_diagonal' depends on axioms: [propext, Classical.choice, Quot.sound]
LinearStudy.polynomialQuotient_normalized_trace.{u_3} {F : Type u_3} [Field F] [IsAlgClosed F] [Infinite F] {n : ℕ}
  (P : Fin (n + 1) → MvPolynomial (Fin (n + 1)) F)
  (hP : RingTheory.Sequence.IsRegular (MvPolynomial (Fin (n + 1)) F) (List.ofFn P))
  [Module.Finite F (MvPolynomial (Fin (n + 1)) F ⧸ Ideal.span (Set.range P))] :
  let Q := MvPolynomial (Fin (n + 1)) F ⧸ Ideal.span (Set.range P);
  have pi := Ideal.Quotient.mk (Ideal.span (Set.range P));
  ∃ p, ∀ (a : Q), p.functional (a * Matrix.det fun i j => pi ((MvPolynomial.pderiv j) (P i))) = (Algebra.trace F Q) a
'LinearStudy.polynomialQuotient_normalized_trace' depends on axioms: [propext, Classical.choice, Quot.sound]
LinearStudy.polynomialQuotient_diagonal_unique_functional.{u_3} {F : Type u_3} [Field F] [IsAlgClosed F] [Infinite F]
  {n : ℕ} (P : Fin (n + 1) → MvPolynomial (Fin (n + 1)) F)
  (hP : RingTheory.Sequence.IsRegular (MvPolynomial (Fin (n + 1)) F) (List.ofFn P))
  [Module.Finite F (MvPolynomial (Fin (n + 1)) F ⧸ Ideal.span (Set.range P))] :
  let Q := MvPolynomial (Fin (n + 1)) F ⧸ Ideal.span (Set.range P);
  have pi := Ideal.Quotient.mk (Ideal.span (Set.range P));
  ∃ d,
    LinearStudy.Annihilates (KaehlerDifferential.ideal F Q) d ∧
      ((Algebra.TensorProduct.lmul' F) d = Matrix.det fun i j => pi ((MvPolynomial.pderiv j) (P i))) ∧
        ∃! ell, (LinearStudy.tensorFunctionalContraction ell) d = 1
'LinearStudy.polynomialQuotient_diagonal_unique_functional' depends on axioms: [propext, Classical.choice, Quot.sound]
LinearStudy.polynomial_tensor_diagonal_eq_coordinate_ideal.{u_1, u_2, u_3} {K : Type u_1} {A : Type u_2} {ι : Type u_3}
  [CommRing K] [CommRing A] [Algebra K A] [Fintype ι] [DecidableEq ι] (q : MvPolynomial ι K →ₐ[K] A)
  (hq : Function.Surjective ⇑q) :
  Ideal.span (Set.range fun i => q (MvPolynomial.X i) ⊗ₜ[K] 1 - 1 ⊗ₜ[K] q (MvPolynomial.X i)) =
    KaehlerDifferential.ideal K A
'LinearStudy.polynomial_tensor_diagonal_eq_coordinate_ideal' depends on axioms: [propext, Classical.choice, Quot.sound]
LinearStudy.polynomialQuotient_diagonal_jacobian.{u_1, u_3} {K : Type u_1} {ι : Type u_3} [CommRing K] [Fintype ι]
  [DecidableEq ι] (P : ι → MvPolynomial ι K) :
  let Q := MvPolynomial ι K ⧸ Ideal.span (Set.range P);
  have q := Ideal.Quotient.mk (Ideal.span (Set.range P));
  ∃ D,
    LinearStudy.Annihilates (KaehlerDifferential.ideal K Q) D.det ∧
      (Algebra.TensorProduct.lmul' K) D.det = Matrix.det fun i j => q ((MvPolynomial.pderiv j) (P i))
'LinearStudy.polynomialQuotient_diagonal_jacobian' depends on axioms: [propext, Classical.choice, Quot.sound]
LinearStudy.polynomial_substitution_quotient_evaluation.{u_1, u_2} {K : Type u_1} {σ : Type u_2} [CommRing K]
  (J : Ideal (MvPolynomial σ K)) (F : σ → MvPolynomial σ K) (y : σ → K) (hF : ∀ (i : σ), F i - MvPolynomial.C (y i) ∈ J)
  (P : MvPolynomial σ K) :
  (Ideal.Quotient.mk J) ((MvPolynomial.aeval F) P) = (Ideal.Quotient.mk J) (MvPolynomial.C ((MvPolynomial.eval y) P))
'LinearStudy.polynomial_substitution_quotient_evaluation' depends on axioms: [propext, Classical.choice, Quot.sound]
LinearStudy.polynomial_pullback_normal_derivative_quotient.{u_1} {K : Type u_1} [CommRing K] {r c : ℕ}
  (J : Ideal (MvPolynomial (Fin r ⊕ Fin c) K)) (F : Fin r ⊕ Fin c → MvPolynomial (Fin r ⊕ Fin c) K)
  (y : Fin r ⊕ Fin c → K) (hF : ∀ (i : Fin r ⊕ Fin c), F i - MvPolynomial.C (y i) ∈ J)
  (H : MvPolynomial (Fin r ⊕ Fin c) K)
  (htan : ∀ (i : Fin r), (MvPolynomial.eval y) ((MvPolynomial.pderiv (Sum.inl i)) H) = 0) (j : Fin c) :
  (Ideal.Quotient.mk J) ((MvPolynomial.pderiv (Sum.inr j)) ((MvPolynomial.aeval F) H)) =
    ∑ i,
      (Ideal.Quotient.mk J) (MvPolynomial.C ((MvPolynomial.eval y) ((MvPolynomial.pderiv (Sum.inr i)) H))) *
        (Ideal.Quotient.mk J) ((MvPolynomial.pderiv (Sum.inr j)) (F (Sum.inr i)))
'LinearStudy.polynomial_pullback_normal_derivative_quotient' depends on axioms: [propext, Classical.choice, Quot.sound]
LinearStudy.polynomial_pullback_normal_jacobian_quotient.{u_1} {K : Type u_1} [CommRing K] {r c : ℕ}
  (J : Ideal (MvPolynomial (Fin r ⊕ Fin c) K)) (F : Fin r ⊕ Fin c → MvPolynomial (Fin r ⊕ Fin c) K)
  (y : Fin r ⊕ Fin c → K) (hF : ∀ (i : Fin r ⊕ Fin c), F i - MvPolynomial.C (y i) ∈ J)
  (H : Fin c → MvPolynomial (Fin r ⊕ Fin c) K)
  (htan : ∀ (i : Fin c) (j : Fin r), (MvPolynomial.eval y) ((MvPolynomial.pderiv (Sum.inl j)) (H i)) = 0) :
  (Ideal.Quotient.mk J) (Matrix.det fun i j => (MvPolynomial.pderiv (Sum.inr j)) ((MvPolynomial.aeval F) (H i))) =
    (Ideal.Quotient.mk J)
        (MvPolynomial.C (Matrix.det fun i j => (MvPolynomial.eval y) ((MvPolynomial.pderiv (Sum.inr j)) (H i)))) *
      (Ideal.Quotient.mk J) (Matrix.det fun i j => (MvPolynomial.pderiv (Sum.inr j)) (F (Sum.inr i)))
'LinearStudy.polynomial_pullback_normal_jacobian_quotient' depends on axioms: [propext, Classical.choice, Quot.sound]
LinearStudy.polynomial_pullback_normal_jacobian_quotient_span.{u_1} {K : Type u_1} [CommRing K] {r c : ℕ}
  (J : Ideal (MvPolynomial (Fin r ⊕ Fin c) K)) (F : Fin r ⊕ Fin c → MvPolynomial (Fin r ⊕ Fin c) K)
  (y : Fin r ⊕ Fin c → K) (hF : ∀ (i : Fin r ⊕ Fin c), F i - MvPolynomial.C (y i) ∈ J)
  (H : Fin c → MvPolynomial (Fin r ⊕ Fin c) K)
  (htan : ∀ (i : Fin c) (j : Fin r), (MvPolynomial.eval y) ((MvPolynomial.pderiv (Sum.inl j)) (H i)) = 0)
  (hJac : IsUnit (Matrix.det fun i j => (MvPolynomial.eval y) ((MvPolynomial.pderiv (Sum.inr j)) (H i)))) :
  Ideal.span
      {(Ideal.Quotient.mk J) (Matrix.det fun i j => (MvPolynomial.pderiv (Sum.inr j)) ((MvPolynomial.aeval F) (H i)))} =
    Ideal.span {(Ideal.Quotient.mk J) (Matrix.det fun i j => (MvPolynomial.pderiv (Sum.inr j)) (F (Sum.inr i)))}
'LinearStudy.polynomial_pullback_normal_jacobian_quotient_span' depends on axioms: [propext,
 Classical.choice,
 Quot.sound]
LinearStudy.polynomial_pullback_normal_jacobian_image_factor.{u_1, u_2} {K : Type u_1} {R : Type u_2} [CommRing K]
  [CommRing R] {r c : ℕ} (J : Ideal (MvPolynomial (Fin r ⊕ Fin c) K))
  (F : Fin r ⊕ Fin c → MvPolynomial (Fin r ⊕ Fin c) K) (y : Fin r ⊕ Fin c → K)
  (hF : ∀ (i : Fin r ⊕ Fin c), F i - MvPolynomial.C (y i) ∈ J) (H : Fin c → MvPolynomial (Fin r ⊕ Fin c) K)
  (htan : ∀ (i : Fin c) (j : Fin r), (MvPolynomial.eval y) ((MvPolynomial.pderiv (Sum.inl j)) (H i)) = 0)
  (hJac : IsUnit (Matrix.det fun i j => (MvPolynomial.eval y) ((MvPolynomial.pderiv (Sum.inr j)) (H i))))
  (φ : MvPolynomial (Fin r ⊕ Fin c) K ⧸ J →+* R) :
  ∃ u,
    φ ((Ideal.Quotient.mk J) (Matrix.det fun i j => (MvPolynomial.pderiv (Sum.inr j)) ((MvPolynomial.aeval F) (H i)))) =
      ↑u * φ ((Ideal.Quotient.mk J) (Matrix.det fun i j => (MvPolynomial.pderiv (Sum.inr j)) (F (Sum.inr i))))
'LinearStudy.polynomial_pullback_normal_jacobian_image_factor' depends on axioms: [propext,
 Classical.choice,
 Quot.sound]
LinearStudy.polynomial_zero_firstJet_mem_vars_square.{u_1, u_2} {K : Type u_1} {σ : Type u_2} [Field K]
  (F : MvPolynomial σ K) (h0 : MvPolynomial.constantCoeff F = 0)
  (hD : ∀ (j : σ), MvPolynomial.constantCoeff ((MvPolynomial.pderiv j) F) = 0) : F ∈ MvPolynomial.idealOfVars σ K ^ 2
'LinearStudy.polynomial_zero_firstJet_mem_vars_square' depends on axioms: [propext, Classical.choice, Quot.sound]
LinearStudy.polynomial_zero_firstJet_mem_point_square.{u_1, u_2} {K : Type u_1} {σ : Type u_2} [Field K] [Finite σ]
  (x : σ → K) (F : MvPolynomial σ K) (h0 : (MvPolynomial.eval x) F = 0)
  (hD : ∀ (j : σ), (MvPolynomial.eval x) ((MvPolynomial.pderiv j) F) = 0) :
  F ∈ RingHom.ker (MvPolynomial.aeval x).toRingHom ^ 2
'LinearStudy.polynomial_zero_firstJet_mem_point_square' depends on axioms: [propext, Classical.choice, Quot.sound]
LinearStudy.polynomial_idealOfVars_eq_constantCoeff_kernel.{u_1, u_2} (σ : Type u_1) (K : Type u_2) [Field K] :
  MvPolynomial.idealOfVars σ K = RingHom.ker MvPolynomial.constantCoeff
'LinearStudy.polynomial_idealOfVars_eq_constantCoeff_kernel' depends on axioms: [propext, Classical.choice, Quot.sound]
LinearStudy.polynomial_idealOfVars_isMaximal.{u_1, u_2} (σ : Type u_1) (K : Type u_2) [Field K] :
  (MvPolynomial.idealOfVars σ K).IsMaximal
'LinearStudy.polynomial_idealOfVars_isMaximal' depends on axioms: [propext, Classical.choice, Quot.sound]
LinearStudy.polynomialOriginFormalCompletionEquiv.{u_1, u_2} (σ : Type u_1) (K : Type u_2) [Field K] [Finite σ] :
  MvPowerSeries σ K ≃+*
    AdicCompletion (IsLocalRing.maximalIdeal (Localization.AtPrime (MvPolynomial.idealOfVars σ K)))
      (Localization.AtPrime (MvPolynomial.idealOfVars σ K))
'LinearStudy.polynomialOriginFormalCompletionEquiv' depends on axioms: [propext, Classical.choice, Quot.sound]
LinearStudy.polynomialOriginFormalCompletionEquiv_polynomial.{u_1, u_2} (σ : Type u_1) (K : Type u_2) [Field K]
  [Finite σ] (P : MvPolynomial σ K) :
  (LinearStudy.polynomialOriginFormalCompletionEquiv σ K) ↑P =
    (AdicCompletion.of (IsLocalRing.maximalIdeal (Localization.AtPrime (MvPolynomial.idealOfVars σ K)))
        (Localization.AtPrime (MvPolynomial.idealOfVars σ K)))
      ((algebraMap (MvPolynomial σ K) (Localization.AtPrime (MvPolynomial.idealOfVars σ K))) P)
'LinearStudy.polynomialOriginFormalCompletionEquiv_polynomial' depends on axioms: [propext,
 Classical.choice,
 Quot.sound]
LinearStudy.polynomialTranslation_pderiv.{u_1, u_2} {K : Type u_1} {σ : Type u_2} [Field K] (x : σ → K)
  (P : MvPolynomial σ K) (j : σ) :
  (MvPolynomial.pderiv j) ((LinearStudy.polynomialTranslation x) P) =
    (LinearStudy.polynomialTranslation x) ((MvPolynomial.pderiv j) P)
'LinearStudy.polynomialTranslation_pderiv' depends on axioms: [propext, Classical.choice, Quot.sound]
LinearStudy.formalPolynomialAtPoint_constantCoeff.{u_1, u_2} {K : Type u_1} {σ : Type u_2} [Field K] (x : σ → K)
  (P : MvPolynomial σ K) :
  MvPowerSeries.constantCoeff ((LinearStudy.formalPolynomialAtPoint x) P) = (MvPolynomial.eval x) P
'LinearStudy.formalPolynomialAtPoint_constantCoeff' depends on axioms: [propext, Classical.choice, Quot.sound]
LinearStudy.formalPolynomialAtPoint_pderiv.{u_1, u_2} {K : Type u_1} {σ : Type u_2} [Field K] (x : σ → K)
  (P : MvPolynomial σ K) (j : σ) :
  (MvPowerSeries.pderiv j) ((LinearStudy.formalPolynomialAtPoint x) P) =
    (LinearStudy.formalPolynomialAtPoint x) ((MvPolynomial.pderiv j) P)
'LinearStudy.formalPolynomialAtPoint_pderiv' depends on axioms: [propext, Classical.choice, Quot.sound]
LinearStudy.formalPolynomialAtPoint_jacobian_at_point.{u_1, u_2} {K : Type u_1} {σ : Type u_2} [Field K] (x : σ → K)
  (P : σ → MvPolynomial σ K) (i j : σ) :
  MvPowerSeries.constantCoeff ((MvPowerSeries.pderiv j) ((LinearStudy.formalPolynomialAtPoint x) (P i))) =
    (MvPolynomial.eval x) ((MvPolynomial.pderiv j) (P i))
'LinearStudy.formalPolynomialAtPoint_jacobian_at_point' depends on axioms: [propext, Classical.choice, Quot.sound]
LinearStudy.formalPolynomialAtPoint_C.{u_1, u_2} {K : Type u_1} {σ : Type u_2} [Field K] (x : σ → K) (a : K) :
  (LinearStudy.formalPolynomialAtPoint x) (MvPolynomial.C a) = MvPowerSeries.C a
'LinearStudy.formalPolynomialAtPoint_C' depends on axioms: [propext, Classical.choice, Quot.sound]
LinearStudy.formalPolynomialAtPoint_X.{u_1, u_2} {K : Type u_1} {σ : Type u_2} [Field K] (x : σ → K) (i : σ) :
  (LinearStudy.formalPolynomialAtPoint x) (MvPolynomial.X i) = MvPowerSeries.X i + MvPowerSeries.C (x i)
'LinearStudy.formalPolynomialAtPoint_X' depends on axioms: [propext, Classical.choice, Quot.sound]
LinearStudy.formalPolynomialAtPoint_centered_X.{u_1, u_2} {K : Type u_1} {σ : Type u_2} [Field K] (x : σ → K) (i : σ) :
  (LinearStudy.formalPolynomialAtPoint x) (MvPolynomial.X i - MvPolynomial.C (x i)) = MvPowerSeries.X i
'LinearStudy.formalPolynomialAtPoint_centered_X' depends on axioms: [propext, Classical.choice, Quot.sound]
LinearStudy.formalPolynomialIdeal_local_generators.{u_1, u_2, u_3} {K : Type u_1} {σ : Type u_2} [Field K] [Finite σ]
  (I P : Ideal (MvPolynomial σ K)) [P.IsPrime] (x : σ → K) (hP : P = RingHom.ker (MvPolynomial.aeval x).toRingHom)
  {ι : Type u_3} (G : ι → MvPolynomial σ K)
  (hlocal :
    Ideal.map (algebraMap (MvPolynomial σ K) (Localization.AtPrime P)) I =
      Ideal.span (Set.range fun i => (algebraMap (MvPolynomial σ K) (Localization.AtPrime P)) (G i))) :
  Ideal.map (LinearStudy.formalPolynomialAtPoint x) I =
    Ideal.span (Set.range fun i => (LinearStudy.formalPolynomialAtPoint x) (G i))
'LinearStudy.formalPolynomialIdeal_local_generators' depends on axioms: [propext, Classical.choice, Quot.sound]
LinearStudy.formalPolynomialAtPoint.{u_1, u_2} {K : Type u_1} {σ : Type u_2} [Field K] (x : σ → K) :
  MvPolynomial σ K →+* MvPowerSeries σ K
'LinearStudy.formalPolynomialAtPoint' depends on axioms: [propext, Classical.choice, Quot.sound]
LinearStudy.formalPolynomialIdealAtPoint.{u_1, u_2} {K : Type u_1} {σ : Type u_2} [Field K]
  (I : Ideal (MvPolynomial σ K)) (x : σ → K) : Ideal (MvPowerSeries σ K)
'LinearStudy.formalPolynomialIdealAtPoint' depends on axioms: [propext, Classical.choice, Quot.sound]
LinearStudy.polynomialPrimeFormalCompletionEquiv.{u_1, u_2} {K : Type u_1} {σ : Type u_2} [Field K] [Finite σ]
  (P : Ideal (MvPolynomial σ K)) [P.IsPrime] (x : σ → K) (hP : P = RingHom.ker (MvPolynomial.aeval x).toRingHom) :
  MvPowerSeries σ K ≃+* AdicCompletion (IsLocalRing.maximalIdeal (Localization.AtPrime P)) (Localization.AtPrime P)
'LinearStudy.polynomialPrimeFormalCompletionEquiv' depends on axioms: [propext, Classical.choice, Quot.sound]
LinearStudy.polynomialPrimeFormalCompletionEquiv_polynomial.{u_1, u_2} {K : Type u_1} {σ : Type u_2} [Field K]
  [Finite σ] (P : Ideal (MvPolynomial σ K)) [P.IsPrime] (x : σ → K)
  (hP : P = RingHom.ker (MvPolynomial.aeval x).toRingHom) (f : MvPolynomial σ K) :
  (LinearStudy.polynomialPrimeFormalCompletionEquiv P x hP) ((LinearStudy.formalPolynomialAtPoint x) f) =
    (algebraMap (Localization.AtPrime P)
        (AdicCompletion (IsLocalRing.maximalIdeal (Localization.AtPrime P)) (Localization.AtPrime P)))
      ((algebraMap (MvPolynomial σ K) (Localization.AtPrime P)) f)
'LinearStudy.polynomialPrimeFormalCompletionEquiv_polynomial' depends on axioms: [propext, Classical.choice, Quot.sound]
LinearStudy.polynomial_residue_point_kernel.{u_1, u_2} {K : Type u_1} {σ : Type u_2} [Field K]
  (I : Ideal (MvPolynomial σ K)) (q : MvPolynomial σ K ⧸ I →ₐ[K] K) :
  Ideal.comap (Ideal.Quotient.mk I) (RingHom.ker q.toRingHom) =
    RingHom.ker (MvPolynomial.aeval fun i => q ((Ideal.Quotient.mk I) (MvPolynomial.X i))).toRingHom
'LinearStudy.polynomial_residue_point_kernel' depends on axioms: [propext, Classical.choice, Quot.sound]
LinearStudy.polynomialFormalFiberEquiv.{u_1, u_2} {K : Type u_1} {σ : Type u_2} [Field K] [Finite σ]
  (I : Ideal (MvPolynomial σ K)) [IsArtinianRing (MvPolynomial σ K ⧸ I)] (q : MvPolynomial σ K ⧸ I →ₐ[K] K) :
  have x := fun i => q ((Ideal.Quotient.mk I) (MvPolynomial.X i));
  MvPowerSeries σ K ⧸ LinearStudy.formalPolynomialIdealAtPoint I x ≃+* Localization.AtPrime (RingHom.ker q.toRingHom)
'LinearStudy.polynomialFormalFiberEquiv' depends on axioms: [propext, Classical.choice, Quot.sound]
LinearStudy.polynomialFormalFiberEquiv_polynomial.{u_1, u_2} {K : Type u_1} {σ : Type u_2} [Field K] [Finite σ]
  (I : Ideal (MvPolynomial σ K)) [IsArtinianRing (MvPolynomial σ K ⧸ I)] (q : MvPolynomial σ K ⧸ I →ₐ[K] K)
  (f : MvPolynomial σ K) :
  have x := fun i => q ((Ideal.Quotient.mk I) (MvPolynomial.X i));
  (LinearStudy.polynomialFormalFiberEquiv I q)
      ((Ideal.Quotient.mk
          (LinearStudy.formalPolynomialIdealAtPoint I fun i => q ((Ideal.Quotient.mk I) (MvPolynomial.X i))))
        ((LinearStudy.formalPolynomialAtPoint x) f)) =
    (algebraMap (MvPolynomial σ K ⧸ I) (Localization.AtPrime (RingHom.ker q.toRingHom))) ((Ideal.Quotient.mk I) f)
'LinearStudy.polynomialFormalFiberEquiv_polynomial' depends on axioms: [propext, Classical.choice, Quot.sound]
LinearStudy.polynomial_formal_socle_generator_descends.{u_1, u_2} {K : Type u_1} {σ : Type u_2} [Field K] [Finite σ]
  (I : Ideal (MvPolynomial σ K)) [IsArtinianRing (MvPolynomial σ K ⧸ I)] (q : MvPolynomial σ K ⧸ I →ₐ[K] K)
  (theta : MvPolynomial σ K)
  (h :
    have x := fun i => q ((Ideal.Quotient.mk I) (MvPolynomial.X i));
    let B := MvPowerSeries σ K ⧸ LinearStudy.formalPolynomialIdealAtPoint I x;
    Submodule.annihilator (nilradical B) =
      Ideal.span
        {(Ideal.Quotient.mk (LinearStudy.formalPolynomialIdealAtPoint I x))
            ((LinearStudy.formalPolynomialAtPoint x) theta)}) :
  Submodule.annihilator (nilradical (Localization.AtPrime (RingHom.ker q.toRingHom))) =
    Ideal.span
      (Set.singleton
        ((algebraMap (MvPolynomial σ K ⧸ I) (Localization.AtPrime (RingHom.ker q.toRingHom)))
          ((Ideal.Quotient.mk I) theta)))
'LinearStudy.polynomial_formal_socle_generator_descends' depends on axioms: [propext, Classical.choice, Quot.sound]
LinearStudy.exists_maximalResidueMap.{u_1, u_2} {K : Type u_1} {A : Type u_2} [Field K] [CommRing A] [Algebra K A]
  [IsAlgClosed K] [Module.Finite K A] (p : MaximalSpectrum A) : ∃ q, RingHom.ker q.toRingHom = p.asIdeal
'LinearStudy.exists_maximalResidueMap' depends on axioms: [propext, Classical.choice, Quot.sound]
LinearStudy.polynomial_centered_coordinateIdeal_eq_eval_kernel.{u_1, u_3} {K : Type u_1} [Field K] {ι : Type u_3}
  [Fintype ι] [DecidableEq ι] (a : ι → K) :
  Ideal.span (Set.range fun i => MvPolynomial.X i - MvPolynomial.C (a i)) = RingHom.ker (MvPolynomial.aeval a).toRingHom
'LinearStudy.polynomial_centered_coordinateIdeal_eq_eval_kernel' depends on axioms: [propext,
 Classical.choice,
 Quot.sound]
LinearStudy.polynomial_quotient_coordinateIdeal_eq_kernel.{u_1, u_3} {K : Type u_1} [Field K] {ι : Type u_3} [Fintype ι]
  [DecidableEq ι] (P : ι → MvPolynomial ι K) (q : MvPolynomial ι K ⧸ Ideal.span (Set.range P) →ₐ[K] K) :
  have pi := Ideal.Quotient.mk (Ideal.span (Set.range P));
  have a := fun i => q (pi (MvPolynomial.X i));
  Ideal.map pi (Ideal.span (Set.range fun i => MvPolynomial.X i - MvPolynomial.C (a i))) = RingHom.ker q.toRingHom
'LinearStudy.polynomial_quotient_coordinateIdeal_eq_kernel' depends on axioms: [propext, Classical.choice, Quot.sound]
LinearStudy.polynomial_quotient_kernel_socle.{u_1} {K : Type u_1} [Field K] {n : ℕ}
  (P : Fin (n + 1) → MvPolynomial (Fin (n + 1)) K)
  (hP : RingTheory.Sequence.IsRegular (MvPolynomial (Fin (n + 1)) K) (List.ofFn P))
  [Module.Finite K (MvPolynomial (Fin (n + 1)) K ⧸ Ideal.span (Set.range P))]
  (q : MvPolynomial (Fin (n + 1)) K ⧸ Ideal.span (Set.range P) →ₐ[K] K) :
  ∃ delta, delta ≠ 0 ∧ Submodule.annihilator (RingHom.ker q.toRingHom) = Ideal.span {delta}
'LinearStudy.polynomial_quotient_kernel_socle' depends on axioms: [propext, Classical.choice, Quot.sound]
LinearStudy.polynomialQuotient_perfectPairing.{u_1} {K : Type u_1} [Field K] [IsAlgClosed K] [Infinite K] {n : ℕ}
  (P : Fin (n + 1) → MvPolynomial (Fin (n + 1)) K)
  (hP : RingTheory.Sequence.IsRegular (MvPolynomial (Fin (n + 1)) K) (List.ofFn P))
  [Module.Finite K (MvPolynomial (Fin (n + 1)) K ⧸ Ideal.span (Set.range P))] :
  Nonempty LinearStudy.PerfectMultiplicationPairing
'LinearStudy.polynomialQuotient_perfectPairing' depends on axioms: [propext, Classical.choice, Quot.sound]
LinearStudy.polynomialLinearChange.{u_1, u_2} {K : Type u_1} {σ : Type u_2} [CommRing K] [Fintype σ]
  (P : Matrix σ σ K) : MvPolynomial σ K →ₐ[K] MvPolynomial σ K
'LinearStudy.polynomialLinearChange' depends on axioms: [propext, Classical.choice, Quot.sound]
LinearStudy.polynomialLinearChange_comp.{u_1, u_2} {K : Type u_1} {σ : Type u_2} [CommRing K] [Fintype σ]
  (P Q : Matrix σ σ K) :
  (LinearStudy.polynomialLinearChange Q).comp (LinearStudy.polynomialLinearChange P) =
    LinearStudy.polynomialLinearChange (P * Q)
'LinearStudy.polynomialLinearChange_comp' depends on axioms: [propext, Classical.choice, Quot.sound]
LinearStudy.polynomialLinearChange_one.{u_1, u_2} {K : Type u_1} {σ : Type u_2} [CommRing K] [Fintype σ]
  [DecidableEq σ] : LinearStudy.polynomialLinearChange 1 = AlgHom.id K (MvPolynomial σ K)
'LinearStudy.polynomialLinearChange_one' depends on axioms: [propext, Classical.choice, Quot.sound]
LinearStudy.polynomialLinearChangeEquiv.{u_1, u_2} {K : Type u_1} {σ : Type u_2} [Field K] [Fintype σ] [DecidableEq σ]
  (P : Matrix σ σ K) (hP : P.det ≠ 0) : MvPolynomial σ K ≃ₐ[K] MvPolynomial σ K
'LinearStudy.polynomialLinearChangeEquiv' depends on axioms: [propext, Classical.choice, Quot.sound]
LinearStudy.eval_polynomialLinearChange.{u_1, u_2} {K : Type u_1} {σ : Type u_2} [CommRing K] [Fintype σ]
  (P : Matrix σ σ K) (y : σ → K) (G : MvPolynomial σ K) :
  (MvPolynomial.eval y) ((LinearStudy.polynomialLinearChange P) G) = (MvPolynomial.eval (P.mulVec y)) G
'LinearStudy.eval_polynomialLinearChange' depends on axioms: [propext, Classical.choice, Quot.sound]
LinearStudy.pderiv_matrix_linear_polynomial.{u_1, u_2} {K : Type u_1} {σ : Type u_2} [CommRing K] [Fintype σ]
  (P : Matrix σ σ K) (i j : σ) : (MvPolynomial.pderiv j) (P.toMvPolynomial i) = MvPolynomial.C (P i j)
'LinearStudy.pderiv_matrix_linear_polynomial' depends on axioms: [propext, Classical.choice, Quot.sound]
LinearStudy.pderiv_polynomialLinearChange.{u_1, u_2} {K : Type u_1} {σ : Type u_2} [CommRing K] [Fintype σ]
  (P : Matrix σ σ K) (G : MvPolynomial σ K) (j : σ) :
  (MvPolynomial.pderiv j) ((LinearStudy.polynomialLinearChange P) G) =
    ∑ i, MvPolynomial.C (P i j) * (LinearStudy.polynomialLinearChange P) ((MvPolynomial.pderiv i) G)
'LinearStudy.pderiv_polynomialLinearChange' depends on axioms: [propext, Classical.choice, Quot.sound]
LinearStudy.eval_pderiv_polynomialLinearChange.{u_1, u_2} {K : Type u_1} {σ : Type u_2} [CommRing K] [Fintype σ]
  (P : Matrix σ σ K) (G : MvPolynomial σ K) (y : σ → K) (j : σ) :
  (MvPolynomial.eval y) ((MvPolynomial.pderiv j) ((LinearStudy.polynomialLinearChange P) G)) =
    ∑ i, (MvPolynomial.eval (P.mulVec y)) ((MvPolynomial.pderiv i) G) * P i j
'LinearStudy.eval_pderiv_polynomialLinearChange' depends on axioms: [propext, Classical.choice, Quot.sound]
LinearStudy.polynomialLinearChange_isHomogeneous.{u_1, u_2} {K : Type u_1} {σ : Type u_2} [CommRing K] [Fintype σ]
  (P : Matrix σ σ K) {G : MvPolynomial σ K} {q : ℕ} (hG : G.IsHomogeneous q) :
  ((LinearStudy.polynomialLinearChange P) G).IsHomogeneous q
'LinearStudy.polynomialLinearChange_isHomogeneous' depends on axioms: [propext, Classical.choice, Quot.sound]
LinearStudy.polynomialLinearChangeEquiv_isHomogeneous.{u_1, u_2} {K : Type u_1} {σ : Type u_2} [Field K] [Fintype σ]
  [DecidableEq σ] (P : Matrix σ σ K) (hP : P.det ≠ 0) {G : MvPolynomial σ K} {q : ℕ} :
  ((LinearStudy.polynomialLinearChangeEquiv P hP) G).IsHomogeneous q ↔ G.IsHomogeneous q
'LinearStudy.polynomialLinearChangeEquiv_isHomogeneous' depends on axioms: [propext, Classical.choice, Quot.sound]
LinearStudy.homogeneous_linear_change_totalDegree.{u_1, u_2} {K : Type u_1} {σ : Type u_2} [Field K] [Fintype σ]
  [DecidableEq σ] (P : Matrix σ σ K) (hP : P.det ≠ 0) {G : MvPolynomial σ K} {q : ℕ} (hG : G.IsHomogeneous q)
  (h0 : G ≠ 0) : ((LinearStudy.polynomialLinearChangeEquiv P hP) G).totalDegree = q
'LinearStudy.homogeneous_linear_change_totalDegree' depends on axioms: [propext, Classical.choice, Quot.sound]
LinearStudy.polynomialLinearChange_totalDegree_le.{u_1, u_2} {K : Type u_1} {σ : Type u_2} [CommRing K] [Fintype σ]
  (P : Matrix σ σ K) (G : MvPolynomial σ K) : ((LinearStudy.polynomialLinearChange P) G).totalDegree ≤ G.totalDegree
'LinearStudy.polynomialLinearChange_totalDegree_le' depends on axioms: [propext, Classical.choice, Quot.sound]
LinearStudy.polynomialLinearChangeEquiv_totalDegree.{u_1, u_2} {K : Type u_1} {σ : Type u_2} [Field K] [Fintype σ]
  [DecidableEq σ] (P : Matrix σ σ K) (hP : P.det ≠ 0) (G : MvPolynomial σ K) :
  ((LinearStudy.polynomialLinearChangeEquiv P hP) G).totalDegree = G.totalDegree
'LinearStudy.polynomialLinearChangeEquiv_totalDegree' depends on axioms: [propext, Classical.choice, Quot.sound]
LinearStudy.polynomial_point_kernel_eq_span_centered_coordinates.{u_1, u_2} {K : Type u_1} {σ : Type u_2} [Field K]
  [Finite σ] (x : σ → K) :
  RingHom.ker (MvPolynomial.aeval x).toRingHom = Ideal.span (Set.range fun i => MvPolynomial.X i - MvPolynomial.C (x i))
'LinearStudy.polynomial_point_kernel_eq_span_centered_coordinates' depends on axioms: [propext,
 Classical.choice,
 Quot.sound]
LinearStudy.polynomial_firstOrder_normal_pointIdeal.{u_1, u_3, u_4} {K : Type u_1} [Field K] {α : Type u_3}
  {β : Type u_4} [Finite α] [Finite β] [DecidableEq α] [DecidableEq β] (x : α ⊕ β → K) (G : β → MvPolynomial (α ⊕ β) K)
  (h0 : ∀ (i : β), (MvPolynomial.eval x) (G i) = 0)
  (hD : ∀ (i : β) (j : α ⊕ β), (MvPolynomial.eval x) ((MvPolynomial.pderiv j) (G i)) = if j = Sum.inr i then 1 else 0)
  (i : β) :
  G i - (MvPolynomial.X (Sum.inr i) - MvPolynomial.C (x (Sum.inr i))) ∈ RingHom.ker (MvPolynomial.aeval x).toRingHom ^ 2
'LinearStudy.polynomial_firstOrder_normal_pointIdeal' depends on axioms: [propext, Classical.choice, Quot.sound]
LinearStudy.polynomial_firstOrder_tangents_generate_local_quotient.{u_1, u_3, u_4} {K : Type u_1} [Field K]
  {α : Type u_3} {β : Type u_4} [Finite α] [Finite β] [DecidableEq α] [DecidableEq β]
  (I P : Ideal (MvPolynomial (α ⊕ β) K)) [P.IsPrime] (hIP : I ≤ P) (x : α ⊕ β → K)
  (hP : P = RingHom.ker (MvPolynomial.aeval x).toRingHom) (G : β → MvPolynomial (α ⊕ β) K)
  (hlocal :
    Ideal.map (algebraMap (MvPolynomial (α ⊕ β) K) (Localization.AtPrime P)) I =
      Ideal.span (Set.range fun i => (algebraMap (MvPolynomial (α ⊕ β) K) (Localization.AtPrime P)) (G i)))
  (h0 : ∀ (i : β), (MvPolynomial.eval x) (G i) = 0)
  (hD : ∀ (i : β) (j : α ⊕ β), (MvPolynomial.eval x) ((MvPolynomial.pderiv j) (G i)) = if j = Sum.inr i then 1 else 0) :
  let J := Ideal.map (algebraMap (MvPolynomial (α ⊕ β) K) (Localization.AtPrime P)) I;
  Ideal.span
      (Set.range fun i =>
        (Ideal.Quotient.mk J)
          ((algebraMap (MvPolynomial (α ⊕ β) K) (Localization.AtPrime P))
            (MvPolynomial.X (Sum.inl i) - MvPolynomial.C (x (Sum.inl i))))) =
    IsLocalRing.maximalIdeal (Localization.AtPrime P ⧸ J)
'LinearStudy.polynomial_firstOrder_tangents_generate_local_quotient' depends on axioms: [propext,
 Classical.choice,
 Quot.sound]
LinearStudy.ideal_span_invertible_scalar_combinations.{u_1, u_2, u_3} {K : Type u_1} [Field K] {R : Type u_2}
  {β : Type u_3} [CommRing R] [Algebra K R] [Fintype β] [DecidableEq β] (M : Matrix β β K) (hM : IsUnit M.det)
  (G : β → R) : Ideal.span (Set.range fun i => ∑ j, M i j • G j) = Ideal.span (Set.range G)
'LinearStudy.ideal_span_invertible_scalar_combinations' depends on axioms: [propext, Classical.choice, Quot.sound]
LinearStudy.normalize_polynomial_normal_equations_firstOrder.{u_1, u_2, u_3} {K : Type u_1} [Field K] {α : Type u_2}
  {β : Type u_3} [Fintype α] [Fintype β] [DecidableEq α] [DecidableEq β] (G : β → MvPolynomial (α ⊕ β) K)
  (x : α ⊕ β → K) (h0 : ∀ (i : β), (MvPolynomial.eval x) (G i) = 0)
  (hT : ∀ (i : β) (j : α), (MvPolynomial.eval x) ((MvPolynomial.pderiv (Sum.inl j)) (G i)) = 0)
  (hJ : IsUnit (Matrix.det fun i j => (MvPolynomial.eval x) ((MvPolynomial.pderiv (Sum.inr j)) (G i)))) :
  have J := fun i j => (MvPolynomial.eval x) ((MvPolynomial.pderiv (Sum.inr j)) (G i));
  have H := fun i => ∑ j, J⁻¹ i j • G j;
  (∀ (i : β), (MvPolynomial.eval x) (H i) = 0) ∧
    (∀ (i : β) (j : α ⊕ β), (MvPolynomial.eval x) ((MvPolynomial.pderiv j) (H i)) = if j = Sum.inr i then 1 else 0) ∧
      Ideal.span (Set.range H) = Ideal.span (Set.range G)
'LinearStudy.normalize_polynomial_normal_equations_firstOrder' depends on axioms: [propext,
 Classical.choice,
 Quot.sound]
LinearStudy.polynomial_equations_adapted_normal_generators.{u_1, u_2, u_3} {K : Type u_1} [Field K] {α : Type u_2}
  {β : Type u_3} [Fintype α] [Fintype β] [DecidableEq α] [DecidableEq β] (G : β → MvPolynomial (α ⊕ β) K)
  (x : α ⊕ β → K) (h0 : ∀ (i : β), (MvPolynomial.eval x) (G i) = 0)
  (hJ : IsUnit (Matrix.det fun i j => (MvPolynomial.eval x) ((MvPolynomial.pderiv (Sum.inr j)) (G i)))) :
  ∃ M,
    M.det ≠ 0 ∧
      ∃ H,
        (∀ (i : β), (MvPolynomial.eval (M⁻¹.mulVec x)) (H i) = 0) ∧
          (∀ (i : β) (j : α ⊕ β),
              (MvPolynomial.eval (M⁻¹.mulVec x)) ((MvPolynomial.pderiv j) (H i)) = if j = Sum.inr i then 1 else 0) ∧
            Ideal.span (Set.range H) = Ideal.span (Set.range fun i => (LinearStudy.polynomialLinearChange M) (G i))
'LinearStudy.polynomial_equations_adapted_normal_generators' depends on axioms: [propext, Classical.choice, Quot.sound]
LinearStudy.polynomial_origin_radical.{u_1, u_2} {K : Type u_1} {ι : Type u_2} [Field K] [IsAlgClosed K] [Finite ι]
  (I : Ideal (MvPolynomial ι K)) (hI : MvPolynomial.zeroLocus K I = {0}) :
  I.radical = RingHom.ker (MvPolynomial.aeval 0).toRingHom
'LinearStudy.polynomial_origin_radical' depends on axioms: [propext, Classical.choice, Quot.sound]
LinearStudy.polynomialQuotient_finite_of_origin_zeroLocus.{u_1, u_2} {K : Type u_1} {ι : Type u_2} [Field K]
  [IsAlgClosed K] [Finite ι] (I : Ideal (MvPolynomial ι K)) (hI : MvPolynomial.zeroLocus K I = {0}) :
  Module.Finite K (MvPolynomial ι K ⧸ I)
'LinearStudy.polynomialQuotient_finite_of_origin_zeroLocus' depends on axioms: [propext, Classical.choice, Quot.sound]
LinearStudy.polynomialPointFormalCompletionEquiv.{u_1, u_2} {σ : Type u_1} {K : Type u_2} [Field K] [Finite σ]
  (x : σ → K) :
  MvPowerSeries σ K ≃+*
    AdicCompletion (IsLocalRing.maximalIdeal (Localization.AtPrime (RingHom.ker (MvPolynomial.aeval x).toRingHom)))
      (Localization.AtPrime (RingHom.ker (MvPolynomial.aeval x).toRingHom))
'LinearStudy.polynomialPointFormalCompletionEquiv' depends on axioms: [propext, Classical.choice, Quot.sound]
LinearStudy.polynomialPointFormalCompletionEquiv_polynomial.{u_1, u_2} {σ : Type u_1} {K : Type u_2} [Field K]
  [Finite σ] (x : σ → K) (P : MvPolynomial σ K) :
  (LinearStudy.polynomialPointFormalCompletionEquiv x) ↑((LinearStudy.polynomialTranslation x) P) =
    (AdicCompletion.of (IsLocalRing.maximalIdeal (Localization.AtPrime (RingHom.ker (MvPolynomial.aeval x).toRingHom)))
        (Localization.AtPrime (RingHom.ker (MvPolynomial.aeval x).toRingHom)))
      ((algebraMap (MvPolynomial σ K) (Localization.AtPrime (RingHom.ker (MvPolynomial.aeval x).toRingHom))) P)
'LinearStudy.polynomialPointFormalCompletionEquiv_polynomial' depends on axioms: [propext, Classical.choice, Quot.sound]
LinearStudy.polynomialPointLocalEvaluation.{u_1, u_2} {K : Type u_1} {σ : Type u_2} [Field K]
  (P : Ideal (MvPolynomial σ K)) [P.IsPrime] (x : σ → K) (hP : P = RingHom.ker (MvPolynomial.aeval x).toRingHom) :
  Localization.AtPrime P →ₐ[K] K
'LinearStudy.polynomialPointLocalEvaluation' depends on axioms: [propext, Classical.choice, Quot.sound]
LinearStudy.polynomialPointLocalEvaluation_polynomial.{u_1, u_2} {K : Type u_1} {σ : Type u_2} [Field K]
  (P : Ideal (MvPolynomial σ K)) [P.IsPrime] (x : σ → K) (hP : P = RingHom.ker (MvPolynomial.aeval x).toRingHom)
  (G : MvPolynomial σ K) :
  (LinearStudy.polynomialPointLocalEvaluation P x hP) ((algebraMap (MvPolynomial σ K) (Localization.AtPrime P)) G) =
    (MvPolynomial.eval x) G
'LinearStudy.polynomialPointLocalEvaluation_polynomial' depends on axioms: [propext, Classical.choice, Quot.sound]
LinearStudy.polynomialPointLocalEvaluation_kills_ideal.{u_1, u_2} {K : Type u_1} {σ : Type u_2} [Field K]
  (I P : Ideal (MvPolynomial σ K)) [P.IsPrime] (hIP : I ≤ P) (x : σ → K)
  (hP : P = RingHom.ker (MvPolynomial.aeval x).toRingHom) :
  Ideal.map (algebraMap (MvPolynomial σ K) (Localization.AtPrime P)) I ≤
    RingHom.ker (LinearStudy.polynomialPointLocalEvaluation P x hP).toRingHom
'LinearStudy.polynomialPointLocalEvaluation_kills_ideal' depends on axioms: [propext, Classical.choice, Quot.sound]
LinearStudy.polynomialPointLocalQuotientEvaluation.{u_1, u_2} {K : Type u_1} {σ : Type u_2} [Field K]
  (I P : Ideal (MvPolynomial σ K)) [P.IsPrime] (hIP : I ≤ P) (x : σ → K)
  (hP : P = RingHom.ker (MvPolynomial.aeval x).toRingHom) :
  Localization.AtPrime P ⧸ Ideal.map (algebraMap (MvPolynomial σ K) (Localization.AtPrime P)) I →ₐ[K] K
'LinearStudy.polynomialPointLocalQuotientEvaluation' depends on axioms: [propext, Classical.choice, Quot.sound]
LinearStudy.polynomialPointLocalQuotientEvaluation_polynomial.{u_1, u_2} {K : Type u_1} {σ : Type u_2} [Field K]
  (I P : Ideal (MvPolynomial σ K)) [P.IsPrime] (hIP : I ≤ P) (x : σ → K)
  (hP : P = RingHom.ker (MvPolynomial.aeval x).toRingHom) (G : MvPolynomial σ K) :
  (LinearStudy.polynomialPointLocalQuotientEvaluation I P hIP x hP)
      ((Ideal.Quotient.mk (Ideal.map (algebraMap (MvPolynomial σ K) (Localization.AtPrime P)) I))
        ((algebraMap (MvPolynomial σ K) (Localization.AtPrime P)) G)) =
    (MvPolynomial.eval x) G
'LinearStudy.polynomialPointLocalQuotientEvaluation_polynomial' depends on axioms: [propext,
 Classical.choice,
 Quot.sound]
LinearStudy.polynomialTranslation_evaluation.{u_1, u_2} {σ : Type u_1} {K : Type u_2} [Field K] (x y : σ → K)
  (P : MvPolynomial σ K) :
  (MvPolynomial.eval y) ((LinearStudy.polynomialTranslation x) P) = (MvPolynomial.eval fun i => y i + x i) P
'LinearStudy.polynomialTranslation_evaluation' depends on axioms: [propext, Classical.choice, Quot.sound]
LinearStudy.polynomialTranslation_origin_kernel.{u_1, u_2} {σ : Type u_1} {K : Type u_2} [Field K] (x : σ → K) :
  Ideal.comap (LinearStudy.polynomialTranslation x).toRingEquiv.toRingHom (MvPolynomial.idealOfVars σ K) =
    RingHom.ker (MvPolynomial.aeval x).toRingHom
'LinearStudy.polynomialTranslation_origin_kernel' depends on axioms: [propext, Classical.choice, Quot.sound]
LinearStudy.polynomialTranslation_primeCompl.{u_1, u_2} {σ : Type u_1} {K : Type u_2} [Field K] (x : σ → K) :
  Submonoid.map (LinearStudy.polynomialTranslation x).toRingEquiv
      (RingHom.ker (MvPolynomial.aeval x).toRingHom).primeCompl =
    (MvPolynomial.idealOfVars σ K).primeCompl
'LinearStudy.polynomialTranslation_primeCompl' depends on axioms: [propext, Classical.choice, Quot.sound]
LinearStudy.polynomialPointLocalEquiv.{u_1, u_2} {σ : Type u_1} {K : Type u_2} [Field K] (x : σ → K) :
  Localization.AtPrime (RingHom.ker (MvPolynomial.aeval x).toRingHom) ≃+*
    Localization.AtPrime (MvPolynomial.idealOfVars σ K)
'LinearStudy.polynomialPointLocalEquiv' depends on axioms: [propext, Classical.choice, Quot.sound]
LinearStudy.polynomialPointLocalEquiv_polynomial.{u_1, u_2} {σ : Type u_1} {K : Type u_2} [Field K] (x : σ → K)
  (P : MvPolynomial σ K) :
  (LinearStudy.polynomialPointLocalEquiv x)
      ((algebraMap (MvPolynomial σ K) (Localization.AtPrime (RingHom.ker (MvPolynomial.aeval x).toRingHom))) P) =
    (algebraMap (MvPolynomial σ K) (Localization.AtPrime (MvPolynomial.idealOfVars σ K)))
      ((LinearStudy.polynomialTranslation x) P)
'LinearStudy.polynomialPointLocalEquiv_polynomial' depends on axioms: [propext, Classical.choice, Quot.sound]
LinearStudy.polynomial_cons_X_regular.{u_1} {R : Type u_1} [CommRing R] (rs : List R)
  (hr : RingTheory.Sequence.IsRegular R rs) :
  RingTheory.Sequence.IsRegular (Polynomial R) (Polynomial.X :: List.map (⇑Polynomial.C) rs)
'LinearStudy.polynomial_cons_X_regular' depends on axioms: [propext, Classical.choice, Quot.sound]
LinearStudy.polynomial_variables_regular.{u_1} {R : Type u_1} [CommRing R] [Nontrivial R] (n : ℕ) :
  RingTheory.Sequence.IsRegular (MvPolynomial (Fin n) R) (List.ofFn MvPolynomial.X)
'LinearStudy.polynomial_variables_regular' depends on axioms: [propext, Classical.choice, Quot.sound]
LinearStudy.polynomialTranslation.{u_1, u_2} {R : Type u_1} [CommRing R] {ι : Type u_2} (a : ι → R) :
  MvPolynomial ι R ≃ₐ[R] MvPolynomial ι R
'LinearStudy.polynomialTranslation' depends on axioms: [propext, Classical.choice, Quot.sound]
LinearStudy.polynomialTranslation_X.{u_1, u_2} {R : Type u_1} [CommRing R] {ι : Type u_2} (a : ι → R) (i : ι) :
  (LinearStudy.polynomialTranslation a) (MvPolynomial.X i) = MvPolynomial.X i + MvPolynomial.C (a i)
'LinearStudy.polynomialTranslation_X' depends on axioms: [propext, Classical.choice, Quot.sound]
LinearStudy.polynomial_centered_variables_regular.{u_1} {R : Type u_1} [CommRing R] [Nontrivial R] (n : ℕ)
  (a : Fin n → R) :
  RingTheory.Sequence.IsRegular (MvPolynomial (Fin n) R) (List.ofFn fun i => MvPolynomial.X i - MvPolynomial.C (a i))
'LinearStudy.polynomial_centered_variables_regular' depends on axioms: [propext, Classical.choice, Quot.sound]
LinearStudy.polynomialSmoothCoordinateEquiv.{u_1} {K : Type u_1} [Field K] {r c : ℕ} [Nonempty (Fin c)]
  (x : Fin r ⊕ Fin c → K) (G : Fin c → MvPolynomial (Fin r ⊕ Fin c) K)
  (hG : ∀ (i : Fin c), (MvPolynomial.eval x) (G i) = 0)
  (hJ : IsUnit (Matrix.det fun i j => (MvPolynomial.eval x) ((MvPolynomial.pderiv (Sum.inr j)) (G i)))) :
  MvPowerSeries (Fin r ⊕ Fin c) K ≃ₐ[K] MvPowerSeries (Fin r ⊕ Fin c) K
'LinearStudy.polynomialSmoothCoordinateEquiv' depends on axioms: [propext, Classical.choice, Quot.sound]
LinearStudy.polynomialSmoothFormalMap.{u_1} {K : Type u_1} [Field K] {r c : ℕ} [Nonempty (Fin c)]
  (x : Fin r ⊕ Fin c → K) (G : Fin c → MvPolynomial (Fin r ⊕ Fin c) K)
  (hG : ∀ (i : Fin c), (MvPolynomial.eval x) (G i) = 0)
  (hJ : IsUnit (Matrix.det fun i j => (MvPolynomial.eval x) ((MvPolynomial.pderiv (Sum.inr j)) (G i)))) :
  MvPolynomial (Fin r ⊕ Fin c) K →+* MvPowerSeries (Fin c) (MvPowerSeries (Fin r) K)
'LinearStudy.polynomialSmoothFormalMap' depends on axioms: [propext, Classical.choice, Quot.sound]
LinearStudy.polynomialSmoothFormalMap_equation.{u_1} {K : Type u_1} [Field K] {r c : ℕ} [Nonempty (Fin c)]
  (x : Fin r ⊕ Fin c → K) (G : Fin c → MvPolynomial (Fin r ⊕ Fin c) K)
  (hG : ∀ (i : Fin c), (MvPolynomial.eval x) (G i) = 0)
  (hJ : IsUnit (Matrix.det fun i j => (MvPolynomial.eval x) ((MvPolynomial.pderiv (Sum.inr j)) (G i)))) (i : Fin c) :
  (LinearStudy.polynomialSmoothFormalMap x G hG hJ) (G i) = MvPowerSeries.X i
'LinearStudy.polynomialSmoothFormalMap_equation' depends on axioms: [propext, Classical.choice, Quot.sound]
LinearStudy.polynomialSmoothFormalMap_parameter.{u_1} {K : Type u_1} [Field K] {r c : ℕ} [Nonempty (Fin c)]
  (x : Fin r ⊕ Fin c → K) (G : Fin c → MvPolynomial (Fin r ⊕ Fin c) K)
  (hG : ∀ (i : Fin c), (MvPolynomial.eval x) (G i) = 0)
  (hJ : IsUnit (Matrix.det fun i j => (MvPolynomial.eval x) ((MvPolynomial.pderiv (Sum.inr j)) (G i)))) (i : Fin r) :
  (LinearStudy.polynomialSmoothFormalMap x G hG hJ) (MvPolynomial.X (Sum.inl i) - MvPolynomial.C (x (Sum.inl i))) =
    MvPowerSeries.C (MvPowerSeries.X i)
'LinearStudy.polynomialSmoothFormalMap_parameter' depends on axioms: [propext, Classical.choice, Quot.sound]
LinearStudy.polynomialSmoothFormalMap_ideal.{u_1} {K : Type u_1} [Field K] {r c : ℕ} [Nonempty (Fin c)]
  (I : Ideal (MvPolynomial (Fin r ⊕ Fin c) K)) (x : Fin r ⊕ Fin c → K) (G : Fin c → MvPolynomial (Fin r ⊕ Fin c) K)
  (hG : ∀ (i : Fin c), (MvPolynomial.eval x) (G i) = 0)
  (hJ : IsUnit (Matrix.det fun i j => (MvPolynomial.eval x) ((MvPolynomial.pderiv (Sum.inr j)) (G i))))
  (hI :
    Ideal.map (LinearStudy.formalPolynomialAtPoint x) I =
      Ideal.span (Set.range fun i => (LinearStudy.formalPolynomialAtPoint x) (G i))) :
  Ideal.map (LinearStudy.polynomialSmoothFormalMap x G hG hJ) I = Ideal.span (Set.range MvPowerSeries.X)
'LinearStudy.polynomialSmoothFormalMap_ideal' depends on axioms: [propext, Classical.choice, Quot.sound]
LinearStudy.polynomialSmoothFormalMap_local_ideal.{u_1} {K : Type u_1} [Field K] {r c : ℕ} [Nonempty (Fin c)]
  (I P : Ideal (MvPolynomial (Fin r ⊕ Fin c) K)) [P.IsPrime] (x : Fin r ⊕ Fin c → K)
  (hP : P = RingHom.ker (MvPolynomial.aeval x).toRingHom) (G : Fin c → MvPolynomial (Fin r ⊕ Fin c) K)
  (hG : ∀ (i : Fin c), (MvPolynomial.eval x) (G i) = 0)
  (hJ : IsUnit (Matrix.det fun i j => (MvPolynomial.eval x) ((MvPolynomial.pderiv (Sum.inr j)) (G i))))
  (hlocal :
    Ideal.map (algebraMap (MvPolynomial (Fin r ⊕ Fin c) K) (Localization.AtPrime P)) I =
      Ideal.span (Set.range fun i => (algebraMap (MvPolynomial (Fin r ⊕ Fin c) K) (Localization.AtPrime P)) (G i))) :
  Ideal.map (LinearStudy.polynomialSmoothFormalMap x G hG hJ) I = Ideal.span (Set.range MvPowerSeries.X)
'LinearStudy.polynomialSmoothFormalMap_local_ideal' depends on axioms: [propext, Classical.choice, Quot.sound]
LinearStudy.polynomialSmoothReducedMap.{u_1} {K : Type u_1} [Field K] {r c : ℕ} [Nonempty (Fin c)]
  (x : Fin r ⊕ Fin c → K) (G : Fin c → MvPolynomial (Fin r ⊕ Fin c) K)
  (hG : ∀ (i : Fin c), (MvPolynomial.eval x) (G i) = 0)
  (hJ : IsUnit (Matrix.det fun i j => (MvPolynomial.eval x) ((MvPolynomial.pderiv (Sum.inr j)) (G i)))) :
  MvPolynomial (Fin r ⊕ Fin c) K →+* MvPowerSeries (Fin r) K
'LinearStudy.polynomialSmoothReducedMap' depends on axioms: [propext, Classical.choice, Quot.sound]
LinearStudy.polynomialSmoothReducedMap_isUnit_iff.{u_1} {K : Type u_1} [Field K] {r c : ℕ} [Nonempty (Fin c)]
  (x : Fin r ⊕ Fin c → K) (G : Fin c → MvPolynomial (Fin r ⊕ Fin c) K)
  (hG : ∀ (i : Fin c), (MvPolynomial.eval x) (G i) = 0)
  (hJ : IsUnit (Matrix.det fun i j => (MvPolynomial.eval x) ((MvPolynomial.pderiv (Sum.inr j)) (G i))))
  (P : MvPolynomial (Fin r ⊕ Fin c) K) :
  IsUnit ((LinearStudy.polynomialSmoothReducedMap x G hG hJ) P) ↔ (MvPolynomial.eval x) P ≠ 0
'LinearStudy.polynomialSmoothReducedMap_isUnit_iff' depends on axioms: [propext, Classical.choice, Quot.sound]
LinearStudy.polynomialSmoothReducedMap_parameter.{u_1} {K : Type u_1} [Field K] {r c : ℕ} [Nonempty (Fin c)]
  (x : Fin r ⊕ Fin c → K) (G : Fin c → MvPolynomial (Fin r ⊕ Fin c) K)
  (hG : ∀ (i : Fin c), (MvPolynomial.eval x) (G i) = 0)
  (hJ : IsUnit (Matrix.det fun i j => (MvPolynomial.eval x) ((MvPolynomial.pderiv (Sum.inr j)) (G i)))) (i : Fin r) :
  (LinearStudy.polynomialSmoothReducedMap x G hG hJ) (MvPolynomial.X (Sum.inl i) - MvPolynomial.C (x (Sum.inl i))) =
    MvPowerSeries.X i
'LinearStudy.polynomialSmoothReducedMap_parameter' depends on axioms: [propext, Classical.choice, Quot.sound]
LinearStudy.polynomialSmoothReducedMap_pointIdeal.{u_1} {K : Type u_1} [Field K] {r c : ℕ} [Nonempty (Fin c)]
  (P : Ideal (MvPolynomial (Fin r ⊕ Fin c) K)) [Nonempty (Fin r)] (x : Fin r ⊕ Fin c → K)
  (hP : P = RingHom.ker (MvPolynomial.aeval x).toRingHom) (G : Fin c → MvPolynomial (Fin r ⊕ Fin c) K)
  (hG : ∀ (i : Fin c), (MvPolynomial.eval x) (G i) = 0)
  (hJ : IsUnit (Matrix.det fun i j => (MvPolynomial.eval x) ((MvPolynomial.pderiv (Sum.inr j)) (G i)))) :
  Ideal.map (LinearStudy.polynomialSmoothReducedMap x G hG hJ) P = IsLocalRing.maximalIdeal (MvPowerSeries (Fin r) K)
'LinearStudy.polynomialSmoothReducedMap_pointIdeal' depends on axioms: [propext, Classical.choice, Quot.sound]
LinearStudy.polynomialSmoothPointLocalReduction.{u_1} {K : Type u_1} [Field K] {r c : ℕ} [Nonempty (Fin c)]
  (P : Ideal (MvPolynomial (Fin r ⊕ Fin c) K)) [P.IsPrime] (x : Fin r ⊕ Fin c → K)
  (hP : P = RingHom.ker (MvPolynomial.aeval x).toRingHom) (G : Fin c → MvPolynomial (Fin r ⊕ Fin c) K)
  (hG : ∀ (i : Fin c), (MvPolynomial.eval x) (G i) = 0)
  (hJ : IsUnit (Matrix.det fun i j => (MvPolynomial.eval x) ((MvPolynomial.pderiv (Sum.inr j)) (G i)))) :
  Localization.AtPrime P →+* MvPowerSeries (Fin r) K
'LinearStudy.polynomialSmoothPointLocalReduction' depends on axioms: [propext, Classical.choice, Quot.sound]
LinearStudy.polynomialSmoothPointLocalReduction_polynomial.{u_1} {K : Type u_1} [Field K] {r c : ℕ} [Nonempty (Fin c)]
  (P : Ideal (MvPolynomial (Fin r ⊕ Fin c) K)) [P.IsPrime] (x : Fin r ⊕ Fin c → K)
  (hP : P = RingHom.ker (MvPolynomial.aeval x).toRingHom) (G : Fin c → MvPolynomial (Fin r ⊕ Fin c) K)
  (hG : ∀ (i : Fin c), (MvPolynomial.eval x) (G i) = 0)
  (hJ : IsUnit (Matrix.det fun i j => (MvPolynomial.eval x) ((MvPolynomial.pderiv (Sum.inr j)) (G i))))
  (p : MvPolynomial (Fin r ⊕ Fin c) K) :
  (LinearStudy.polynomialSmoothPointLocalReduction P x hP G hG hJ)
      ((algebraMap (MvPolynomial (Fin r ⊕ Fin c) K) (Localization.AtPrime P)) p) =
    (LinearStudy.polynomialSmoothReducedMap x G hG hJ) p
'LinearStudy.polynomialSmoothPointLocalReduction_polynomial' depends on axioms: [propext, Classical.choice, Quot.sound]
LinearStudy.polynomialSmoothPointLocalReduction_maximalIdeal.{u_1} {K : Type u_1} [Field K] {r c : ℕ} [Nonempty (Fin c)]
  [Nonempty (Fin r)] (P : Ideal (MvPolynomial (Fin r ⊕ Fin c) K)) [P.IsPrime] (x : Fin r ⊕ Fin c → K)
  (hP : P = RingHom.ker (MvPolynomial.aeval x).toRingHom) (G : Fin c → MvPolynomial (Fin r ⊕ Fin c) K)
  (hG : ∀ (i : Fin c), (MvPolynomial.eval x) (G i) = 0)
  (hJ : IsUnit (Matrix.det fun i j => (MvPolynomial.eval x) ((MvPolynomial.pderiv (Sum.inr j)) (G i)))) :
  Ideal.map (LinearStudy.polynomialSmoothPointLocalReduction P x hP G hG hJ)
      (IsLocalRing.maximalIdeal (Localization.AtPrime P)) =
    IsLocalRing.maximalIdeal (MvPowerSeries (Fin r) K)
'LinearStudy.polynomialSmoothPointLocalReduction_maximalIdeal' depends on axioms: [propext,
 Classical.choice,
 Quot.sound]
LinearStudy.polynomialSmoothPointLocalReduction_ideal_kernel.{u_1} {K : Type u_1} [Field K] {r c : ℕ} [Nonempty (Fin c)]
  (I P : Ideal (MvPolynomial (Fin r ⊕ Fin c) K)) [P.IsPrime] (x : Fin r ⊕ Fin c → K)
  (hP : P = RingHom.ker (MvPolynomial.aeval x).toRingHom) (G : Fin c → MvPolynomial (Fin r ⊕ Fin c) K)
  (hG : ∀ (i : Fin c), (MvPolynomial.eval x) (G i) = 0)
  (hJ : IsUnit (Matrix.det fun i j => (MvPolynomial.eval x) ((MvPolynomial.pderiv (Sum.inr j)) (G i))))
  (hlocal :
    Ideal.map (algebraMap (MvPolynomial (Fin r ⊕ Fin c) K) (Localization.AtPrime P)) I =
      Ideal.span (Set.range fun i => (algebraMap (MvPolynomial (Fin r ⊕ Fin c) K) (Localization.AtPrime P)) (G i))) :
  Ideal.map (algebraMap (MvPolynomial (Fin r ⊕ Fin c) K) (Localization.AtPrime P)) I ≤
    RingHom.ker (LinearStudy.polynomialSmoothPointLocalReduction P x hP G hG hJ)
'LinearStudy.polynomialSmoothPointLocalReduction_ideal_kernel' depends on axioms: [propext,
 Classical.choice,
 Quot.sound]
LinearStudy.polynomialSmoothLocalQuotientReduction.{u_1} {K : Type u_1} [Field K] {r c : ℕ} [Nonempty (Fin c)]
  (I P : Ideal (MvPolynomial (Fin r ⊕ Fin c) K)) [P.IsPrime] (x : Fin r ⊕ Fin c → K)
  (hP : P = RingHom.ker (MvPolynomial.aeval x).toRingHom) (G : Fin c → MvPolynomial (Fin r ⊕ Fin c) K)
  (hG : ∀ (i : Fin c), (MvPolynomial.eval x) (G i) = 0)
  (hJ : IsUnit (Matrix.det fun i j => (MvPolynomial.eval x) ((MvPolynomial.pderiv (Sum.inr j)) (G i))))
  (hlocal :
    Ideal.map (algebraMap (MvPolynomial (Fin r ⊕ Fin c) K) (Localization.AtPrime P)) I =
      Ideal.span (Set.range fun i => (algebraMap (MvPolynomial (Fin r ⊕ Fin c) K) (Localization.AtPrime P)) (G i))) :
  Localization.AtPrime P ⧸ Ideal.map (algebraMap (MvPolynomial (Fin r ⊕ Fin c) K) (Localization.AtPrime P)) I →+*
    MvPowerSeries (Fin r) K
'LinearStudy.polynomialSmoothLocalQuotientReduction' depends on axioms: [propext, Classical.choice, Quot.sound]
LinearStudy.polynomialSmoothLocalQuotientReduction_mk.{u_1} {K : Type u_1} [Field K] {r c : ℕ} [Nonempty (Fin c)]
  (I P : Ideal (MvPolynomial (Fin r ⊕ Fin c) K)) [P.IsPrime] (x : Fin r ⊕ Fin c → K)
  (hP : P = RingHom.ker (MvPolynomial.aeval x).toRingHom) (G : Fin c → MvPolynomial (Fin r ⊕ Fin c) K)
  (hG : ∀ (i : Fin c), (MvPolynomial.eval x) (G i) = 0)
  (hJ : IsUnit (Matrix.det fun i j => (MvPolynomial.eval x) ((MvPolynomial.pderiv (Sum.inr j)) (G i))))
  (hlocal :
    Ideal.map (algebraMap (MvPolynomial (Fin r ⊕ Fin c) K) (Localization.AtPrime P)) I =
      Ideal.span (Set.range fun i => (algebraMap (MvPolynomial (Fin r ⊕ Fin c) K) (Localization.AtPrime P)) (G i)))
  (a : Localization.AtPrime P) :
  (LinearStudy.polynomialSmoothLocalQuotientReduction I P x hP G hG hJ hlocal)
      ((Ideal.Quotient.mk (Ideal.map (algebraMap (MvPolynomial (Fin r ⊕ Fin c) K) (Localization.AtPrime P)) I)) a) =
    (LinearStudy.polynomialSmoothPointLocalReduction P x hP G hG hJ) a
'LinearStudy.polynomialSmoothLocalQuotientReduction_mk' depends on axioms: [propext, Classical.choice, Quot.sound]
LinearStudy.polynomialSmoothLocalQuotient_isLocalRing.{u_1} {K : Type u_1} [Field K] {r c : ℕ} [Nonempty (Fin c)]
  (I P : Ideal (MvPolynomial (Fin r ⊕ Fin c) K)) [P.IsPrime] (x : Fin r ⊕ Fin c → K)
  (hP : P = RingHom.ker (MvPolynomial.aeval x).toRingHom) (G : Fin c → MvPolynomial (Fin r ⊕ Fin c) K)
  (hG : ∀ (i : Fin c), (MvPolynomial.eval x) (G i) = 0)
  (hJ : IsUnit (Matrix.det fun i j => (MvPolynomial.eval x) ((MvPolynomial.pderiv (Sum.inr j)) (G i))))
  (hlocal :
    Ideal.map (algebraMap (MvPolynomial (Fin r ⊕ Fin c) K) (Localization.AtPrime P)) I =
      Ideal.span (Set.range fun i => (algebraMap (MvPolynomial (Fin r ⊕ Fin c) K) (Localization.AtPrime P)) (G i))) :
  IsLocalRing
    (Localization.AtPrime P ⧸ Ideal.map (algebraMap (MvPolynomial (Fin r ⊕ Fin c) K) (Localization.AtPrime P)) I)
'LinearStudy.polynomialSmoothLocalQuotient_isLocalRing' depends on axioms: [propext, Classical.choice, Quot.sound]
LinearStudy.local_quotient_reduction_maximalIdeal.{u_2, u_3} {R : Type u_2} {S : Type u_3} [CommRing R] [CommRing S]
  [IsLocalRing R] [IsLocalRing S] (J : Ideal R) [IsLocalRing (R ⧸ J)] (χ : R →+* S) (hker : J ≤ RingHom.ker χ)
  (hχ : Ideal.map χ (IsLocalRing.maximalIdeal R) = IsLocalRing.maximalIdeal S) :
  Ideal.map (Ideal.Quotient.lift J χ hker) (IsLocalRing.maximalIdeal (R ⧸ J)) = IsLocalRing.maximalIdeal S
'LinearStudy.local_quotient_reduction_maximalIdeal' depends on axioms: [propext, Classical.choice, Quot.sound]
LinearStudy.powerSeries_unit_changed_coefficientDeterminant_ne_zero.{u_1} {K : Type u_1} [Field K] {n : ℕ}
  (H : Fin (n + 1) → MvPowerSeries (Fin (n + 1)) K)
  (hH : RingTheory.Sequence.IsRegular (MvPowerSeries (Fin (n + 1)) K) (List.ofFn H))
  (hzero : ∀ (i : Fin (n + 1)), MvPowerSeries.constantCoeff (H i) = 0)
  [IsArtinianRing (MvPowerSeries (Fin (n + 1)) K ⧸ Ideal.span (Set.range H))]
  (U N : Matrix (Fin (n + 1)) (Fin (n + 1)) (MvPowerSeries (Fin (n + 1)) K)) (hU : IsUnit U)
  (he : U.mulVec H = N.mulVec MvPowerSeries.X) : (Ideal.Quotient.mk (Ideal.span (Set.range H))) N.det ≠ 0
'LinearStudy.powerSeries_unit_changed_coefficientDeterminant_ne_zero' depends on axioms: [propext,
 Classical.choice,
 Quot.sound]
LinearStudy.powerSeriesConstantCoeffAlgHom.{u_1} {K : Type u_1} [Field K] {n : ℕ} :
  MvPowerSeries (Fin (n + 1)) K →ₐ[K] K
'LinearStudy.powerSeriesConstantCoeffAlgHom' depends on axioms: [propext, Classical.choice, Quot.sound]
LinearStudy.equationIdeal_le_constantCoeff_kernel.{u_1} {K : Type u_1} [Field K] {n : ℕ}
  (H : Fin (n + 1) → MvPowerSeries (Fin (n + 1)) K)
  (hzero : ∀ (i : Fin (n + 1)), MvPowerSeries.constantCoeff (H i) = 0) :
  Ideal.span (Set.range H) ≤ RingHom.ker MvPowerSeries.constantCoeff
'LinearStudy.equationIdeal_le_constantCoeff_kernel' depends on axioms: [propext, Classical.choice, Quot.sound]
LinearStudy.powerSeriesQuotientAugmentation.{u_1} {K : Type u_1} [Field K] {n : ℕ}
  (H : Fin (n + 1) → MvPowerSeries (Fin (n + 1)) K)
  (hzero : ∀ (i : Fin (n + 1)), MvPowerSeries.constantCoeff (H i) = 0) :
  MvPowerSeries (Fin (n + 1)) K ⧸ Ideal.span (Set.range H) →ₐ[K] K
'LinearStudy.powerSeriesQuotientAugmentation' depends on axioms: [propext, Classical.choice, Quot.sound]
LinearStudy.powerSeriesQuotientAugmentation_mk.{u_1} {K : Type u_1} [Field K] {n : ℕ}
  (H : Fin (n + 1) → MvPowerSeries (Fin (n + 1)) K) (hzero : ∀ (i : Fin (n + 1)), MvPowerSeries.constantCoeff (H i) = 0)
  (r : MvPowerSeries (Fin (n + 1)) K) :
  (LinearStudy.powerSeriesQuotientAugmentation H hzero) ((Ideal.Quotient.mk (Ideal.span (Set.range H))) r) =
    MvPowerSeries.constantCoeff r
'LinearStudy.powerSeriesQuotientAugmentation_mk' depends on axioms: [propext, Classical.choice, Quot.sound]
LinearStudy.powerSeriesQuotientAugmentation_kernel.{u_1} {K : Type u_1} [Field K] {n : ℕ}
  (H : Fin (n + 1) → MvPowerSeries (Fin (n + 1)) K)
  (hzero : ∀ (i : Fin (n + 1)), MvPowerSeries.constantCoeff (H i) = 0) :
  RingHom.ker (LinearStudy.powerSeriesQuotientAugmentation H hzero).toRingHom =
    Ideal.span (Set.range fun i => (Ideal.Quotient.mk (Ideal.span (Set.range H))) (MvPowerSeries.X i))
'LinearStudy.powerSeriesQuotientAugmentation_kernel' depends on axioms: [propext, Classical.choice, Quot.sound]
LinearStudy.powerSeriesQuotientAugmentation_surjective.{u_1} {K : Type u_1} [Field K] {n : ℕ}
  (H : Fin (n + 1) → MvPowerSeries (Fin (n + 1)) K)
  (hzero : ∀ (i : Fin (n + 1)), MvPowerSeries.constantCoeff (H i) = 0) :
  Function.Surjective ⇑(LinearStudy.powerSeriesQuotientAugmentation H hzero)
'LinearStudy.powerSeriesQuotientAugmentation_surjective' depends on axioms: [propext, Classical.choice, Quot.sound]
LinearStudy.powerSeriesQuotientAugmentation_kernel_nilradical.{u_1} {K : Type u_1} [Field K] {n : ℕ}
  (H : Fin (n + 1) → MvPowerSeries (Fin (n + 1)) K) (hzero : ∀ (i : Fin (n + 1)), MvPowerSeries.constantCoeff (H i) = 0)
  [IsArtinianRing (MvPowerSeries (Fin (n + 1)) K ⧸ Ideal.span (Set.range H))] :
  RingHom.ker (LinearStudy.powerSeriesQuotientAugmentation H hzero).toRingHom =
    nilradical (MvPowerSeries (Fin (n + 1)) K ⧸ Ideal.span (Set.range H))
'LinearStudy.powerSeriesQuotientAugmentation_kernel_nilradical' depends on axioms: [propext,
 Classical.choice,
 Quot.sound]
LinearStudy.powerSeries_socle_generator_dualGenerator.{u_1} {K : Type u_1} [Field K] {n : ℕ}
  (H : Fin (n + 1) → MvPowerSeries (Fin (n + 1)) K) (hzero : ∀ (i : Fin (n + 1)), MvPowerSeries.constantCoeff (H i) = 0)
  (delta : MvPowerSeries (Fin (n + 1)) K ⧸ Ideal.span (Set.range H))
  (hd :
    delta ∈
      Submodule.annihilator
        (Ideal.span (Set.range fun i => (Ideal.Quotient.mk (Ideal.span (Set.range H))) (MvPowerSeries.X i))))
  (p : LinearStudy.PerfectMultiplicationPairing) (hp : p.functional delta = 1) :
  LinearStudy.dualGenerator (LinearStudy.powerSeriesQuotientAugmentation H hzero) p = delta
'LinearStudy.powerSeries_socle_generator_dualGenerator' depends on axioms: [propext, Classical.choice, Quot.sound]
LinearStudy.powerSeries_traceElement_eq_rank_socle.{u_1} {K : Type u_1} [Field K] {n : ℕ}
  (H : Fin (n + 1) → MvPowerSeries (Fin (n + 1)) K) (hzero : ∀ (i : Fin (n + 1)), MvPowerSeries.constantCoeff (H i) = 0)
  [IsArtinianRing (MvPowerSeries (Fin (n + 1)) K ⧸ Ideal.span (Set.range H))]
  [FiniteDimensional K (MvPowerSeries (Fin (n + 1)) K ⧸ Ideal.span (Set.range H))]
  (delta : MvPowerSeries (Fin (n + 1)) K ⧸ Ideal.span (Set.range H))
  (hd :
    delta ∈
      Submodule.annihilator
        (Ideal.span (Set.range fun i => (Ideal.Quotient.mk (Ideal.span (Set.range H))) (MvPowerSeries.X i))))
  (p : LinearStudy.PerfectMultiplicationPairing) (hp : p.functional delta = 1) :
  LinearStudy.traceElement p = Module.finrank K (MvPowerSeries (Fin (n + 1)) K ⧸ Ideal.span (Set.range H)) • delta
'LinearStudy.powerSeries_traceElement_eq_rank_socle' depends on axioms: [propext, Classical.choice, Quot.sound]
LinearStudy.powerSeries_completeIntersection_traceElement.{u_1} {K : Type u_1} [Field K] {n : ℕ}
  (H : Fin (n + 1) → MvPowerSeries (Fin (n + 1)) K)
  (hH : RingTheory.Sequence.IsRegular (MvPowerSeries (Fin (n + 1)) K) (List.ofFn H))
  (hzero : ∀ (i : Fin (n + 1)), MvPowerSeries.constantCoeff (H i) = 0)
  [IsArtinianRing (MvPowerSeries (Fin (n + 1)) K ⧸ Ideal.span (Set.range H))]
  [FiniteDimensional K (MvPowerSeries (Fin (n + 1)) K ⧸ Ideal.span (Set.range H))] :
  ∃ M,
    M.mulVec MvPowerSeries.X = H ∧
      ∃ p,
        p.functional ((Ideal.Quotient.mk (Ideal.span (Set.range H))) M.det) = 1 ∧
          LinearStudy.traceElement p =
            Module.finrank K (MvPowerSeries (Fin (n + 1)) K ⧸ Ideal.span (Set.range H)) •
              (Ideal.Quotient.mk (Ideal.span (Set.range H))) M.det
'LinearStudy.powerSeries_completeIntersection_traceElement' depends on axioms: [propext, Classical.choice, Quot.sound]
LinearStudy.powerSeries_retraction_coordinate_constantCoeff_zero.{u_1} {K : Type u_1} [Field K] {r c : ℕ}
  (a : MvPowerSeries (Fin c) (MvPowerSeries (Fin r) K) →ₐ[MvPowerSeries (Fin r) K] MvPowerSeries (Fin r) K)
  (i : Fin c) : MvPowerSeries.constantCoeff (a (MvPowerSeries.X i)) = 0
'LinearStudy.powerSeries_retraction_coordinate_constantCoeff_zero' depends on axioms: [propext,
 Classical.choice,
 Quot.sound]
LinearStudy.powerSeriesCentering.{u_1} {K : Type u_1} [Field K] {r c : ℕ}
  (a : MvPowerSeries (Fin c) (MvPowerSeries (Fin r) K) →ₐ[MvPowerSeries (Fin r) K] MvPowerSeries (Fin r) K) :
  MvPowerSeries (Fin c) (MvPowerSeries (Fin r) K) ≃ₐ[MvPowerSeries (Fin r) K]
    MvPowerSeries (Fin c) (MvPowerSeries (Fin r) K)
'LinearStudy.powerSeriesCentering' depends on axioms: [propext, Classical.choice, Quot.sound]
LinearStudy.powerSeriesCentering_coordinate_reduction_zero.{u_1} {K : Type u_1} [Field K] {r c : ℕ}
  (a : MvPowerSeries (Fin c) (MvPowerSeries (Fin r) K) →ₐ[MvPowerSeries (Fin r) K] MvPowerSeries (Fin r) K)
  (i : Fin c) : a ((LinearStudy.powerSeriesCentering a) (MvPowerSeries.X i)) = 0
'LinearStudy.powerSeriesCentering_coordinate_reduction_zero' depends on axioms: [propext, Classical.choice, Quot.sound]
LinearStudy.powerSeriesCentering_pderiv.{u_1} {K : Type u_1} [Field K] {r c : ℕ}
  (a : MvPowerSeries (Fin c) (MvPowerSeries (Fin r) K) →ₐ[MvPowerSeries (Fin r) K] MvPowerSeries (Fin r) K) (j : Fin c)
  (f : MvPowerSeries (Fin c) (MvPowerSeries (Fin r) K)) :
  (LinearStudy.powerSeriesCentering a) ((MvPowerSeries.pderiv j) f) =
    (MvPowerSeries.pderiv j) ((LinearStudy.powerSeriesCentering a) f)
'LinearStudy.powerSeriesCentering_pderiv' depends on axioms: [propext, Classical.choice, Quot.sound]
LinearStudy.powerSeriesCentering_symm_pderiv.{u_1} {K : Type u_1} [Field K] {r c : ℕ}
  (a : MvPowerSeries (Fin c) (MvPowerSeries (Fin r) K) →ₐ[MvPowerSeries (Fin r) K] MvPowerSeries (Fin r) K) (j : Fin c)
  (f : MvPowerSeries (Fin c) (MvPowerSeries (Fin r) K)) :
  (LinearStudy.powerSeriesCentering a).symm ((MvPowerSeries.pderiv j) f) =
    (MvPowerSeries.pderiv j) ((LinearStudy.powerSeriesCentering a).symm f)
'LinearStudy.powerSeriesCentering_symm_pderiv' depends on axioms: [propext, Classical.choice, Quot.sound]
LinearStudy.powerSeriesCentering_symm_jacobian.{u_1} {K : Type u_1} [Field K] {r c : ℕ}
  (a : MvPowerSeries (Fin c) (MvPowerSeries (Fin r) K) →ₐ[MvPowerSeries (Fin r) K] MvPowerSeries (Fin r) K)
  (H : Fin c → MvPowerSeries (Fin c) (MvPowerSeries (Fin r) K)) :
  (LinearStudy.powerSeriesCentering a).symm (Matrix.det fun i j => (MvPowerSeries.pderiv j) (H i)) =
    Matrix.det fun i j => (MvPowerSeries.pderiv j) ((LinearStudy.powerSeriesCentering a).symm (H i))
'LinearStudy.powerSeriesCentering_symm_jacobian' depends on axioms: [propext, Classical.choice, Quot.sound]
LinearStudy.powerSeries_zeroConstant_variable_expansion.{u_1, u_2} {R : Type u_1} [CommRing R] {ι : Type u_2}
  [Fintype ι] [DecidableEq ι] [Nonempty ι] (H : MvPowerSeries ι R) (hH : MvPowerSeries.constantCoeff H = 0) :
  ∃ a, H = ∑ i, a i * MvPowerSeries.X i
'LinearStudy.powerSeries_zeroConstant_variable_expansion' depends on axioms: [propext, Classical.choice, Quot.sound]
LinearStudy.powerSeries_equation_coefficient_matrix.{u_1, u_2} {R : Type u_1} [CommRing R] {ι : Type u_2} [Fintype ι]
  [DecidableEq ι] [Nonempty ι] (H : ι → MvPowerSeries ι R) (hH : ∀ (i : ι), MvPowerSeries.constantCoeff (H i) = 0) :
  ∃ M, M.mulVec MvPowerSeries.X = H
'LinearStudy.powerSeries_equation_coefficient_matrix' depends on axioms: [propext, Classical.choice, Quot.sound]
LinearStudy.powerSeries_constantCoeff_kernel.{u_1, u_2} {R : Type u_1} [CommRing R] {ι : Type u_2} [Fintype ι]
  [DecidableEq ι] [Nonempty ι] : RingHom.ker MvPowerSeries.constantCoeff = Ideal.span (Set.range MvPowerSeries.X)
'LinearStudy.powerSeries_constantCoeff_kernel' depends on axioms: [propext, Classical.choice, Quot.sound]
LinearStudy.powerSeries_coefficientDeterminant_annihilator.{u_1, u_2} {R : Type u_1} [CommRing R] {ι : Type u_2}
  [Fintype ι] [DecidableEq ι] [Nonempty ι] (H : ι → MvPowerSeries ι R)
  (hH : ∀ (i : ι), MvPowerSeries.constantCoeff (H i) = 0) :
  have J := Ideal.span (Set.range H);
  ∃ M,
    M.mulVec MvPowerSeries.X = H ∧
      LinearStudy.Annihilates (Ideal.span (Set.range fun i => (Ideal.Quotient.mk J) (MvPowerSeries.X i)))
        ((Ideal.Quotient.mk J) M.det)
'LinearStudy.powerSeries_coefficientDeterminant_annihilator' depends on axioms: [propext, Classical.choice, Quot.sound]
LinearStudy.powerSeries_quotient_coordinateIdeal_isMaximal.{u_2, u_3} {ι : Type u_2} [Fintype ι] [DecidableEq ι]
  [Nonempty ι] {K : Type u_3} [Field K] (H : ι → MvPowerSeries ι K)
  (hH : ∀ (i : ι), MvPowerSeries.constantCoeff (H i) = 0) :
  have J := Ideal.span (Set.range H);
  (Ideal.span (Set.range fun i => (Ideal.Quotient.mk J) (MvPowerSeries.X i))).IsMaximal
'LinearStudy.powerSeries_quotient_coordinateIdeal_isMaximal' depends on axioms: [propext, Classical.choice, Quot.sound]
LinearStudy.powerSeries_coefficientDeterminant_maximal_annihilator.{u_2, u_3} {ι : Type u_2} [Fintype ι] [DecidableEq ι]
  [Nonempty ι] {K : Type u_3} [Field K] (H : ι → MvPowerSeries ι K)
  (hH : ∀ (i : ι), MvPowerSeries.constantCoeff (H i) = 0) :
  have J := Ideal.span (Set.range H);
  have m := Ideal.span (Set.range fun i => (Ideal.Quotient.mk J) (MvPowerSeries.X i));
  m.IsMaximal ∧ ∃ M, M.mulVec MvPowerSeries.X = H ∧ (Ideal.Quotient.mk J) M.det ∈ Submodule.annihilator m
'LinearStudy.powerSeries_coefficientDeterminant_maximal_annihilator' depends on axioms: [propext,
 Classical.choice,
 Quot.sound]
LinearStudy.localRing_CohenMacaulay_of_regular_maximal_generators.{u_1} {R : Type u_1} [CommRing R] [IsLocalRing R]
  [IsNoetherianRing R] (rs : List R) (hreg : RingTheory.Sequence.IsRegular R rs)
  (hgen : Ideal.ofList rs = IsLocalRing.maximalIdeal R) : IsCohenMacaulayLocalRing R
'LinearStudy.localRing_CohenMacaulay_of_regular_maximal_generators' depends on axioms: [propext,
 Classical.choice,
 Quot.sound]
LinearStudy.powerSeries_isCohenMacaulayLocalRing.{u_1} {K : Type u_1} [Field K] (n : ℕ) (hn : 0 < n) :
  IsCohenMacaulayLocalRing (MvPowerSeries (Fin n) K)
'LinearStudy.powerSeries_isCohenMacaulayLocalRing' depends on axioms: [propext, Classical.choice, Quot.sound]
LinearStudy.powerSeries_ringKrullDim.{u_1} {K : Type u_1} [Field K] (n : ℕ) (hn : 0 < n) :
  ringKrullDim (MvPowerSeries (Fin n) K) = ↑n
'LinearStudy.powerSeries_ringKrullDim' depends on axioms: [propext, Classical.choice, Quot.sound]
LinearStudy.nestedPowerSeries_isCohenMacaulayLocalRing.{u_1} {K : Type u_1} [Field K] (r c : ℕ) (hn : 0 < r + c) :
  IsCohenMacaulayLocalRing (MvPowerSeries (Fin c) (MvPowerSeries (Fin r) K))
'LinearStudy.nestedPowerSeries_isCohenMacaulayLocalRing' depends on axioms: [propext, Classical.choice, Quot.sound]
LinearStudy.nestedPowerSeries_ringKrullDim.{u_1} {K : Type u_1} [Field K] (r c : ℕ) (hn : 0 < r + c) :
  ringKrullDim (MvPowerSeries (Fin c) (MvPowerSeries (Fin r) K)) = ↑(r + c)
'LinearStudy.nestedPowerSeries_ringKrullDim' depends on axioms: [propext, Classical.choice, Quot.sound]
LinearStudy.totalVariableSplit (r c : ℕ) : Fin (r + c) ≃ Fin r ⊕ Fin c
'LinearStudy.totalVariableSplit' depends on axioms: [propext, Quot.sound]
LinearStudy.totalVariableSplit_normal (r c : ℕ) (i : Fin c) :
  (LinearStudy.totalVariableSplit r c) (LinearStudy.normalVariableIndex r c i) = Sum.inr i
'LinearStudy.totalVariableSplit_normal' depends on axioms: [propext, Quot.sound]
LinearStudy.totalVariableSplit_parameter (r c : ℕ) (i : Fin r) :
  (LinearStudy.totalVariableSplit r c) (i.addNat c) = Sum.inl i
'LinearStudy.totalVariableSplit_parameter' depends on axioms: [propext, Quot.sound]
LinearStudy.powerSeriesCoordinateChart.{u_1} (K : Type u_1) [CommRing K] (r c : ℕ) :
  MvPowerSeries (Fin c) (MvPowerSeries (Fin r) K) ≃+* MvPowerSeries (Fin r ⊕ Fin c) K
'LinearStudy.powerSeriesCoordinateChart' depends on axioms: [propext, Classical.choice, Quot.sound]
LinearStudy.powerSeriesCoordinateChart_X.{u_1} (K : Type u_1) [CommRing K] (r c : ℕ) (i : Fin c) :
  (LinearStudy.powerSeriesCoordinateChart K r c) (MvPowerSeries.X i) = MvPowerSeries.X (Sum.inr i)
'LinearStudy.powerSeriesCoordinateChart_X' depends on axioms: [propext, Classical.choice, Quot.sound]
LinearStudy.powerSeriesCoordinateChart_C.{u_1} (K : Type u_1) [CommRing K] (r c : ℕ) (f : MvPowerSeries (Fin r) K) :
  (LinearStudy.powerSeriesCoordinateChart K r c) (MvPowerSeries.C f) = (MvPowerSeries.rename Sum.inl) f
'LinearStudy.powerSeriesCoordinateChart_C' depends on axioms: [propext, Classical.choice, Quot.sound]
LinearStudy.powerSeriesCoordinateChart_pderiv.{u_1} (K : Type u_1) [CommRing K] (r c : ℕ) (j : Fin c)
  (f : MvPowerSeries (Fin c) (MvPowerSeries (Fin r) K)) :
  (LinearStudy.powerSeriesCoordinateChart K r c) ((MvPowerSeries.pderiv j) f) =
    (MvPowerSeries.pderiv (Sum.inr j)) ((LinearStudy.powerSeriesCoordinateChart K r c) f)
'LinearStudy.powerSeriesCoordinateChart_pderiv' depends on axioms: [propext, Classical.choice, Quot.sound]
LinearStudy.nestedPowerSeriesTranslationRingEquiv.{u_1} (K : Type u_1) [CommRing K] (r c : ℕ)
  (h : Fin c → MvPowerSeries (Fin r) K) (hh : ∀ (j : Fin c), MvPowerSeries.constantCoeff (h j) = 0) :
  MvPowerSeries (Fin c) (MvPowerSeries (Fin r) K) ≃+* MvPowerSeries (Fin c) (MvPowerSeries (Fin r) K)
'LinearStudy.nestedPowerSeriesTranslationRingEquiv' depends on axioms: [propext, Classical.choice, Quot.sound]
LinearStudy.nestedPowerSeriesTranslationRingEquiv_C.{u_1} (K : Type u_1) [CommRing K] (r c : ℕ)
  (h : Fin c → MvPowerSeries (Fin r) K) (hh : ∀ (j : Fin c), MvPowerSeries.constantCoeff (h j) = 0)
  (b : MvPowerSeries (Fin r) K) :
  (LinearStudy.nestedPowerSeriesTranslationRingEquiv K r c h hh) (MvPowerSeries.C b) = MvPowerSeries.C b
'LinearStudy.nestedPowerSeriesTranslationRingEquiv_C' depends on axioms: [propext, Classical.choice, Quot.sound]
LinearStudy.nestedPowerSeriesTranslation.{u_1} (K : Type u_1) [CommRing K] (r c : ℕ)
  (h : Fin c → MvPowerSeries (Fin r) K) (hh : ∀ (j : Fin c), MvPowerSeries.constantCoeff (h j) = 0) :
  MvPowerSeries (Fin c) (MvPowerSeries (Fin r) K) ≃ₐ[MvPowerSeries (Fin r) K]
    MvPowerSeries (Fin c) (MvPowerSeries (Fin r) K)
'LinearStudy.nestedPowerSeriesTranslation' depends on axioms: [propext, Classical.choice, Quot.sound]
LinearStudy.nestedPowerSeriesTranslation_X.{u_1} (K : Type u_1) [CommRing K] (r c : ℕ)
  (h : Fin c → MvPowerSeries (Fin r) K) (hh : ∀ (j : Fin c), MvPowerSeries.constantCoeff (h j) = 0) (j : Fin c) :
  (LinearStudy.nestedPowerSeriesTranslation K r c h hh) (MvPowerSeries.X j) = MvPowerSeries.X j + MvPowerSeries.C (h j)
'LinearStudy.nestedPowerSeriesTranslation_X' depends on axioms: [propext, Classical.choice, Quot.sound]
LinearStudy.coordinateChart_nestedPowerSeriesTranslation.{u_1} (K : Type u_1) [CommRing K] (r c : ℕ)
  (h : Fin c → MvPowerSeries (Fin r) K) (hh : ∀ (j : Fin c), MvPowerSeries.constantCoeff (h j) = 0)
  (f : MvPowerSeries (Fin c) (MvPowerSeries (Fin r) K)) :
  (LinearStudy.powerSeriesCoordinateChart K r c) ((LinearStudy.nestedPowerSeriesTranslation K r c h hh) f) =
    (LinearStudy.powerSeriesTranslationEquiv h hh) ((LinearStudy.powerSeriesCoordinateChart K r c) f)
'LinearStudy.coordinateChart_nestedPowerSeriesTranslation' depends on axioms: [propext, Classical.choice, Quot.sound]
LinearStudy.nestedPowerSeriesTranslation_pderiv.{u_1} (K : Type u_1) [CommRing K] (r c : ℕ)
  (h : Fin c → MvPowerSeries (Fin r) K) (hh : ∀ (j : Fin c), MvPowerSeries.constantCoeff (h j) = 0) (j : Fin c)
  (f : MvPowerSeries (Fin c) (MvPowerSeries (Fin r) K)) :
  (LinearStudy.nestedPowerSeriesTranslation K r c h hh) ((MvPowerSeries.pderiv j) f) =
    (MvPowerSeries.pderiv j) ((LinearStudy.nestedPowerSeriesTranslation K r c h hh) f)
'LinearStudy.nestedPowerSeriesTranslation_pderiv' depends on axioms: [propext, Classical.choice, Quot.sound]
LinearStudy.nestedPowerSeriesTranslation_jacobian.{u_1} (K : Type u_1) [CommRing K] (r c : ℕ)
  (h : Fin c → MvPowerSeries (Fin r) K) (hh : ∀ (j : Fin c), MvPowerSeries.constantCoeff (h j) = 0)
  (H : Fin c → MvPowerSeries (Fin c) (MvPowerSeries (Fin r) K)) :
  (LinearStudy.nestedPowerSeriesTranslation K r c h hh) (Matrix.det fun i j => (MvPowerSeries.pderiv j) (H i)) =
    Matrix.det fun i j => (MvPowerSeries.pderiv j) ((LinearStudy.nestedPowerSeriesTranslation K r c h hh) (H i))
'LinearStudy.nestedPowerSeriesTranslation_jacobian' depends on axioms: [propext, Classical.choice, Quot.sound]
LinearStudy.continuous_powerSeries_pderiv.{u_1, u_2} {K : Type u_1} {σ : Type u_2} [CommRing K] [TopologicalSpace K]
  [IsTopologicalRing K] (i : σ) : Continuous ⇑(MvPowerSeries.pderiv i)
'LinearStudy.continuous_powerSeries_pderiv' depends on axioms: [propext, Classical.choice, Quot.sound]
LinearStudy.powerSeries_pderiv_commutes_of_variables.{u_1, u_2} {K : Type u_1} {σ : Type u_2} [CommRing K]
  [TopologicalSpace K] [IsTopologicalRing K] [T2Space K] (e : MvPowerSeries σ K →ₐ[K] MvPowerSeries σ K)
  (he : Continuous ⇑e) (i : σ)
  (hi : ∀ (j : σ), (MvPowerSeries.pderiv i) (e (MvPowerSeries.X j)) = e ((MvPowerSeries.pderiv i) (MvPowerSeries.X j)))
  (f : MvPowerSeries σ K) : (MvPowerSeries.pderiv i) (e f) = e ((MvPowerSeries.pderiv i) f)
'LinearStudy.powerSeries_pderiv_commutes_of_variables' depends on axioms: [propext, Classical.choice, Quot.sound]
LinearStudy.powerSeries_pderiv_rename_off_image.{u_1, u_2, u_3} {K : Type u_1} {σ : Type u_2} [CommRing K]
  {τ : Type u_3} (u : σ → τ) [Filter.TendstoCofinite u] (j : τ) (hj : j ∉ Set.range u) (f : MvPowerSeries σ K) :
  (MvPowerSeries.pderiv j) ((MvPowerSeries.rename u) f) = 0
'LinearStudy.powerSeries_pderiv_rename_off_image' depends on axioms: [propext, Classical.choice, Quot.sound]
LinearStudy.powerSeries_pderiv_rename_equiv.{u_1, u_2, u_3} {K : Type u_1} {σ : Type u_2} [CommRing K] {τ : Type u_3}
  (e : σ ≃ τ) (i : σ) (f : MvPowerSeries σ K) :
  (MvPowerSeries.pderiv (e i)) ((MvPowerSeries.rename ⇑e) f) = (MvPowerSeries.rename ⇑e) ((MvPowerSeries.pderiv i) f)
'LinearStudy.powerSeries_pderiv_rename_equiv' depends on axioms: [propext, Classical.choice, Quot.sound]
LinearStudy.powerSeries_diagonal_difference.{u_1, u_2, u_3, u_4} {R : Type u_1} {A : Type u_2} {B : Type u_3}
  {ι : Type u_4} [CommRing R] [CommRing A] [CommRing B] [Fintype ι] [DecidableEq ι] [Nonempty ι]
  (u v : MvPowerSeries ι R →+* A) (π : A →+* B) (hC : ∀ (c : R), u (MvPowerSeries.C c) = v (MvPowerSeries.C c))
  (hX : ∀ (i : ι), π (u (MvPowerSeries.X i)) = π (v (MvPowerSeries.X i)))
  (hu : ∀ (i : ι), IsNilpotent (u (MvPowerSeries.X i))) (hv : ∀ (i : ι), IsNilpotent (v (MvPowerSeries.X i)))
  (H : MvPowerSeries ι R) :
  ∃ a,
    u H - v H = ∑ i, a i * (u (MvPowerSeries.X i) - v (MvPowerSeries.X i)) ∧
      ∀ (i : ι), π (a i) = π (u ((MvPowerSeries.pderiv i) H))
'LinearStudy.powerSeries_diagonal_difference' depends on axioms: [propext, Classical.choice, Quot.sound]
LinearStudy.powerSeries_diagonal_jacobian_matrix.{u_1, u_2, u_3, u_4} {R : Type u_1} {A : Type u_2} {B : Type u_3}
  {ι : Type u_4} [CommRing R] [CommRing A] [CommRing B] [Fintype ι] [DecidableEq ι] [Nonempty ι]
  (u v : MvPowerSeries ι R →+* A) (π : A →+* B) (hC : ∀ (c : R), u (MvPowerSeries.C c) = v (MvPowerSeries.C c))
  (hX : ∀ (i : ι), π (u (MvPowerSeries.X i)) = π (v (MvPowerSeries.X i)))
  (hu : ∀ (i : ι), IsNilpotent (u (MvPowerSeries.X i))) (hv : ∀ (i : ι), IsNilpotent (v (MvPowerSeries.X i)))
  (H : ι → MvPowerSeries ι R) (hH : ∀ (i : ι), u (H i) = v (H i)) :
  ∃ M,
    LinearStudy.Annihilates (Ideal.span (Set.range fun i => u (MvPowerSeries.X i) - v (MvPowerSeries.X i))) M.det ∧
      (M.map ⇑π = fun i j => π (u ((MvPowerSeries.pderiv j) (H i)))) ∧
        π M.det = Matrix.det fun i j => π (u ((MvPowerSeries.pderiv j) (H i)))
'LinearStudy.powerSeries_diagonal_jacobian_matrix' depends on axioms: [propext, Classical.choice, Quot.sound]
LinearStudy.powerSeriesMapEquiv.{u_1, u_2, u_3} {R : Type u_1} {S : Type u_2} {ι : Type u_3} [CommRing R] [CommRing S]
  (e : R ≃+* S) : MvPowerSeries ι R ≃+* MvPowerSeries ι S
'LinearStudy.powerSeriesMapEquiv' depends on axioms: [propext, Classical.choice, Quot.sound]
LinearStudy.powerSeriesMapEquiv_X.{u_1, u_2, u_3} {R : Type u_1} {S : Type u_2} {ι : Type u_3} [CommRing R] [CommRing S]
  (e : R ≃+* S) (i : ι) : (LinearStudy.powerSeriesMapEquiv e) (MvPowerSeries.X i) = MvPowerSeries.X i
'LinearStudy.powerSeriesMapEquiv_X' depends on axioms: [propext, Classical.choice, Quot.sound]
LinearStudy.powerSeriesMapEquiv_C.{u_1, u_2, u_3} {R : Type u_1} {S : Type u_2} {ι : Type u_3} [CommRing R] [CommRing S]
  (e : R ≃+* S) (a : R) : (LinearStudy.powerSeriesMapEquiv e) (MvPowerSeries.C a) = MvPowerSeries.C (e a)
'LinearStudy.powerSeriesMapEquiv_C' depends on axioms: [propext, Classical.choice, Quot.sound]
LinearStudy.powerSeriesMapEquiv_univariate_X.{u_1, u_2} {R : Type u_1} {S : Type u_2} [CommRing R] [CommRing S]
  (e : R ≃+* S) : (LinearStudy.powerSeriesMapEquiv e) PowerSeries.X = PowerSeries.X
'LinearStudy.powerSeriesMapEquiv_univariate_X' depends on axioms: [propext, Classical.choice, Quot.sound]
LinearStudy.powerSeriesMapEquiv_univariate_C.{u_1, u_2} {R : Type u_1} {S : Type u_2} [CommRing R] [CommRing S]
  (e : R ≃+* S) (a : R) : (LinearStudy.powerSeriesMapEquiv e) (PowerSeries.C a) = PowerSeries.C (e a)
'LinearStudy.powerSeriesMapEquiv_univariate_C' depends on axioms: [propext, Classical.choice, Quot.sound]
LinearStudy.nestedPowerSeriesEquiv.{u_4} (K : Type u_4) [CommRing K] (r c : ℕ) :
  MvPowerSeries (Fin c) (MvPowerSeries (Fin r) K) ≃+* MvPowerSeries (Fin (r + c)) K
'LinearStudy.nestedPowerSeriesEquiv' depends on axioms: [propext, Classical.choice, Quot.sound]
LinearStudy.finSucc_constantCoeff.{u_4} (K : Type u_4) [CommRing K] (n : ℕ) (f : MvPowerSeries (Fin (n + 1)) K) :
  MvPowerSeries.constantCoeff (PowerSeries.constantCoeff ((MvPowerSeries.finSuccEquiv K n) f)) =
    MvPowerSeries.constantCoeff f
'LinearStudy.finSucc_constantCoeff' depends on axioms: [propext, Classical.choice, Quot.sound]
LinearStudy.nestedPowerSeriesEquiv_constantCoeff.{u_4} (K : Type u_4) [CommRing K] (r c : ℕ)
  (f : MvPowerSeries (Fin c) (MvPowerSeries (Fin r) K)) :
  MvPowerSeries.constantCoeff ((LinearStudy.nestedPowerSeriesEquiv K r c) f) =
    MvPowerSeries.constantCoeff (MvPowerSeries.constantCoeff f)
'LinearStudy.nestedPowerSeriesEquiv_constantCoeff' depends on axioms: [propext, Classical.choice, Quot.sound]
LinearStudy.normalVariableIndex (r c : ℕ) (i : Fin c) : Fin (r + c)
'LinearStudy.normalVariableIndex' does not depend on any axioms
LinearStudy.nestedPowerSeriesEquiv_X.{u_4} (K : Type u_4) [CommRing K] (r c : ℕ) (i : Fin c) :
  (LinearStudy.nestedPowerSeriesEquiv K r c) (MvPowerSeries.X i) =
    MvPowerSeries.X (LinearStudy.normalVariableIndex r c i)
'LinearStudy.nestedPowerSeriesEquiv_X' depends on axioms: [propext, Classical.choice, Quot.sound]
LinearStudy.finSuccEquiv_rename_succ.{u_4} (K : Type u_4) [CommRing K] (n : ℕ) (f : MvPowerSeries (Fin n) K) :
  (MvPowerSeries.finSuccEquiv K n) ((MvPowerSeries.rename Fin.succ) f) = PowerSeries.C f
'LinearStudy.finSuccEquiv_rename_succ' depends on axioms: [propext, Classical.choice, Quot.sound]
LinearStudy.nestedPowerSeriesEquiv_C.{u_4} (K : Type u_4) [CommRing K] (r c : ℕ) (f : MvPowerSeries (Fin r) K) :
  (LinearStudy.nestedPowerSeriesEquiv K r c) (MvPowerSeries.C f) = (MvPowerSeries.rename fun i => i.addNat c) f
'LinearStudy.nestedPowerSeriesEquiv_C' depends on axioms: [propext, Classical.choice, Quot.sound]
LinearStudy.finSuccEquiv_pderiv_zero_coeff.{u_1} {K : Type u_1} [CommRing K] (n k : ℕ)
  (f : MvPowerSeries (Fin (n + 1)) K) :
  (PowerSeries.coeff k) ((MvPowerSeries.finSuccEquiv K n) ((MvPowerSeries.pderiv 0) f)) =
    (k + 1) • (PowerSeries.coeff (k + 1)) ((MvPowerSeries.finSuccEquiv K n) f)
'LinearStudy.finSuccEquiv_pderiv_zero_coeff' depends on axioms: [propext, Classical.choice, Quot.sound]
LinearStudy.finSuccEquiv_pderiv_succ_coeff.{u_1} {K : Type u_1} [CommRing K] (n k : ℕ) (j : Fin n)
  (f : MvPowerSeries (Fin (n + 1)) K) :
  (PowerSeries.coeff k) ((MvPowerSeries.finSuccEquiv K n) ((MvPowerSeries.pderiv j.succ) f)) =
    (MvPowerSeries.pderiv j) ((PowerSeries.coeff k) ((MvPowerSeries.finSuccEquiv K n) f))
'LinearStudy.finSuccEquiv_pderiv_succ_coeff' depends on axioms: [propext, Classical.choice, Quot.sound]
LinearStudy.powerSeriesMapEquiv_univariate_coeff.{u_2, u_3} {R : Type u_2} {S : Type u_3} [CommRing R] [CommRing S]
  (e : R ≃+* S) (f : PowerSeries R) (k : ℕ) :
  (PowerSeries.coeff k) ((LinearStudy.powerSeriesMapEquiv e) f) = e ((PowerSeries.coeff k) f)
'LinearStudy.powerSeriesMapEquiv_univariate_coeff' depends on axioms: [propext, Classical.choice, Quot.sound]
LinearStudy.nestedPowerSeriesEquiv_pderiv.{u_1} {K : Type u_1} [CommRing K] (r c : ℕ) (j : Fin c)
  (f : MvPowerSeries (Fin c) (MvPowerSeries (Fin r) K)) :
  (LinearStudy.nestedPowerSeriesEquiv K r c) ((MvPowerSeries.pderiv j) f) =
    (MvPowerSeries.pderiv (LinearStudy.normalVariableIndex r c j)) ((LinearStudy.nestedPowerSeriesEquiv K r c) f)
'LinearStudy.nestedPowerSeriesEquiv_pderiv' depends on axioms: [propext, Classical.choice, Quot.sound]
LinearStudy.regular_transport_ringEquiv.{u_1, u_2} {R : Type u_1} [CommRing R] {S : Type u_2} [CommRing S] (e : R ≃+* S)
  (rs : List R) : RingTheory.Sequence.IsRegular R rs ↔ RingTheory.Sequence.IsRegular S (List.map (⇑e) rs)
'LinearStudy.regular_transport_ringEquiv' depends on axioms: [propext, Classical.choice, Quot.sound]
LinearStudy.powerSeries_cons_X_regular.{u_1} {R : Type u_1} [CommRing R] (rs : List R)
  (hr : RingTheory.Sequence.IsRegular R rs) :
  RingTheory.Sequence.IsRegular (PowerSeries R) (PowerSeries.X :: List.map (⇑PowerSeries.C) rs)
'LinearStudy.powerSeries_cons_X_regular' depends on axioms: [propext, Classical.choice, Quot.sound]
LinearStudy.powerSeries_variables_regular.{u_1} {R : Type u_1} [CommRing R] [Nontrivial R] (n : ℕ) :
  RingTheory.Sequence.IsRegular (MvPowerSeries (Fin n) R) (List.ofFn MvPowerSeries.X)
'LinearStudy.powerSeries_variables_regular' depends on axioms: [propext, Classical.choice, Quot.sound]
LinearStudy.powerSeries_socle_mul_constant.{u_1} {K : Type u_1} [Field K] {n : ℕ}
  (I : Ideal (MvPowerSeries (Fin (n + 1)) K)) (delta : MvPowerSeries (Fin (n + 1)) K ⧸ I)
  (hd : delta ∈ Submodule.annihilator (Ideal.span (Set.range fun i => (Ideal.Quotient.mk I) (MvPowerSeries.X i))))
  (r : MvPowerSeries (Fin (n + 1)) K) : (Ideal.Quotient.mk I) r * delta = MvPowerSeries.constantCoeff r • delta
'LinearStudy.powerSeries_socle_mul_constant' depends on axioms: [propext, Classical.choice, Quot.sound]
LinearStudy.powerSeries_coefficientDeterminant_socle.{u_1} {K : Type u_1} [Field K] {n : ℕ}
  (H : Fin (n + 1) → MvPowerSeries (Fin (n + 1)) K)
  (hH : RingTheory.Sequence.IsRegular (MvPowerSeries (Fin (n + 1)) K) (List.ofFn H))
  (hzero : ∀ (i : Fin (n + 1)), MvPowerSeries.constantCoeff (H i) = 0)
  [IsArtinianRing (MvPowerSeries (Fin (n + 1)) K ⧸ Ideal.span (Set.range H))] :
  ∃ M,
    M.mulVec MvPowerSeries.X = H ∧
      (Ideal.Quotient.mk (Ideal.span (Set.range H))) M.det ≠ 0 ∧
        Submodule.annihilator
            (Ideal.span (Set.range fun i => (Ideal.Quotient.mk (Ideal.span (Set.range H))) (MvPowerSeries.X i))) =
          Ideal.span {(Ideal.Quotient.mk (Ideal.span (Set.range H))) M.det}
'LinearStudy.powerSeries_coefficientDeterminant_socle' depends on axioms: [propext, Classical.choice, Quot.sound]
LinearStudy.powerSeries_coefficientDeterminant_scalar_socle.{u_1} {K : Type u_1} [Field K] {n : ℕ}
  (H : Fin (n + 1) → MvPowerSeries (Fin (n + 1)) K)
  (hH : RingTheory.Sequence.IsRegular (MvPowerSeries (Fin (n + 1)) K) (List.ofFn H))
  (hzero : ∀ (i : Fin (n + 1)), MvPowerSeries.constantCoeff (H i) = 0)
  [IsArtinianRing (MvPowerSeries (Fin (n + 1)) K ⧸ Ideal.span (Set.range H))] :
  ∃ M,
    M.mulVec MvPowerSeries.X = H ∧
      (Ideal.Quotient.mk (Ideal.span (Set.range H))) M.det ≠ 0 ∧
        ∀
          a ∈
            Submodule.annihilator
              (Ideal.span (Set.range fun i => (Ideal.Quotient.mk (Ideal.span (Set.range H))) (MvPowerSeries.X i))),
          ∃ b, a = b • (Ideal.Quotient.mk (Ideal.span (Set.range H))) M.det
'LinearStudy.powerSeries_coefficientDeterminant_scalar_socle' depends on axioms: [propext, Classical.choice, Quot.sound]
LinearStudy.powerSeries_completeIntersection_perfectPairing.{u_1} {K : Type u_1} [Field K] {n : ℕ}
  (H : Fin (n + 1) → MvPowerSeries (Fin (n + 1)) K)
  (hH : RingTheory.Sequence.IsRegular (MvPowerSeries (Fin (n + 1)) K) (List.ofFn H))
  (hzero : ∀ (i : Fin (n + 1)), MvPowerSeries.constantCoeff (H i) = 0)
  [IsArtinianRing (MvPowerSeries (Fin (n + 1)) K ⧸ Ideal.span (Set.range H))]
  [FiniteDimensional K (MvPowerSeries (Fin (n + 1)) K ⧸ Ideal.span (Set.range H))] :
  ∃ M, M.mulVec MvPowerSeries.X = H ∧ ∃ p, p.functional ((Ideal.Quotient.mk (Ideal.span (Set.range H))) M.det) = 1
'LinearStudy.powerSeries_completeIntersection_perfectPairing' depends on axioms: [propext, Classical.choice, Quot.sound]
LinearStudy.parameterSpecialization.{u_1} {K : Type u_1} [Field K] {r c : ℕ} :
  MvPowerSeries (Fin c) (MvPowerSeries (Fin (r + 1)) K) →+* MvPowerSeries (Fin c) K
'LinearStudy.parameterSpecialization' depends on axioms: [propext, Classical.choice, Quot.sound]
LinearStudy.parameterSpecialization_surjective.{u_1} {K : Type u_1} [Field K] {r c : ℕ} :
  Function.Surjective ⇑LinearStudy.parameterSpecialization
'LinearStudy.parameterSpecialization_surjective' depends on axioms: [propext, Classical.choice, Quot.sound]
LinearStudy.parameterSpecialization_kernel.{u_1} {K : Type u_1} [Field K] {r c : ℕ} :
  RingHom.ker LinearStudy.parameterSpecialization = Ideal.span (Set.range fun i => MvPowerSeries.C (MvPowerSeries.X i))
'LinearStudy.parameterSpecialization_kernel' depends on axioms: [propext, Classical.choice, Quot.sound]
LinearStudy.parameterSpecializationQuotientEquiv.{u_1} {K : Type u_1} [Field K] {r c : ℕ} :
  MvPowerSeries (Fin c) (MvPowerSeries (Fin (r + 1)) K) ⧸
      Ideal.span (Set.range fun i => MvPowerSeries.C (MvPowerSeries.X i)) ≃+*
    MvPowerSeries (Fin c) K
'LinearStudy.parameterSpecializationQuotientEquiv' depends on axioms: [propext, Classical.choice, Quot.sound]
LinearStudy.quotientSpecialization.{u_2, u_3} {R : Type u_2} {S : Type u_3} [CommRing R] [CommRing S] (f : R →+* S)
  (I : Ideal R) : R ⧸ I →+* S ⧸ Ideal.map f I
'LinearStudy.quotientSpecialization' depends on axioms: [propext, Classical.choice, Quot.sound]
LinearStudy.quotientSpecialization_kernel.{u_2, u_3} {R : Type u_2} {S : Type u_3} [CommRing R] [CommRing S]
  (f : R →+* S) (hf : Function.Surjective ⇑f) (I : Ideal R) :
  RingHom.ker (LinearStudy.quotientSpecialization f I) = Ideal.map (Ideal.Quotient.mk I) (RingHom.ker f)
'LinearStudy.quotientSpecialization_kernel' depends on axioms: [propext, Classical.choice, Quot.sound]
LinearStudy.quotientSpecialization_surjective.{u_2, u_3} {R : Type u_2} {S : Type u_3} [CommRing R] [CommRing S]
  (f : R →+* S) (hf : Function.Surjective ⇑f) (I : Ideal R) :
  Function.Surjective ⇑(LinearStudy.quotientSpecialization f I)
'LinearStudy.quotientSpecialization_surjective' depends on axioms: [propext, Classical.choice, Quot.sound]
LinearStudy.quotientSpecializationEquiv.{u_2, u_3} {R : Type u_2} {S : Type u_3} [CommRing R] [CommRing S] (f : R →+* S)
  (hf : Function.Surjective ⇑f) (I : Ideal R) :
  (R ⧸ I) ⧸ Ideal.map (Ideal.Quotient.mk I) (RingHom.ker f) ≃+* S ⧸ Ideal.map f I
'LinearStudy.quotientSpecializationEquiv' depends on axioms: [propext, Classical.choice, Quot.sound]
LinearStudy.powerSeriesClosedQuotientEquiv.{u_1} {K : Type u_1} [Field K] {r c : ℕ}
  (H : Fin c → MvPowerSeries (Fin c) (MvPowerSeries (Fin (r + 1)) K)) :
  (MvPowerSeries (Fin c) (MvPowerSeries (Fin (r + 1)) K) ⧸ Ideal.span (Set.range H)) ⧸
      Ideal.map (Ideal.Quotient.mk (Ideal.span (Set.range H)))
        (Ideal.span (Set.range fun i => MvPowerSeries.C (MvPowerSeries.X i))) ≃+*
    MvPowerSeries (Fin c) K ⧸ Ideal.span (Set.range fun i => LinearStudy.parameterSpecialization (H i))
'LinearStudy.powerSeriesClosedQuotientEquiv' depends on axioms: [propext, Classical.choice, Quot.sound]
LinearStudy.powerSeriesClosedQuotientEquiv_mk.{u_1} {K : Type u_1} [Field K] {r c : ℕ}
  (H : Fin c → MvPowerSeries (Fin c) (MvPowerSeries (Fin (r + 1)) K))
  (z : MvPowerSeries (Fin c) (MvPowerSeries (Fin (r + 1)) K)) :
  (LinearStudy.powerSeriesClosedQuotientEquiv H)
      ((Ideal.Quotient.mk
          (Ideal.map (Ideal.Quotient.mk (Ideal.span (Set.range H)))
            (Ideal.span (Set.range fun i => MvPowerSeries.C (MvPowerSeries.X i)))))
        ((Ideal.Quotient.mk (Ideal.span (Set.range H))) z)) =
    (Ideal.Quotient.mk (Ideal.span (Set.range fun i => LinearStudy.parameterSpecialization (H i))))
      (LinearStudy.parameterSpecialization z)
'LinearStudy.powerSeriesClosedQuotientEquiv_mk' depends on axioms: [propext, Classical.choice, Quot.sound]
LinearStudy.powerSeries_map_pderiv.{u_2, u_3, u_4} {R : Type u_2} {S : Type u_3} {σ : Type u_4} [CommRing R]
  [CommRing S] (f : R →+* S) (i : σ) (H : MvPowerSeries σ R) :
  (MvPowerSeries.map f) ((MvPowerSeries.pderiv i) H) = (MvPowerSeries.pderiv i) ((MvPowerSeries.map f) H)
'LinearStudy.powerSeries_map_pderiv' depends on axioms: [propext, Classical.choice, Quot.sound]
LinearStudy.parameterSpecialization_jacobian.{u_1} {K : Type u_1} [Field K] {r c : ℕ}
  (H : Fin c → MvPowerSeries (Fin c) (MvPowerSeries (Fin (r + 1)) K)) :
  LinearStudy.parameterSpecialization (Matrix.det fun i j => (MvPowerSeries.pderiv j) (H i)) =
    Matrix.det fun i j => (MvPowerSeries.pderiv j) (LinearStudy.parameterSpecialization (H i))
'LinearStudy.parameterSpecialization_jacobian' depends on axioms: [propext, Classical.choice, Quot.sound]
LinearStudy.powerSeriesClosedQuotientEquiv_jacobian.{u_1} {K : Type u_1} [Field K] {r c : ℕ}
  (H : Fin c → MvPowerSeries (Fin c) (MvPowerSeries (Fin (r + 1)) K)) :
  (LinearStudy.powerSeriesClosedQuotientEquiv H)
      ((Ideal.Quotient.mk
          (Ideal.map (Ideal.Quotient.mk (Ideal.span (Set.range H)))
            (Ideal.span (Set.range fun i => MvPowerSeries.C (MvPowerSeries.X i)))))
        ((Ideal.Quotient.mk (Ideal.span (Set.range H))) (Matrix.det fun i j => (MvPowerSeries.pderiv j) (H i)))) =
    (Ideal.Quotient.mk (Ideal.span (Set.range fun i => LinearStudy.parameterSpecialization (H i))))
      (Matrix.det fun i j => (MvPowerSeries.pderiv j) (LinearStudy.parameterSpecialization (H i)))
'LinearStudy.powerSeriesClosedQuotientEquiv_jacobian' depends on axioms: [propext, Classical.choice, Quot.sound]
LinearStudy.powerSeries_nilpotent_quotient_polynomial_surjective.{u_1, u_2} {R : Type u_1} {σ : Type u_2} [CommRing R]
  [Fintype σ] [DecidableEq σ] [Nonempty σ] (I : Ideal (MvPowerSeries σ R)) (b : σ → ℕ)
  (hb : ∀ (i : σ), MvPowerSeries.X i ^ b i ∈ I) :
  Function.Surjective ⇑(MvPolynomial.aeval fun i => (Ideal.Quotient.mk I) (MvPowerSeries.X i))
'LinearStudy.powerSeries_nilpotent_quotient_polynomial_surjective' depends on axioms: [propext,
 Classical.choice,
 Quot.sound]
LinearStudy.powerSeries_nilpotent_quotient_finite.{u_1, u_2} {R : Type u_1} {σ : Type u_2} [CommRing R] [Fintype σ]
  [DecidableEq σ] [Nonempty σ] (I : Ideal (MvPowerSeries σ R)) (b : σ → ℕ)
  (hb : ∀ (i : σ), MvPowerSeries.X i ^ b i ∈ I) : Module.Finite R (MvPowerSeries σ R ⧸ I)
'LinearStudy.powerSeries_nilpotent_quotient_finite' depends on axioms: [propext, Classical.choice, Quot.sound]
LinearStudy.powerSeries_coordinateIdeal_power_quotient_finite.{u_1, u_2} {R : Type u_1} {σ : Type u_2} [CommRing R]
  [Fintype σ] [DecidableEq σ] [Nonempty σ] (I : Ideal (MvPowerSeries σ R)) (e : ℕ)
  (he : Ideal.span (Set.range MvPowerSeries.X) ^ e ≤ I) : Module.Finite R (MvPowerSeries σ R ⧸ I)
'LinearStudy.powerSeries_coordinateIdeal_power_quotient_finite' depends on axioms: [propext,
 Classical.choice,
 Quot.sound]
LinearStudy.powerSeries_thickening_finite_free.{u_1} {K : Type u_1} [Field K] (r c : ℕ) (hr : 0 < r) (hc : 0 < c)
  (H : Fin c → MvPowerSeries (Fin c) (MvPowerSeries (Fin r) K)) (e : ℕ) (he : 0 < e)
  (hupper : Ideal.span (Set.range H) ≤ Ideal.span (Set.range MvPowerSeries.X))
  (hlower : Ideal.span (Set.range MvPowerSeries.X) ^ e ≤ Ideal.span (Set.range H)) :
  Module.Free (MvPowerSeries (Fin r) K) (MvPowerSeries (Fin c) (MvPowerSeries (Fin r) K) ⧸ Ideal.span (Set.range H))
'LinearStudy.powerSeries_thickening_finite_free' depends on axioms: [propext, Classical.choice, Quot.sound]
LinearStudy.powerSeries_thickening_radical.{u_1, u_2} {R : Type u_1} {σ : Type u_2} [CommRing R] [IsDomain R]
  [Fintype σ] [DecidableEq σ] [Nonempty σ] (I : Ideal (MvPowerSeries σ R)) (e : ℕ) (he : 0 < e)
  (hupper : I ≤ Ideal.span (Set.range MvPowerSeries.X)) (hlower : Ideal.span (Set.range MvPowerSeries.X) ^ e ≤ I) :
  I.radical = Ideal.span (Set.range MvPowerSeries.X)
'LinearStudy.powerSeries_thickening_radical' depends on axioms: [propext, Classical.choice, Quot.sound]
LinearStudy.thickeningConstantCoeffAlgHom.{u_1, u_2} {R : Type u_1} {σ : Type u_2} [CommRing R] :
  MvPowerSeries σ R →ₐ[R] R
'LinearStudy.thickeningConstantCoeffAlgHom' depends on axioms: [propext, Classical.choice, Quot.sound]
LinearStudy.powerSeriesThickeningReduction.{u_1, u_2} {R : Type u_1} {σ : Type u_2} [CommRing R] [Fintype σ]
  [DecidableEq σ] [Nonempty σ] (I : Ideal (MvPowerSeries σ R)) (hupper : I ≤ Ideal.span (Set.range MvPowerSeries.X)) :
  MvPowerSeries σ R ⧸ I →ₐ[R] R
'LinearStudy.powerSeriesThickeningReduction' depends on axioms: [propext, Classical.choice, Quot.sound]
LinearStudy.powerSeriesThickeningReduction_mk.{u_1, u_2} {R : Type u_1} {σ : Type u_2} [CommRing R] [Fintype σ]
  [DecidableEq σ] [Nonempty σ] (I : Ideal (MvPowerSeries σ R)) (hupper : I ≤ Ideal.span (Set.range MvPowerSeries.X))
  (H : MvPowerSeries σ R) :
  (LinearStudy.powerSeriesThickeningReduction I hupper) ((Ideal.Quotient.mk I) H) = MvPowerSeries.constantCoeff H
'LinearStudy.powerSeriesThickeningReduction_mk' depends on axioms: [propext, Classical.choice, Quot.sound]
LinearStudy.powerSeriesThickeningReduction_surjective.{u_1, u_2} {R : Type u_1} {σ : Type u_2} [CommRing R] [Fintype σ]
  [DecidableEq σ] [Nonempty σ] (I : Ideal (MvPowerSeries σ R)) (hupper : I ≤ Ideal.span (Set.range MvPowerSeries.X)) :
  Function.Surjective ⇑(LinearStudy.powerSeriesThickeningReduction I hupper)
'LinearStudy.powerSeriesThickeningReduction_surjective' depends on axioms: [propext, Classical.choice, Quot.sound]
LinearStudy.powerSeriesThickeningReduction_kernel.{u_1, u_2} {R : Type u_1} {σ : Type u_2} [CommRing R] [Fintype σ]
  [DecidableEq σ] [Nonempty σ] (I : Ideal (MvPowerSeries σ R)) (hupper : I ≤ Ideal.span (Set.range MvPowerSeries.X)) :
  RingHom.ker (LinearStudy.powerSeriesThickeningReduction I hupper).toRingHom =
    Ideal.map (Ideal.Quotient.mk I) (Ideal.span (Set.range MvPowerSeries.X))
'LinearStudy.powerSeriesThickeningReduction_kernel' depends on axioms: [propext, Classical.choice, Quot.sound]
LinearStudy.powerSeriesThickeningReduction_kernel_nilradical.{u_1, u_2} {R : Type u_1} {σ : Type u_2} [CommRing R]
  [IsDomain R] [Fintype σ] [DecidableEq σ] [Nonempty σ] (I : Ideal (MvPowerSeries σ R)) (e : ℕ) (he : 0 < e)
  (hupper : I ≤ Ideal.span (Set.range MvPowerSeries.X)) (hlower : Ideal.span (Set.range MvPowerSeries.X) ^ e ≤ I) :
  RingHom.ker (LinearStudy.powerSeriesThickeningReduction I hupper).toRingHom = nilradical (MvPowerSeries σ R ⧸ I)
'LinearStudy.powerSeriesThickeningReduction_kernel_nilradical' depends on axioms: [propext,
 Classical.choice,
 Quot.sound]
LinearStudy.powerSeries_coordinateIdeal_height.{u_2} {R : Type u_2} [CommRing R] [IsDomain R] [IsNoetherianRing R]
  (c : ℕ) (hc : 0 < c) : (Ideal.span (Set.range MvPowerSeries.X)).height = ↑c
'LinearStudy.powerSeries_coordinateIdeal_height' depends on axioms: [propext, Classical.choice, Quot.sound]
LinearStudy.nestedPowerSeries_maximalIdeal.{u_1} {K : Type u_1} [Field K] (r c : ℕ) (hr : 0 < r) (hc : 0 < c) :
  IsLocalRing.maximalIdeal (MvPowerSeries (Fin c) (MvPowerSeries (Fin r) K)) =
    Ideal.span (Set.range MvPowerSeries.X) ⊔ Ideal.span (Set.range fun i => MvPowerSeries.C (MvPowerSeries.X i))
'LinearStudy.nestedPowerSeries_maximalIdeal' depends on axioms: [propext, Classical.choice, Quot.sound]
LinearStudy.powerSeries_thickening_equations_regular.{u_1} {K : Type u_1} [Field K] (r c : ℕ) (hc : 0 < c)
  (H : Fin c → MvPowerSeries (Fin c) (MvPowerSeries (Fin r) K)) (e : ℕ) (he : 0 < e)
  (hupper : Ideal.span (Set.range H) ≤ Ideal.span (Set.range MvPowerSeries.X))
  (hlower : Ideal.span (Set.range MvPowerSeries.X) ^ e ≤ Ideal.span (Set.range H)) :
  RingTheory.Sequence.IsRegular (MvPowerSeries (Fin c) (MvPowerSeries (Fin r) K)) (List.ofFn H)
'LinearStudy.powerSeries_thickening_equations_regular' depends on axioms: [propext, Classical.choice, Quot.sound]
LinearStudy.translationImages.{u_1, u_2, u_3} {K : Type u_1} {σ : Type u_2} {τ : Type u_3} [CommRing K] [Fintype σ]
  (h : τ → MvPowerSeries σ K) : σ ⊕ τ → MvPowerSeries (σ ⊕ τ) K
'LinearStudy.translationImages' depends on axioms: [propext, Classical.choice, Quot.sound]
LinearStudy.translationImages_hasSubst.{u_1, u_2, u_3} {K : Type u_1} {σ : Type u_2} {τ : Type u_3} [CommRing K]
  [Fintype σ] [Fintype τ] (h : τ → MvPowerSeries σ K) (hh : ∀ (j : τ), MvPowerSeries.constantCoeff (h j) = 0) :
  MvPowerSeries.HasSubst (LinearStudy.translationImages h)
'LinearStudy.translationImages_hasSubst' depends on axioms: [propext, Classical.choice, Quot.sound]
LinearStudy.translation_fixes_parameters.{u_1, u_2, u_3} {K : Type u_1} {σ : Type u_2} {τ : Type u_3} [CommRing K]
  [Fintype σ] [Fintype τ] (h : τ → MvPowerSeries σ K) (hh : ∀ (j : τ), MvPowerSeries.constantCoeff (h j) = 0)
  (f : MvPowerSeries σ K) :
  (MvPowerSeries.substAlgHom ⋯) ((MvPowerSeries.rename Sum.inl) f) = (MvPowerSeries.rename Sum.inl) f
'LinearStudy.translation_fixes_parameters' depends on axioms: [propext, Classical.choice, Quot.sound]
LinearStudy.translation_inverse.{u_1, u_2, u_3} {K : Type u_1} {σ : Type u_2} {τ : Type u_3} [CommRing K] [Fintype σ]
  [Fintype τ] (h : τ → MvPowerSeries σ K) (hh : ∀ (j : τ), MvPowerSeries.constantCoeff (h j) = 0)
  (f : MvPowerSeries (σ ⊕ τ) K) : (MvPowerSeries.substAlgHom ⋯) ((MvPowerSeries.substAlgHom ⋯) f) = f
'LinearStudy.translation_inverse' depends on axioms: [propext, Classical.choice, Quot.sound]
LinearStudy.powerSeriesTranslationEquiv.{u_1, u_2, u_3} {K : Type u_1} {σ : Type u_2} {τ : Type u_3} [CommRing K]
  [Fintype σ] [Fintype τ] (h : τ → MvPowerSeries σ K) (hh : ∀ (j : τ), MvPowerSeries.constantCoeff (h j) = 0) :
  MvPowerSeries (σ ⊕ τ) K ≃ₐ[K] MvPowerSeries (σ ⊕ τ) K
'LinearStudy.powerSeriesTranslationEquiv' depends on axioms: [propext, Classical.choice, Quot.sound]
LinearStudy.powerSeriesTranslationEquiv_parameter.{u_1, u_2, u_3} {K : Type u_1} {σ : Type u_2} {τ : Type u_3}
  [CommRing K] [Fintype σ] [Fintype τ] (h : τ → MvPowerSeries σ K)
  (hh : ∀ (j : τ), MvPowerSeries.constantCoeff (h j) = 0) (f : MvPowerSeries σ K) :
  (LinearStudy.powerSeriesTranslationEquiv h hh) ((MvPowerSeries.rename Sum.inl) f) = (MvPowerSeries.rename Sum.inl) f
'LinearStudy.powerSeriesTranslationEquiv_parameter' depends on axioms: [propext, Classical.choice, Quot.sound]
LinearStudy.powerSeriesTranslationEquiv_normal.{u_1, u_2, u_3} {K : Type u_1} {σ : Type u_2} {τ : Type u_3} [CommRing K]
  [Fintype σ] [Fintype τ] (h : τ → MvPowerSeries σ K) (hh : ∀ (j : τ), MvPowerSeries.constantCoeff (h j) = 0) (j : τ) :
  (LinearStudy.powerSeriesTranslationEquiv h hh) (MvPowerSeries.X (Sum.inr j)) =
    MvPowerSeries.X (Sum.inr j) + (MvPowerSeries.rename Sum.inl) (h j)
'LinearStudy.powerSeriesTranslationEquiv_normal' depends on axioms: [propext, Classical.choice, Quot.sound]
LinearStudy.powerSeriesTranslationEquiv_pderiv_normal.{u_1, u_2, u_3} {K : Type u_1} {σ : Type u_2} {τ : Type u_3}
  [CommRing K] [Fintype σ] [Fintype τ] (h : τ → MvPowerSeries σ K)
  (hh : ∀ (j : τ), MvPowerSeries.constantCoeff (h j) = 0) (j : τ) (f : MvPowerSeries (σ ⊕ τ) K) :
  (MvPowerSeries.pderiv (Sum.inr j)) ((LinearStudy.powerSeriesTranslationEquiv h hh) f) =
    (LinearStudy.powerSeriesTranslationEquiv h hh) ((MvPowerSeries.pderiv (Sum.inr j)) f)
'LinearStudy.powerSeriesTranslationEquiv_pderiv_normal' depends on axioms: [propext, Classical.choice, Quot.sound]
LinearStudy.powerSeriesTranslationEquiv_jacobian.{u_1, u_2, u_3} {K : Type u_1} {σ : Type u_2} {τ : Type u_3}
  [CommRing K] [Fintype σ] [Fintype τ] [DecidableEq τ] (h : τ → MvPowerSeries σ K)
  (hh : ∀ (j : τ), MvPowerSeries.constantCoeff (h j) = 0) (H : τ → MvPowerSeries (σ ⊕ τ) K) :
  (Matrix.det fun i j => (MvPowerSeries.pderiv (Sum.inr j)) ((LinearStudy.powerSeriesTranslationEquiv h hh) (H i))) =
    (LinearStudy.powerSeriesTranslationEquiv h hh) (Matrix.det fun i j => (MvPowerSeries.pderiv (Sum.inr j)) (H i))
'LinearStudy.powerSeriesTranslationEquiv_jacobian' depends on axioms: [propext, Classical.choice, Quot.sound]
LinearStudy.annihilates_iff_mem_annihilator.{u_2} {A : Type u_2} [CommRing A] (N : Ideal A) (x : A) :
  LinearStudy.Annihilates N x ↔ x ∈ Submodule.annihilator N
'LinearStudy.annihilates_iff_mem_annihilator' depends on axioms: [propext, Quot.sound]
LinearStudy.nilradical_annihilator_scalar_generation.{u_1, u_2} {B : Type u_1} {A : Type u_2} [CommRing B] [CommRing A]
  [Algebra B A] (q : A →ₐ[B] B) (hq : RingHom.ker q.toRingHom = nilradical A)
  (p : LinearStudy.PerfectMultiplicationPairing) (x : A) :
  x ∈ Submodule.annihilator (nilradical A) ↔ ∃ b, x = b • LinearStudy.dualGenerator q p
'LinearStudy.nilradical_annihilator_scalar_generation' depends on axioms: [propext, Classical.choice, Quot.sound]
LinearStudy.unit_coefficient_generates_annihilator.{u_1, u_2} {B : Type u_1} {A : Type u_2} [CommRing B] [CommRing A]
  [Algebra B A] (q : A →ₐ[B] B) (p : LinearStudy.PerfectMultiplicationPairing) (delta : A)
  (hd : LinearStudy.Annihilates (RingHom.ker q.toRingHom) delta) (hu : IsUnit (p.functional delta)) (x : A) :
  LinearStudy.Annihilates (RingHom.ker q.toRingHom) x ↔ ∃ b, x = b • delta
'LinearStudy.unit_coefficient_generates_annihilator' depends on axioms: [propext, Classical.choice, Quot.sound]
LinearStudy.primitive_annihilator_coefficient_isUnit.{u_1, u_2} {B : Type u_1} {A : Type u_2} [CommRing B] [CommRing A]
  [Algebra B A] [IsLocalRing B] (q : A →ₐ[B] B) (p : LinearStudy.PerfectMultiplicationPairing) (delta : A)
  (hd : LinearStudy.Annihilates (RingHom.ker q.toRingHom) delta) (hprimitive : delta ∉ IsLocalRing.maximalIdeal B • ⊤) :
  IsUnit (p.functional delta)
'LinearStudy.primitive_annihilator_coefficient_isUnit' depends on axioms: [propext, Classical.choice, Quot.sound]
LinearStudy.primitive_annihilator_generates.{u_1, u_2} {B : Type u_1} {A : Type u_2} [CommRing B] [CommRing A]
  [Algebra B A] [IsLocalRing B] (q : A →ₐ[B] B) (p : LinearStudy.PerfectMultiplicationPairing) (delta : A)
  (hd : LinearStudy.Annihilates (RingHom.ker q.toRingHom) delta) (hprimitive : delta ∉ IsLocalRing.maximalIdeal B • ⊤)
  (x : A) : LinearStudy.Annihilates (RingHom.ker q.toRingHom) x ↔ ∃ b, x = b • delta
'LinearStudy.primitive_annihilator_generates' depends on axioms: [propext, Classical.choice, Quot.sound]
LinearStudy.homogeneous_eval_smul.{u_1, u_2} {σ : Type u_1} {K : Type u_2} [CommSemiring K] {P : MvPolynomial σ K}
  {m : ℕ} (hP : P.IsHomogeneous m) (a : K) (v : σ → K) : (MvPolynomial.eval (a • v)) P = a ^ m * (MvPolynomial.eval v) P
'LinearStudy.homogeneous_eval_smul' depends on axioms: [propext, Classical.choice, Quot.sound]
LinearStudy.HomogeneousEndomorphism.evalVector {n : ℕ} (f : LinearStudy.HomogeneousEndomorphism n)
  (v : LinearStudy.CoordinateVector n) : LinearStudy.CoordinateVector n
'LinearStudy.HomogeneousEndomorphism.evalVector' depends on axioms: [propext, Classical.choice, Quot.sound]
LinearStudy.HomogeneousEndomorphism.evalVector_smul {n : ℕ} (f : LinearStudy.HomogeneousEndomorphism n) (a : ℂ)
  (v : LinearStudy.CoordinateVector n) : f.evalVector (a • v) = a ^ f.degree • f.evalVector v
'LinearStudy.HomogeneousEndomorphism.evalVector_smul' depends on axioms: [propext, Classical.choice, Quot.sound]
LinearStudy.HomogeneousEndomorphism.onPoints {n : ℕ} (f : LinearStudy.HomogeneousEndomorphism n) :
  LinearStudy.ProjectivePoint n → LinearStudy.ProjectivePoint n
'LinearStudy.HomogeneousEndomorphism.onPoints' depends on axioms: [propext, Classical.choice, Quot.sound]
LinearStudy.HomogeneousEndomorphism.onPoints_mk {n : ℕ} (f : LinearStudy.HomogeneousEndomorphism n)
  (v : LinearStudy.CoordinateVector n) (hv : v ≠ 0) :
  f.onPoints (Projectivization.mk ℂ v hv) = Projectivization.mk ℂ (f.evalVector v) ⋯
'LinearStudy.HomogeneousEndomorphism.onPoints_mk' depends on axioms: [propext, Classical.choice, Quot.sound]
LinearStudy.HomogeneousEndomorphism.comp {n : ℕ} (f g : LinearStudy.HomogeneousEndomorphism n) :
  LinearStudy.HomogeneousEndomorphism n
'LinearStudy.HomogeneousEndomorphism.comp' depends on axioms: [propext, Classical.choice, Quot.sound]
LinearStudy.HomogeneousEndomorphism.comp_evalVector {n : ℕ} (f g : LinearStudy.HomogeneousEndomorphism n)
  (v : LinearStudy.CoordinateVector n) : (f.comp g).evalVector v = f.evalVector (g.evalVector v)
'LinearStudy.HomogeneousEndomorphism.comp_evalVector' depends on axioms: [propext, Classical.choice, Quot.sound]
LinearStudy.HomogeneousEndomorphism.comp_onPoints {n : ℕ} (f g : LinearStudy.HomogeneousEndomorphism n) :
  (f.comp g).onPoints = f.onPoints ∘ g.onPoints
'LinearStudy.HomogeneousEndomorphism.comp_onPoints' depends on axioms: [propext, Classical.choice, Quot.sound]
LinearStudy.HomogeneousEndomorphism.identity (n : ℕ) : LinearStudy.HomogeneousEndomorphism n
'LinearStudy.HomogeneousEndomorphism.identity' depends on axioms: [propext, Classical.choice, Quot.sound]
LinearStudy.HomogeneousEndomorphism.iterate {n : ℕ} (f : LinearStudy.HomogeneousEndomorphism n) :
  ℕ → LinearStudy.HomogeneousEndomorphism n
'LinearStudy.HomogeneousEndomorphism.iterate' depends on axioms: [propext, Classical.choice, Quot.sound]
LinearStudy.HomogeneousEndomorphism.iterate_degree {n : ℕ} (f : LinearStudy.HomogeneousEndomorphism n) (k : ℕ) :
  (f.iterate k).degree = f.degree ^ k
'LinearStudy.HomogeneousEndomorphism.iterate_degree' depends on axioms: [propext, Classical.choice, Quot.sound]
LinearStudy.HomogeneousEndomorphism.identity_onPoints (n : ℕ) :
  (LinearStudy.HomogeneousEndomorphism.identity n).onPoints = id
'LinearStudy.HomogeneousEndomorphism.identity_onPoints' depends on axioms: [propext, Classical.choice, Quot.sound]
LinearStudy.HomogeneousEndomorphism.iterate_onPoints {n : ℕ} (f : LinearStudy.HomogeneousEndomorphism n) (k : ℕ) :
  (f.iterate k).onPoints = f.onPoints^[k]
'LinearStudy.HomogeneousEndomorphism.iterate_onPoints' depends on axioms: [propext, Classical.choice, Quot.sound]
LinearStudy.HomogeneousEndomorphism.iterate_total_invariance {n : ℕ} (f : LinearStudy.HomogeneousEndomorphism n)
  (V : Set (LinearStudy.ProjectivePoint n)) (hV : f.onPoints ⁻¹' V = V) (k : ℕ) : (f.iterate k).onPoints ⁻¹' V = V
'LinearStudy.HomogeneousEndomorphism.iterate_total_invariance' depends on axioms: [propext,
 Classical.choice,
 Quot.sound]
LinearStudy.homogeneous_ideal_vanish_smul {n : ℕ}
  (I : HomogeneousIdeal (MvPolynomial.homogeneousSubmodule (Fin (n + 1)) ℂ)) (v : LinearStudy.CoordinateVector n)
  (hv : ∀ P ∈ I.toIdeal, (MvPolynomial.eval v) P = 0) (a : ℂ) (P : MvPolynomial (Fin (n + 1)) ℂ) :
  P ∈ I.toIdeal → (MvPolynomial.eval (a • v)) P = 0
'LinearStudy.homogeneous_ideal_vanish_smul' depends on axioms: [propext, Classical.choice, Quot.sound]
LinearStudy.homogeneous_ideal_vanish_unit_smul_iff {n : ℕ}
  (I : HomogeneousIdeal (MvPolynomial.homogeneousSubmodule (Fin (n + 1)) ℂ)) (v : LinearStudy.CoordinateVector n)
  (a : ℂˣ) : (∀ P ∈ I.toIdeal, (MvPolynomial.eval (a • v)) P = 0) ↔ ∀ P ∈ I.toIdeal, (MvPolynomial.eval v) P = 0
'LinearStudy.homogeneous_ideal_vanish_unit_smul_iff' depends on axioms: [propext, Classical.choice, Quot.sound]
LinearStudy.IntegralProjectiveEquations.zeroSet {n : ℕ} (V : LinearStudy.IntegralProjectiveEquations n) :
  Set (LinearStudy.ProjectivePoint n)
'LinearStudy.IntegralProjectiveEquations.zeroSet' depends on axioms: [propext, Classical.choice, Quot.sound]
LinearStudy.IntegralProjectiveEquations.mem_zeroSet_mk {n : ℕ} (V : LinearStudy.IntegralProjectiveEquations n)
  (v : LinearStudy.CoordinateVector n) (hv : v ≠ 0) :
  Projectivization.mk ℂ v hv ∈ V.zeroSet ↔ ∀ P ∈ V.ideal.toIdeal, (MvPolynomial.eval v) P = 0
'LinearStudy.IntegralProjectiveEquations.mem_zeroSet_mk' depends on axioms: [propext, Classical.choice, Quot.sound]
LinearStudy.IntegralProjectiveEquations.zeroSet_nonempty {n : ℕ} (V : LinearStudy.IntegralProjectiveEquations n) :
  V.zeroSet.Nonempty
'LinearStudy.IntegralProjectiveEquations.zeroSet_nonempty' depends on axioms: [propext, Classical.choice, Quot.sound]
LinearStudy.LinearityTheoremGoal : Prop
'LinearStudy.LinearityTheoremGoal' depends on axioms: [propext, Classical.choice, Quot.sound]
LinearStudy.affineChartPolynomialMap_pointKernel_comap.{u_1} {K : Type u_1} [Field K] {n : ℕ} (x : Fin n → K) :
  Ideal.comap LinearStudy.affineChartPolynomialMap.toRingHom (RingHom.ker (MvPolynomial.aeval x).toRingHom) =
    RingHom.ker (MvPolynomial.aeval fun i => Fin.cases 1 x i).toRingHom
'LinearStudy.affineChartPolynomialMap_pointKernel_comap' depends on axioms: [propext, Classical.choice, Quot.sound]
LinearStudy.affineChartPolynomialMap_ideal_le_pointKernel.{u_1} {K : Type u_1} [Field K] {n : ℕ}
  (I : Ideal (MvPolynomial (Fin (n + 1)) K)) (x : Fin n → K)
  (hx : (fun i => Fin.cases 1 x i) ∈ MvPolynomial.zeroLocus K I) :
  Ideal.map LinearStudy.affineChartPolynomialMap.toRingHom I ≤ RingHom.ker (MvPolynomial.aeval x).toRingHom
'LinearStudy.affineChartPolynomialMap_ideal_le_pointKernel' depends on axioms: [propext, Classical.choice, Quot.sound]
LinearStudy.affineChartPolynomialMap_ideal_isPrime_of_point.{u_1} {K : Type u_1} [Field K] {n : ℕ}
  (I : Ideal (MvPolynomial (Fin (n + 1)) K)) [I.IsPrime]
  (hI : Ideal.IsHomogeneous (MvPolynomial.homogeneousSubmodule (Fin (n + 1)) K) I) (x : Fin n → K)
  (hx : (fun i => Fin.cases 1 x i) ∈ MvPolynomial.zeroLocus K I) :
  (Ideal.map LinearStudy.affineChartPolynomialMap.toRingHom I).IsPrime
'LinearStudy.affineChartPolynomialMap_ideal_isPrime_of_point' depends on axioms: [propext, Classical.choice, Quot.sound]
LinearStudy.affineChartPolynomialMap_point_quotient_prime.{u_1} {K : Type u_1} [Field K] {n : ℕ}
  (I : Ideal (MvPolynomial (Fin (n + 1)) K)) (x : Fin n → K)
  (hx : (fun i => Fin.cases 1 x i) ∈ MvPolynomial.zeroLocus K I) :
  have J := Ideal.map LinearStudy.affineChartPolynomialMap.toRingHom I;
  have Q := RingHom.ker (MvPolynomial.aeval x).toRingHom;
  (Ideal.map (Ideal.Quotient.mk J) Q).IsPrime ∧
    Ideal.comap (Ideal.Quotient.mk J) (Ideal.map (Ideal.Quotient.mk J) Q) = Q
'LinearStudy.affineChartPolynomialMap_point_quotient_prime' depends on axioms: [propext, Classical.choice, Quot.sound]
LinearStudy.IntegralProjectiveEquations.affinePointIdeal {n : ℕ} (V : LinearStudy.IntegralProjectiveEquations n)
  (x : Fin n → ℂ) : Ideal (MvPolynomial (Fin n) ℂ ⧸ V.affineIdeal)
'LinearStudy.IntegralProjectiveEquations.affinePointIdeal' depends on axioms: [propext, Classical.choice, Quot.sound]
LinearStudy.IntegralProjectiveEquations.affinePointIdeal_isPrime {n : ℕ} (V : LinearStudy.IntegralProjectiveEquations n)
  (x : Fin n → ℂ) (hx : LinearStudy.normalizedProjectivePoint x ∈ V.zeroSet) : (V.affinePointIdeal x).IsPrime
'LinearStudy.IntegralProjectiveEquations.affinePointIdeal_isPrime' depends on axioms: [propext,
 Classical.choice,
 Quot.sound]
LinearStudy.IntegralProjectiveEquations.affinePointIdeal_comap {n : ℕ} (V : LinearStudy.IntegralProjectiveEquations n)
  (x : Fin n → ℂ) (hx : LinearStudy.normalizedProjectivePoint x ∈ V.zeroSet) :
  Ideal.comap (Ideal.Quotient.mk V.affineIdeal) (V.affinePointIdeal x) = RingHom.ker (MvPolynomial.aeval x).toRingHom
'LinearStudy.IntegralProjectiveEquations.affinePointIdeal_comap' depends on axioms: [propext,
 Classical.choice,
 Quot.sound]
LinearStudy.projective_total_invariance_actual_affine_point_data {n : ℕ} (f : LinearStudy.HomogeneousEndomorphism n)
  (V : LinearStudy.IntegralProjectiveEquations n) (hf : f.degree ≠ 0) (hV : f.onPoints ⁻¹' V.zeroSet = V.zeroSet)
  (x : Fin n → ℂ) (hx : LinearStudy.normalizedProjectivePoint x ∈ V.zeroSet)
  (hp0 : (MvPolynomial.eval x) (LinearStudy.affineChartPolynomialMap (f.forms 0)) ≠ 0) :
  let p0 := LinearStudy.affineChartPolynomialMap (f.forms 0);
  have p := fun i => LinearStudy.affineChartPolynomialMap (f.forms i.succ);
  have y := fun i => (MvPolynomial.eval x) (p i) / (MvPolynomial.eval x) p0;
  have P := RingHom.ker (LinearStudy.polynomialAwayPointEvaluation x p0 hp0).toRingHom;
  (V.affinePointIdeal y).IsPrime ∧
    Ideal.comap (Ideal.Quotient.mk V.affineIdeal) (V.affinePointIdeal y) =
        Ideal.comap (LinearStudy.rationalPolynomialChartMap p0 p).toRingHom P ∧
      ∃ e,
        0 < e ∧
          Ideal.map (algebraMap (MvPolynomial (Fin n) ℂ) (Localization.Away p0)) V.affineIdeal ^ e ≤
              Ideal.map (LinearStudy.rationalPolynomialChartMap p0 p).toRingHom V.affineIdeal ∧
            Ideal.map (LinearStudy.rationalPolynomialChartMap p0 p).toRingHom V.affineIdeal ≤
              Ideal.map (algebraMap (MvPolynomial (Fin n) ℂ) (Localization.Away p0)) V.affineIdeal
'LinearStudy.projective_total_invariance_actual_affine_point_data' depends on axioms: [propext,
 Classical.choice,
 Quot.sound]
LinearStudy.projectiveChartLocalizationMap.{u_1} {K : Type u_1} [Field K] {n : ℕ} :
  MvPolynomial (Fin n) K →ₐ[K] Localization.Away (MvPolynomial.X 0)
'LinearStudy.projectiveChartLocalizationMap' depends on axioms: [propext, Classical.choice, Quot.sound]
LinearStudy.projectiveChartSpecialization.{u_1} {K : Type u_1} [Field K] {n : ℕ} :
  Localization.Away (MvPolynomial.X 0) →ₐ[K] MvPolynomial (Fin n) K
'LinearStudy.projectiveChartSpecialization' depends on axioms: [propext, Classical.choice, Quot.sound]
LinearStudy.projectiveChartSpecialization_algebraMap.{u_1} {K : Type u_1} [Field K] {n : ℕ}
  (H : MvPolynomial (Fin (n + 1)) K) :
  LinearStudy.projectiveChartSpecialization
      ((algebraMap (MvPolynomial (Fin (n + 1)) K) (Localization.Away (MvPolynomial.X 0))) H) =
    LinearStudy.affineChartPolynomialMap H
'LinearStudy.projectiveChartSpecialization_algebraMap' depends on axioms: [propext, Classical.choice, Quot.sound]
LinearStudy.projectiveChartSpecialization_invSelf.{u_1} {K : Type u_1} [Field K] {n : ℕ} :
  LinearStudy.projectiveChartSpecialization (IsLocalization.Away.invSelf (MvPolynomial.X 0)) = 1
'LinearStudy.projectiveChartSpecialization_invSelf' depends on axioms: [propext, Classical.choice, Quot.sound]
LinearStudy.projectiveChartSpecialization_leftInverse.{u_1} {K : Type u_1} [Field K] {n : ℕ} :
  LinearStudy.projectiveChartSpecialization.comp LinearStudy.projectiveChartLocalizationMap =
    AlgHom.id K (MvPolynomial (Fin n) K)
'LinearStudy.projectiveChartSpecialization_leftInverse' depends on axioms: [propext, Classical.choice, Quot.sound]
LinearStudy.projectiveChartLocalizationMap_homogeneous.{u_1} {K : Type u_1} [Field K] {n : ℕ}
  (H : MvPolynomial (Fin (n + 1)) K) {m : ℕ} (hH : H.IsHomogeneous m) :
  LinearStudy.projectiveChartLocalizationMap (LinearStudy.affineChartPolynomialMap H) =
    IsLocalization.Away.invSelf (MvPolynomial.X 0) ^ m *
      (algebraMap (MvPolynomial (Fin (n + 1)) K) (Localization.Away (MvPolynomial.X 0))) H
'LinearStudy.projectiveChartLocalizationMap_homogeneous' depends on axioms: [propext, Classical.choice, Quot.sound]
LinearStudy.projectiveChartLocalizationMap_ideal.{u_1} {K : Type u_1} [Field K] {n : ℕ}
  (I : Ideal (MvPolynomial (Fin (n + 1)) K))
  (hI : Ideal.IsHomogeneous (MvPolynomial.homogeneousSubmodule (Fin (n + 1)) K) I) :
  Ideal.map LinearStudy.projectiveChartLocalizationMap.toRingHom
      (Ideal.map LinearStudy.affineChartPolynomialMap.toRingHom I) =
    Ideal.map (algebraMap (MvPolynomial (Fin (n + 1)) K) (Localization.Away (MvPolynomial.X 0))) I
'LinearStudy.projectiveChartLocalizationMap_ideal' depends on axioms: [propext, Classical.choice, Quot.sound]
LinearStudy.projectiveChartLocalizationMap_comap_ideal.{u_1} {K : Type u_1} [Field K] {n : ℕ}
  (I : Ideal (MvPolynomial (Fin (n + 1)) K))
  (hI : Ideal.IsHomogeneous (MvPolynomial.homogeneousSubmodule (Fin (n + 1)) K) I) :
  Ideal.comap LinearStudy.projectiveChartLocalizationMap.toRingHom
      (Ideal.map (algebraMap (MvPolynomial (Fin (n + 1)) K) (Localization.Away (MvPolynomial.X 0))) I) =
    Ideal.map LinearStudy.affineChartPolynomialMap.toRingHom I
'LinearStudy.projectiveChartLocalizationMap_comap_ideal' depends on axioms: [propext, Classical.choice, Quot.sound]
LinearStudy.affineChartPolynomialMap_ideal_isPrime.{u_1} {K : Type u_1} [Field K] {n : ℕ}
  (I : Ideal (MvPolynomial (Fin (n + 1)) K)) [I.IsPrime]
  (hI : Ideal.IsHomogeneous (MvPolynomial.homogeneousSubmodule (Fin (n + 1)) K) I) (hx : MvPolynomial.X 0 ∉ I) :
  (Ideal.map LinearStudy.affineChartPolynomialMap.toRingHom I).IsPrime
'LinearStudy.affineChartPolynomialMap_ideal_isPrime' depends on axioms: [propext, Classical.choice, Quot.sound]
LinearStudy.affineChartPolynomialMap_ideal_ne_bot.{u_1} {K : Type u_1} [Field K] {n : ℕ}
  (I : Ideal (MvPolynomial (Fin (n + 1)) K))
  (hI : Ideal.IsHomogeneous (MvPolynomial.homogeneousSubmodule (Fin (n + 1)) K) I) (hI0 : I ≠ ⊥) :
  Ideal.map LinearStudy.affineChartPolynomialMap.toRingHom I ≠ ⊥
'LinearStudy.affineChartPolynomialMap_ideal_ne_bot' depends on axioms: [propext, Classical.choice, Quot.sound]
LinearStudy.IntegralProjectiveEquations.affinePoint {n : ℕ} (V : LinearStudy.IntegralProjectiveEquations n)
  (x : Fin n → ℂ) (hx : LinearStudy.normalizedProjectivePoint x ∈ V.zeroSet) :
  PrimeSpectrum (MvPolynomial (Fin n) ℂ ⧸ V.affineIdeal)
'LinearStudy.IntegralProjectiveEquations.affinePoint' depends on axioms: [propext, Classical.choice, Quot.sound]
LinearStudy.projective_affine_smooth_points_have_common_formal_coordinates.{u_1} {n : ℕ} {ι : Type u_1} [Fintype ι]
  [Nonempty ι] (V : LinearStudy.IntegralProjectiveEquations n) (hV : V.ideal.toIdeal ≠ ⊥) (x : ι → Fin n → ℂ)
  (hx : ∀ (a : ι), LinearStudy.normalizedProjectivePoint (x a) ∈ V.zeroSet)
  [∀ (a : ι), Algebra.IsSmoothAt ℂ (V.affinePoint (x a) ⋯).asIdeal] :
  ∃ r c,
    ∃ (hc : 0 < c),
      ∃ e M,
        ∃ (hM : M.det ≠ 0),
          ∃ G,
            have C := LinearStudy.polynomialLinearChangeEquiv M hM;
            have y := fun a => M⁻¹.mulVec (x a) ∘ ⇑e;
            have H := fun a i => (MvPolynomial.rename ⇑e.symm) (C (G a i));
            ∃ (hH : ∀ (a : ι) (i : Fin c), (MvPolynomial.eval (y a)) (H a i) = 0) (hJ :
              ∀ (a : ι),
                IsUnit (Matrix.det fun i j => (MvPolynomial.eval (y a)) ((MvPolynomial.pderiv (Sum.inr j)) (H a i)))),
              ∀ (a : ι),
                Ideal.map
                    (((LinearStudy.polynomialSmoothFormalMap (y a) (H a) ⋯ ⋯).comp
                          (MvPolynomial.rename ⇑e.symm).toRingHom).comp
                      C.toRingEquiv.toRingHom)
                    V.affineIdeal =
                  Ideal.span (Set.range MvPowerSeries.X)
'LinearStudy.projective_affine_smooth_points_have_common_formal_coordinates' depends on axioms: [propext,
 Classical.choice,
 Quot.sound]
LinearStudy.IntegralProjectiveEquations.affineAlgHom_point {n : ℕ} (V : LinearStudy.IntegralProjectiveEquations n)
  (ρ : MvPolynomial (Fin n) ℂ ⧸ V.affineIdeal →ₐ[ℂ] ℂ) :
  ∃ x, ∃ (_ : LinearStudy.normalizedProjectivePoint x ∈ V.zeroSet), V.affinePointIdeal x = RingHom.ker ρ.toRingHom
'LinearStudy.IntegralProjectiveEquations.affineAlgHom_point' depends on axioms: [propext, Classical.choice, Quot.sound]
LinearStudy.IntegralProjectiveEquations.exists_smooth_affine_point {n : ℕ}
  (V : LinearStudy.IntegralProjectiveEquations n) (x0 : Fin n → ℂ)
  (hx0 : LinearStudy.normalizedProjectivePoint x0 ∈ V.zeroSet) :
  ∃ x, ∃ (hx : LinearStudy.normalizedProjectivePoint x ∈ V.zeroSet), Algebra.IsSmoothAt ℂ (V.affinePoint x hx).asIdeal
'LinearStudy.IntegralProjectiveEquations.exists_smooth_affine_point' depends on axioms: [propext,
 Classical.choice,
 Quot.sound]
LinearStudy.normalizedCoordinateVector_ne_zero {n : ℕ} (x : Fin n → ℂ) : (fun i => Fin.cases 1 x i) ≠ 0
'LinearStudy.normalizedCoordinateVector_ne_zero' depends on axioms: [propext, Classical.choice, Quot.sound]
LinearStudy.normalizedProjectivePoint {n : ℕ} (x : Fin n → ℂ) : LinearStudy.ProjectivePoint n
'LinearStudy.normalizedProjectivePoint' depends on axioms: [propext, Classical.choice, Quot.sound]
LinearStudy.IntegralProjectiveEquations.affineIdeal {n : ℕ} (V : LinearStudy.IntegralProjectiveEquations n) :
  Ideal (MvPolynomial (Fin n) ℂ)
'LinearStudy.IntegralProjectiveEquations.affineIdeal' depends on axioms: [propext, Classical.choice, Quot.sound]
LinearStudy.IntegralProjectiveEquations.normalizedPoint_mem_iff {n : ℕ} (V : LinearStudy.IntegralProjectiveEquations n)
  (x : Fin n → ℂ) :
  LinearStudy.normalizedProjectivePoint x ∈ V.zeroSet ↔
    (fun i => Fin.cases 1 x i) ∈ MvPolynomial.zeroLocus ℂ V.ideal.toIdeal
'LinearStudy.IntegralProjectiveEquations.normalizedPoint_mem_iff' depends on axioms: [propext,
 Classical.choice,
 Quot.sound]
LinearStudy.IntegralProjectiveEquations.affineIdeal_isPrime_of_point {n : ℕ}
  (V : LinearStudy.IntegralProjectiveEquations n) (x : Fin n → ℂ)
  (hx : LinearStudy.normalizedProjectivePoint x ∈ V.zeroSet) : V.affineIdeal.IsPrime
'LinearStudy.IntegralProjectiveEquations.affineIdeal_isPrime_of_point' depends on axioms: [propext,
 Classical.choice,
 Quot.sound]
LinearStudy.IntegralProjectiveEquations.affineIdeal_le_pointKernel {n : ℕ}
  (V : LinearStudy.IntegralProjectiveEquations n) (x : Fin n → ℂ)
  (hx : LinearStudy.normalizedProjectivePoint x ∈ V.zeroSet) :
  V.affineIdeal ≤ RingHom.ker (MvPolynomial.aeval x).toRingHom
'LinearStudy.IntegralProjectiveEquations.affineIdeal_le_pointKernel' depends on axioms: [propext,
 Classical.choice,
 Quot.sound]
LinearStudy.IntegralProjectiveEquations.affineIdeal_ne_bot {n : ℕ} (V : LinearStudy.IntegralProjectiveEquations n)
  (hV : V.ideal.toIdeal ≠ ⊥) : V.affineIdeal ≠ ⊥
'LinearStudy.IntegralProjectiveEquations.affineIdeal_ne_bot' depends on axioms: [propext, Classical.choice, Quot.sound]
LinearStudy.projective_total_invariance_affine_image_mem {n : ℕ} (f : LinearStudy.HomogeneousEndomorphism n)
  (V : LinearStudy.IntegralProjectiveEquations n) (hV : f.onPoints ⁻¹' V.zeroSet = V.zeroSet) (x : Fin n → ℂ)
  (hx : LinearStudy.normalizedProjectivePoint x ∈ V.zeroSet)
  (hp0 : (MvPolynomial.eval x) (LinearStudy.affineChartPolynomialMap (f.forms 0)) ≠ 0) :
  (LinearStudy.normalizedProjectivePoint fun i =>
      (MvPolynomial.eval x) (LinearStudy.affineChartPolynomialMap (f.forms i.succ)) /
        (MvPolynomial.eval x) (LinearStudy.affineChartPolynomialMap (f.forms 0))) ∈
    V.zeroSet
'LinearStudy.projective_total_invariance_affine_image_mem' depends on axioms: [propext, Classical.choice, Quot.sound]
LinearStudy.affineDehomogenize.{u_1} {K : Type u_1} [Field K] {n : ℕ} (P : MvPolynomial (Fin (n + 1)) K) :
  MvPolynomial (Fin n) K
'LinearStudy.affineDehomogenize' depends on axioms: [propext, Classical.choice, Quot.sound]
LinearStudy.affineDehomogenize_degree.{u_1} {K : Type u_1} [Field K] {n : ℕ} (P : MvPolynomial (Fin (n + 1)) K) :
  (LinearStudy.affineDehomogenize P).totalDegree ≤ P.totalDegree
'LinearStudy.affineDehomogenize_degree' depends on axioms: [propext, Classical.choice, Quot.sound]
LinearStudy.affineDehomogenize_eval.{u_1} {K : Type u_1} [Field K] {n : ℕ} (P : MvPolynomial (Fin (n + 1)) K)
  (z : Fin n → K) :
  (MvPolynomial.eval z) (LinearStudy.affineDehomogenize P) = (MvPolynomial.eval fun i => Fin.cases 1 z i) P
'LinearStudy.affineDehomogenize_eval' depends on axioms: [propext, Classical.choice, Quot.sound]
LinearStudy.homogeneous_affine_chart_top_component.{u_1} {K : Type u_1} [Field K] {n : ℕ}
  (P : MvPolynomial (Fin (n + 1)) K) {q : ℕ} (hP : P.IsHomogeneous q) :
  (MvPolynomial.homogeneousComponent q) (LinearStudy.affineDehomogenize P) = ((MvPolynomial.finSuccEquiv K n) P).coeff 0
'LinearStudy.homogeneous_affine_chart_top_component' depends on axioms: [propext, Classical.choice, Quot.sound]
LinearStudy.homogeneous_affine_chart_top_eval.{u_1} {K : Type u_1} [Field K] {n : ℕ} (P : MvPolynomial (Fin (n + 1)) K)
  {q : ℕ} (hP : P.IsHomogeneous q) (z : Fin n → K) :
  (MvPolynomial.eval z) ((MvPolynomial.homogeneousComponent q) (LinearStudy.affineDehomogenize P)) =
    (MvPolynomial.eval fun i => Fin.cases 0 z i) P
'LinearStudy.homogeneous_affine_chart_top_eval' depends on axioms: [propext, Classical.choice, Quot.sound]
LinearStudy.homogeneous_affine_chart_degree.{u_1} {K : Type u_1} [Field K] {n : ℕ} (P : MvPolynomial (Fin (n + 1)) K)
  {q : ℕ} (hP : P.IsHomogeneous q) (hn : ((MvPolynomial.finSuccEquiv K n) P).coeff 0 ≠ 0) :
  (LinearStudy.affineDehomogenize P).totalDegree = q
'LinearStudy.homogeneous_affine_chart_degree' depends on axioms: [propext, Classical.choice, Quot.sound]
LinearStudy.homogeneous_affine_chart_eval.{u_1} {K : Type u_1} [Field K] {n : ℕ} (P : MvPolynomial (Fin (n + 1)) K)
  {t : ℕ} (hP : P.IsHomogeneous t) (v : Fin (n + 1) → K) (hv : v 0 ≠ 0) :
  (MvPolynomial.eval v) P = v 0 ^ t * (MvPolynomial.eval fun i => v i.succ / v 0) (LinearStudy.affineDehomogenize P)
'LinearStudy.homogeneous_affine_chart_eval' depends on axioms: [propext, Classical.choice, Quot.sound]
LinearStudy.homogeneous_affine_chart_relation.{u_1, u_2} {K : Type u_1} [Field K] {n : ℕ} {ι : Type u_2} [Fintype ι]
  (v : ι → Fin (n + 1) → K) (hv : ∀ (i : ι), v i 0 ≠ 0) (lam : ι → K) (hlam : ∀ (i : ι), lam i ≠ 0) (t : ℕ)
  (hrel :
    ∀ (p : MvPolynomial (Fin n) K),
      p.totalDegree ≤ t → ∑ i, lam i * (MvPolynomial.eval fun j => v i j.succ / v i 0) p = 0) :
  ∃ weights,
    (∀ (i : ι), weights i ≠ 0) ∧
      ∀ (P : MvPolynomial (Fin (n + 1)) K), P.IsHomogeneous t → ∑ i, weights i * (MvPolynomial.eval (v i)) P = 0
'LinearStudy.homogeneous_affine_chart_relation' depends on axioms: [propext, Classical.choice, Quot.sound]
LinearStudy.affine_highest_zeroLocus_of_no_infinity.{u_1, u_2} {K : Type u_1} [Field K] {n : ℕ} {ι : Type u_2}
  (F : ι → MvPolynomial (Fin (n + 1)) K) {q : ℕ} (hq : 0 < q) (hF : ∀ (i : ι), (F i).IsHomogeneous q)
  (hno : ∀ (z : Fin n → K), z ≠ 0 → ∃ i, (MvPolynomial.eval fun i => Fin.cases 0 z i) (F i) ≠ 0) :
  MvPolynomial.zeroLocus K
      (Ideal.span (Set.range fun i => (MvPolynomial.homogeneousComponent q) (LinearStudy.affineDehomogenize (F i)))) =
    {0}
'LinearStudy.affine_highest_zeroLocus_of_no_infinity' depends on axioms: [propext, Classical.choice, Quot.sound]
LinearStudy.affine_actual_highest_zeroLocus_of_no_infinity.{u_1, u_2} {K : Type u_1} [Field K] {n : ℕ} {ι : Type u_2}
  (F : ι → MvPolynomial (Fin (n + 1)) K) {q : ℕ} (hq : 0 < q) (hF : ∀ (i : ι), (F i).IsHomogeneous q)
  (hn : ∀ (i : ι), ((MvPolynomial.finSuccEquiv K n) (F i)).coeff 0 ≠ 0)
  (hno : ∀ (z : Fin n → K), z ≠ 0 → ∃ i, (MvPolynomial.eval fun i => Fin.cases 0 z i) (F i) ≠ 0) :
  MvPolynomial.zeroLocus K
      (Ideal.span
        (Set.range fun i =>
          (MvPolynomial.homogeneousComponent (LinearStudy.affineDehomogenize (F i)).totalDegree)
            (LinearStudy.affineDehomogenize (F i)))) =
    {0}
'LinearStudy.affine_actual_highest_zeroLocus_of_no_infinity' depends on axioms: [propext, Classical.choice, Quot.sound]
LinearStudy.firstCoordinateVector_ne_zero (n : ℕ) : (fun i => Fin.cases 1 0 i) ≠ 0
'LinearStudy.firstCoordinateVector_ne_zero' depends on axioms: [propext, Classical.choice, Quot.sound]
LinearStudy.standardProjectivePoint (n : ℕ) : LinearStudy.ProjectivePoint n
'LinearStudy.standardProjectivePoint' depends on axioms: [propext, Classical.choice, Quot.sound]
LinearStudy.projectiveFiber_no_infinity {n : ℕ} (f : LinearStudy.HomogeneousEndomorphism n)
  (havoid :
    ∀ (v : LinearStudy.CoordinateVector n) (hv : v ≠ 0),
      v 0 = 0 → f.onPoints (Projectivization.mk ℂ v hv) ≠ LinearStudy.standardProjectivePoint n)
  (z : Fin n → ℂ) : z ≠ 0 → ∃ i, (MvPolynomial.eval fun i => Fin.cases 0 z i) (f.forms i.succ) ≠ 0
'LinearStudy.projectiveFiber_no_infinity' depends on axioms: [propext, Classical.choice, Quot.sound]
LinearStudy.projectiveFiber_actual_highest_zeroLocus {n : ℕ} (f : LinearStudy.HomogeneousEndomorphism n)
  (hq : 0 < f.degree) (hn : ∀ (i : Fin n), ((MvPolynomial.finSuccEquiv ℂ n) (f.forms i.succ)).coeff 0 ≠ 0)
  (havoid :
    ∀ (v : LinearStudy.CoordinateVector n) (hv : v ≠ 0),
      v 0 = 0 → f.onPoints (Projectivization.mk ℂ v hv) ≠ LinearStudy.standardProjectivePoint n) :
  MvPolynomial.zeroLocus ℂ
      (Ideal.span
        (Set.range fun i =>
          (MvPolynomial.homogeneousComponent (LinearStudy.affineDehomogenize (f.forms i.succ)).totalDegree)
            (LinearStudy.affineDehomogenize (f.forms i.succ)))) =
    {0}
'LinearStudy.projectiveFiber_actual_highest_zeroLocus' depends on axioms: [propext, Classical.choice, Quot.sound]
LinearStudy.affineChartPolynomialMap_homogeneous_mem_iff.{u_1} {n : ℕ} {K : Type u_1} [Field K]
  (I : Ideal (MvPolynomial (Fin (n + 1)) K)) [I.IsPrime]
  (hI : Ideal.IsHomogeneous (MvPolynomial.homogeneousSubmodule (Fin (n + 1)) K) I) (hX : MvPolynomial.X 0 ∉ I)
  (H : MvPolynomial (Fin (n + 1)) K) {m : ℕ} (hH : H.IsHomogeneous m) :
  LinearStudy.affineChartPolynomialMap H ∈ Ideal.map LinearStudy.affineChartPolynomialMap.toRingHom I ↔ H ∈ I
'LinearStudy.affineChartPolynomialMap_homogeneous_mem_iff' depends on axioms: [propext, Classical.choice, Quot.sound]
LinearStudy.projective_surjective_invariant_first_form_not_mem {n : ℕ} (f : LinearStudy.HomogeneousEndomorphism n)
  (V : LinearStudy.IntegralProjectiveEquations n) (hf : Function.Surjective f.onPoints)
  (hV : f.onPoints ⁻¹' V.zeroSet = V.zeroSet) (x0 : Fin n → ℂ)
  (hx0 : LinearStudy.normalizedProjectivePoint x0 ∈ V.zeroSet) : f.forms 0 ∉ V.ideal.toIdeal
'LinearStudy.projective_surjective_invariant_first_form_not_mem' depends on axioms: [propext,
 Classical.choice,
 Quot.sound]
LinearStudy.projective_surjective_invariant_affine_denominator_not_mem {n : ℕ}
  (f : LinearStudy.HomogeneousEndomorphism n) (V : LinearStudy.IntegralProjectiveEquations n)
  (hf : Function.Surjective f.onPoints) (hV : f.onPoints ⁻¹' V.zeroSet = V.zeroSet) (x0 : Fin n → ℂ)
  (hx0 : LinearStudy.normalizedProjectivePoint x0 ∈ V.zeroSet) :
  LinearStudy.affineChartPolynomialMap (f.forms 0) ∉ V.affineIdeal
'LinearStudy.projective_surjective_invariant_affine_denominator_not_mem' depends on axioms: [propext,
 Classical.choice,
 Quot.sound]
LinearStudy.projective_surjective_invariant_exists_smooth_common_chart {n : ℕ}
  (f : LinearStudy.HomogeneousEndomorphism n) (V : LinearStudy.IntegralProjectiveEquations n)
  (hf : Function.Surjective f.onPoints) (hV : f.onPoints ⁻¹' V.zeroSet = V.zeroSet) (x0 : Fin n → ℂ)
  (hx0 : LinearStudy.normalizedProjectivePoint x0 ∈ V.zeroSet) :
  ∃ x,
    ∃ (hx : LinearStudy.normalizedProjectivePoint x ∈ V.zeroSet),
      (MvPolynomial.eval x) (LinearStudy.affineChartPolynomialMap (f.forms 0)) ≠ 0 ∧
        Algebra.IsSmoothAt ℂ (V.affinePoint x hx).asIdeal
'LinearStudy.projective_surjective_invariant_exists_smooth_common_chart' depends on axioms: [propext,
 Classical.choice,
 Quot.sound]
LinearStudy.HomogeneousEndomorphism.evalVector_surjective {n : ℕ} (f : LinearStudy.HomogeneousEndomorphism n)
  (hq : 0 < f.degree) (hf : Function.Surjective f.onPoints) : Function.Surjective f.evalVector
'LinearStudy.HomogeneousEndomorphism.evalVector_surjective' depends on axioms: [propext, Classical.choice, Quot.sound]
LinearStudy.projective_surjective_invariant_cone_image {n : ℕ} (f : LinearStudy.HomogeneousEndomorphism n)
  (V : LinearStudy.IntegralProjectiveEquations n) (hq : 0 < f.degree) (hf : Function.Surjective f.onPoints)
  (hV : f.onPoints ⁻¹' V.zeroSet = V.zeroSet) :
  f.evalVector '' MvPolynomial.zeroLocus ℂ V.ideal.toIdeal = MvPolynomial.zeroLocus ℂ V.ideal.toIdeal
'LinearStudy.projective_surjective_invariant_cone_image' depends on axioms: [propext, Classical.choice, Quot.sound]
LinearStudy.projective_surjective_invariant_pullback_comap {n : ℕ} (f : LinearStudy.HomogeneousEndomorphism n)
  (V : LinearStudy.IntegralProjectiveEquations n) (hq : 0 < f.degree) (hf : Function.Surjective f.onPoints)
  (hV : f.onPoints ⁻¹' V.zeroSet = V.zeroSet) :
  Ideal.comap (MvPolynomial.aeval f.forms).toRingHom V.ideal.toIdeal = V.ideal.toIdeal
'LinearStudy.projective_surjective_invariant_pullback_comap' depends on axioms: [propext, Classical.choice, Quot.sound]
LinearStudy.projectiveCoordinateDomainMap {n : ℕ} (f : LinearStudy.HomogeneousEndomorphism n)
  (V : LinearStudy.IntegralProjectiveEquations n) (hq : 0 < f.degree) (hf : Function.Surjective f.onPoints)
  (hV : f.onPoints ⁻¹' V.zeroSet = V.zeroSet) :
  LinearStudy.CoordinateRing n ⧸ V.ideal.toIdeal →ₐ[ℂ] LinearStudy.CoordinateRing n ⧸ V.ideal.toIdeal
'LinearStudy.projectiveCoordinateDomainMap' depends on axioms: [propext, Classical.choice, Quot.sound]
LinearStudy.projectiveCoordinateDomainMap_mk {n : ℕ} (f : LinearStudy.HomogeneousEndomorphism n)
  (V : LinearStudy.IntegralProjectiveEquations n) (hq : 0 < f.degree) (hf : Function.Surjective f.onPoints)
  (hV : f.onPoints ⁻¹' V.zeroSet = V.zeroSet) (H : LinearStudy.CoordinateRing n) :
  (LinearStudy.projectiveCoordinateDomainMap f V hq hf hV) ((Ideal.Quotient.mk V.ideal.toIdeal) H) =
    (Ideal.Quotient.mk V.ideal.toIdeal) ((MvPolynomial.aeval f.forms) H)
'LinearStudy.projectiveCoordinateDomainMap_mk' depends on axioms: [propext, Classical.choice, Quot.sound]
LinearStudy.projectiveCoordinateDomainMap_injective {n : ℕ} (f : LinearStudy.HomogeneousEndomorphism n)
  (V : LinearStudy.IntegralProjectiveEquations n) (hq : 0 < f.degree) (hf : Function.Surjective f.onPoints)
  (hV : f.onPoints ⁻¹' V.zeroSet = V.zeroSet) :
  Function.Injective ⇑(LinearStudy.projectiveCoordinateDomainMap f V hq hf hV)
'LinearStudy.projectiveCoordinateDomainMap_injective' depends on axioms: [propext, Classical.choice, Quot.sound]
LinearStudy.projectiveCoordinateFractionMap {n : ℕ} (f : LinearStudy.HomogeneousEndomorphism n)
  (V : LinearStudy.IntegralProjectiveEquations n) (hq : 0 < f.degree) (hf : Function.Surjective f.onPoints)
  (hV : f.onPoints ⁻¹' V.zeroSet = V.zeroSet) :
  FractionRing (LinearStudy.CoordinateRing n ⧸ V.ideal.toIdeal) →ₐ[ℂ]
    FractionRing (LinearStudy.CoordinateRing n ⧸ V.ideal.toIdeal)
'LinearStudy.projectiveCoordinateFractionMap' depends on axioms: [propext, Classical.choice, Quot.sound]
LinearStudy.projectiveCoordinateFractionMap_algebraMap {n : ℕ} (f : LinearStudy.HomogeneousEndomorphism n)
  (V : LinearStudy.IntegralProjectiveEquations n) (hq : 0 < f.degree) (hf : Function.Surjective f.onPoints)
  (hV : f.onPoints ⁻¹' V.zeroSet = V.zeroSet) (a : LinearStudy.CoordinateRing n ⧸ V.ideal.toIdeal) :
  (LinearStudy.projectiveCoordinateFractionMap f V hq hf hV)
      ((algebraMap (LinearStudy.CoordinateRing n ⧸ V.ideal.toIdeal)
          (FractionRing (LinearStudy.CoordinateRing n ⧸ V.ideal.toIdeal)))
        a) =
    (algebraMap (LinearStudy.CoordinateRing n ⧸ V.ideal.toIdeal)
        (FractionRing (LinearStudy.CoordinateRing n ⧸ V.ideal.toIdeal)))
      ((LinearStudy.projectiveCoordinateDomainMap f V hq hf hV) a)
'LinearStudy.projectiveCoordinateFractionMap_algebraMap' depends on axioms: [propext, Classical.choice, Quot.sound]
LinearStudy.projectiveCoordinateFractionMap_range_finite {n : ℕ} (f : LinearStudy.HomogeneousEndomorphism n)
  (V : LinearStudy.IntegralProjectiveEquations n) (hq : 0 < f.degree) (hf : Function.Surjective f.onPoints)
  (hV : f.onPoints ⁻¹' V.zeroSet = V.zeroSet) :
  Module.Finite (↥(LinearStudy.projectiveCoordinateFractionMap f V hq hf hV).fieldRange)
    (FractionRing (LinearStudy.CoordinateRing n ⧸ V.ideal.toIdeal))
'LinearStudy.projectiveCoordinateFractionMap_range_finite' depends on axioms: [propext, Classical.choice, Quot.sound]
LinearStudy.projectiveCoordinateFractionMap_range_formallyUnramified {n : ℕ} (f : LinearStudy.HomogeneousEndomorphism n)
  (V : LinearStudy.IntegralProjectiveEquations n) (hq : 0 < f.degree) (hf : Function.Surjective f.onPoints)
  (hV : f.onPoints ⁻¹' V.zeroSet = V.zeroSet) :
  Algebra.FormallyUnramified (↥(LinearStudy.projectiveCoordinateFractionMap f V hq hf hV).fieldRange)
    (FractionRing (LinearStudy.CoordinateRing n ⧸ V.ideal.toIdeal))
'LinearStudy.projectiveCoordinateFractionMap_range_formallyUnramified' depends on axioms: [propext,
 Classical.choice,
 Quot.sound]
LinearStudy.projectiveCoordinateFractionMap_finite {n : ℕ} (f : LinearStudy.HomogeneousEndomorphism n)
  (V : LinearStudy.IntegralProjectiveEquations n) (hq : 0 < f.degree) (hf : Function.Surjective f.onPoints)
  (hV : f.onPoints ⁻¹' V.zeroSet = V.zeroSet) : (LinearStudy.projectiveCoordinateFractionMap f V hq hf hV).Finite
'LinearStudy.projectiveCoordinateFractionMap_finite' depends on axioms: [propext, Classical.choice, Quot.sound]
LinearStudy.projectiveCoordinateFractionMap_formallyUnramified {n : ℕ} (f : LinearStudy.HomogeneousEndomorphism n)
  (V : LinearStudy.IntegralProjectiveEquations n) (hq : 0 < f.degree) (hf : Function.Surjective f.onPoints)
  (hV : f.onPoints ⁻¹' V.zeroSet = V.zeroSet) :
  (LinearStudy.projectiveCoordinateFractionMap f V hq hf hV).FormallyUnramified
'LinearStudy.projectiveCoordinateFractionMap_formallyUnramified' depends on axioms: [propext,
 Classical.choice,
 Quot.sound]
LinearStudy.polynomial_relabel_pullback.{u_1, u_2, u_3} {K : Type u_1} {σ : Type u_2} {τ : Type u_3} [CommSemiring K]
  (e : σ ≃ τ) (F : σ → MvPolynomial σ K) :
  (↑(MvPolynomial.renameEquiv K e)).comp (MvPolynomial.aeval F) =
    (MvPolynomial.aeval fun j => (MvPolynomial.renameEquiv K e) (F (e.symm j))).comp ↑(MvPolynomial.renameEquiv K e)
'LinearStudy.polynomial_relabel_pullback' depends on axioms: [propext, Classical.choice, Quot.sound]
LinearStudy.projective_total_invariance_relabel_radical.{u_1} {n : ℕ} {σ : Type u_1}
  (f : LinearStudy.HomogeneousEndomorphism n) (V : LinearStudy.IntegralProjectiveEquations n) (hf : f.degree ≠ 0)
  (hV : f.onPoints ⁻¹' V.zeroSet = V.zeroSet) (e : Fin (n + 1) ≃ σ) :
  have E := MvPolynomial.renameEquiv ℂ e;
  have I := Ideal.map E.toRingEquiv.toRingHom V.ideal.toIdeal;
  have F := fun j => E (f.forms (e.symm j));
  (Ideal.map (MvPolynomial.aeval F).toRingHom I).radical = I
'LinearStudy.projective_total_invariance_relabel_radical' depends on axioms: [propext, Classical.choice, Quot.sound]
LinearStudy.polynomial_pullback_zeroLocus.{u_1, u_2} {K : Type u_1} {σ : Type u_2} [Field K] (P : σ → MvPolynomial σ K)
  (I : Ideal (MvPolynomial σ K)) :
  MvPolynomial.zeroLocus K (Ideal.map (MvPolynomial.aeval P).toRingHom I) =
    (fun v i => (MvPolynomial.eval v) (P i)) ⁻¹' MvPolynomial.zeroLocus K I
'LinearStudy.polynomial_pullback_zeroLocus' depends on axioms: [propext, Classical.choice, Quot.sound]
LinearStudy.IntegralProjectiveEquations.origin_vanishes {n : ℕ} (V : LinearStudy.IntegralProjectiveEquations n) :
  0 ∈ MvPolynomial.zeroLocus ℂ V.ideal.toIdeal
'LinearStudy.IntegralProjectiveEquations.origin_vanishes' depends on axioms: [propext, Classical.choice, Quot.sound]
LinearStudy.HomogeneousEndomorphism.evalVector_zero {n : ℕ} (f : LinearStudy.HomogeneousEndomorphism n)
  (hf : f.degree ≠ 0) : f.evalVector 0 = 0
'LinearStudy.HomogeneousEndomorphism.evalVector_zero' depends on axioms: [propext, Classical.choice, Quot.sound]
LinearStudy.projective_total_invariance_cone {n : ℕ} (f : LinearStudy.HomogeneousEndomorphism n)
  (V : LinearStudy.IntegralProjectiveEquations n) (hf : f.degree ≠ 0) (hV : f.onPoints ⁻¹' V.zeroSet = V.zeroSet) :
  f.evalVector ⁻¹' MvPolynomial.zeroLocus ℂ V.ideal.toIdeal = MvPolynomial.zeroLocus ℂ V.ideal.toIdeal
'LinearStudy.projective_total_invariance_cone' depends on axioms: [propext, Classical.choice, Quot.sound]
LinearStudy.projective_total_invariance_pullback_radical {n : ℕ} (f : LinearStudy.HomogeneousEndomorphism n)
  (V : LinearStudy.IntegralProjectiveEquations n) (hf : f.degree ≠ 0) (hV : f.onPoints ⁻¹' V.zeroSet = V.zeroSet) :
  (Ideal.map (MvPolynomial.aeval f.forms).toRingHom V.ideal.toIdeal).radical = V.ideal.toIdeal
'LinearStudy.projective_total_invariance_pullback_radical' depends on axioms: [propext, Classical.choice, Quot.sound]
LinearStudy.projective_total_invariance_ideal_power_sandwich {n : ℕ} (f : LinearStudy.HomogeneousEndomorphism n)
  (V : LinearStudy.IntegralProjectiveEquations n) (hf : f.degree ≠ 0) (hV : f.onPoints ⁻¹' V.zeroSet = V.zeroSet) :
  ∃ e,
    0 < e ∧
      V.ideal.toIdeal ^ e ≤ Ideal.map (MvPolynomial.aeval f.forms).toRingHom V.ideal.toIdeal ∧
        Ideal.map (MvPolynomial.aeval f.forms).toRingHom V.ideal.toIdeal ≤ V.ideal.toIdeal
'LinearStudy.projective_total_invariance_ideal_power_sandwich' depends on axioms: [propext,
 Classical.choice,
 Quot.sound]
LinearStudy.projective_total_invariance_formal_sandwich.{u_1} {n : ℕ} (f : LinearStudy.HomogeneousEndomorphism n)
  (V : LinearStudy.IntegralProjectiveEquations n) (hf : f.degree ≠ 0) (hV : f.onPoints ⁻¹' V.zeroSet = V.zeroSet)
  {S : Type u_1} [CommRing S] (ψ : LinearStudy.CoordinateRing n →+* S) :
  ∃ e,
    0 < e ∧
      Ideal.map ψ V.ideal.toIdeal ^ e ≤ Ideal.map ψ (Ideal.map (MvPolynomial.aeval f.forms).toRingHom V.ideal.toIdeal) ∧
        Ideal.map ψ (Ideal.map (MvPolynomial.aeval f.forms).toRingHom V.ideal.toIdeal) ≤ Ideal.map ψ V.ideal.toIdeal
'LinearStudy.projective_total_invariance_formal_sandwich' depends on axioms: [propext, Classical.choice, Quot.sound]
LinearStudy.rationalPolynomialChartMap.{u_1, u_2} {K : Type u_1} {σ : Type u_2} [Field K] (p0 : MvPolynomial σ K)
  (p : σ → MvPolynomial σ K) : MvPolynomial σ K →ₐ[K] Localization.Away p0
'LinearStudy.rationalPolynomialChartMap' depends on axioms: [propext, Classical.choice, Quot.sound]
LinearStudy.polynomialAwayPointEvaluation.{u_1, u_2} {K : Type u_1} {σ : Type u_2} [Field K] (x : σ → K)
  (p0 : MvPolynomial σ K) (hp0 : (MvPolynomial.eval x) p0 ≠ 0) : Localization.Away p0 →ₐ[K] K
'LinearStudy.polynomialAwayPointEvaluation' depends on axioms: [propext, Classical.choice, Quot.sound]
LinearStudy.polynomialAwayPointEvaluation_algebraMap.{u_1, u_2} {K : Type u_1} {σ : Type u_2} [Field K] (x : σ → K)
  (p0 : MvPolynomial σ K) (hp0 : (MvPolynomial.eval x) p0 ≠ 0) (a : MvPolynomial σ K) :
  (LinearStudy.polynomialAwayPointEvaluation x p0 hp0) ((algebraMap (MvPolynomial σ K) (Localization.Away p0)) a) =
    (MvPolynomial.eval x) a
'LinearStudy.polynomialAwayPointEvaluation_algebraMap' depends on axioms: [propext, Classical.choice, Quot.sound]
LinearStudy.polynomialAwayPointEvaluation_invSelf.{u_1, u_2} {K : Type u_1} {σ : Type u_2} [Field K] (x : σ → K)
  (p0 : MvPolynomial σ K) (hp0 : (MvPolynomial.eval x) p0 ≠ 0) :
  (LinearStudy.polynomialAwayPointEvaluation x p0 hp0) (IsLocalization.Away.invSelf p0) = ((MvPolynomial.eval x) p0)⁻¹
'LinearStudy.polynomialAwayPointEvaluation_invSelf' depends on axioms: [propext, Classical.choice, Quot.sound]
LinearStudy.rationalPolynomialChartMap_point_evaluation.{u_1, u_2} {K : Type u_1} {σ : Type u_2} [Field K] (x : σ → K)
  (p0 : MvPolynomial σ K) (hp0 : (MvPolynomial.eval x) p0 ≠ 0) (p : σ → MvPolynomial σ K) :
  (LinearStudy.polynomialAwayPointEvaluation x p0 hp0).comp (LinearStudy.rationalPolynomialChartMap p0 p) =
    MvPolynomial.aeval fun i => (MvPolynomial.eval x) (p i) / (MvPolynomial.eval x) p0
'LinearStudy.rationalPolynomialChartMap_point_evaluation' depends on axioms: [propext, Classical.choice, Quot.sound]
LinearStudy.rationalPolynomialChartMap_point_kernel.{u_1, u_2} {K : Type u_1} {σ : Type u_2} [Field K] (x : σ → K)
  (p0 : MvPolynomial σ K) (hp0 : (MvPolynomial.eval x) p0 ≠ 0) (p : σ → MvPolynomial σ K) :
  RingHom.ker (MvPolynomial.aeval fun i => (MvPolynomial.eval x) (p i) / (MvPolynomial.eval x) p0).toRingHom =
    Ideal.comap (LinearStudy.rationalPolynomialChartMap p0 p).toRingHom
      (RingHom.ker (LinearStudy.polynomialAwayPointEvaluation x p0 hp0).toRingHom)
'LinearStudy.rationalPolynomialChartMap_point_kernel' depends on axioms: [propext, Classical.choice, Quot.sound]
LinearStudy.projective_total_invariance_actual_formal_ratio_radical {n : ℕ} (f : LinearStudy.HomogeneousEndomorphism n)
  (V : LinearStudy.IntegralProjectiveEquations n) (hf : f.degree ≠ 0) (hV : f.onPoints ⁻¹' V.zeroSet = V.zeroSet)
  (x : Fin n → ℂ) (hp0 : (MvPolynomial.eval x) (LinearStudy.affineChartPolynomialMap (f.forms 0)) ≠ 0) :
  let D := LinearStudy.affineChartPolynomialMap;
  let p0 := D (f.forms 0);
  have p := fun i => D (f.forms i.succ);
  have I := Ideal.map D.toRingHom V.ideal.toIdeal;
  (Ideal.map (LinearStudy.polynomialAwayFormalMap x p0 hp0).toRingHom
        (Ideal.map (LinearStudy.rationalPolynomialChartMap p0 p).toRingHom I)).radical =
    (Ideal.map (LinearStudy.formalPolynomialAtPoint x) I).radical
'LinearStudy.projective_total_invariance_actual_formal_ratio_radical' depends on axioms: [propext,
 Classical.choice,
 Quot.sound]
LinearStudy.projective_target_equations_actual_formal_radical.{u_1} {n : ℕ} (f : LinearStudy.HomogeneousEndomorphism n)
  (V : LinearStudy.IntegralProjectiveEquations n) (hf : f.degree ≠ 0) (hV : f.onPoints ⁻¹' V.zeroSet = V.zeroSet)
  (x : Fin n → ℂ) (hp0 : (MvPolynomial.eval x) (LinearStudy.affineChartPolynomialMap (f.forms 0)) ≠ 0)
  (Q : Ideal (MvPolynomial (Fin n) ℂ)) [Q.IsPrime]
  (hQ :
    Q =
      RingHom.ker
        (MvPolynomial.aeval fun i =>
            (MvPolynomial.eval x) (LinearStudy.affineChartPolynomialMap (f.forms i.succ)) /
              (MvPolynomial.eval x) (LinearStudy.affineChartPolynomialMap (f.forms 0))).toRingHom)
  {ι : Type u_1} (H : ι → MvPolynomial (Fin n) ℂ)
  (hlocal :
    Ideal.map (algebraMap (MvPolynomial (Fin n) ℂ) (Localization.AtPrime Q))
        (Ideal.map LinearStudy.affineChartPolynomialMap.toRingHom V.ideal.toIdeal) =
      Ideal.span (Set.range fun i => (algebraMap (MvPolynomial (Fin n) ℂ) (Localization.AtPrime Q)) (H i))) :
  let D := LinearStudy.affineChartPolynomialMap;
  let p0 := D (f.forms 0);
  have p := fun i => D (f.forms i.succ);
  have I := Ideal.map D.toRingHom V.ideal.toIdeal;
  (Ideal.span
        (Set.range fun i =>
          (LinearStudy.polynomialAwayFormalMap x p0 hp0)
            ((LinearStudy.rationalPolynomialChartMap p0 p) (H i)))).radical =
    (Ideal.map (LinearStudy.formalPolynomialAtPoint x) I).radical
'LinearStudy.projective_target_equations_actual_formal_radical' depends on axioms: [propext,
 Classical.choice,
 Quot.sound]
LinearStudy.projective_total_invariance_rational_chart_sandwich {n : ℕ} (f : LinearStudy.HomogeneousEndomorphism n)
  (V : LinearStudy.IntegralProjectiveEquations n) (hf : f.degree ≠ 0) (hV : f.onPoints ⁻¹' V.zeroSet = V.zeroSet) :
  let D := LinearStudy.affineChartPolynomialMap;
  let p0 := D (f.forms 0);
  have p := fun i => D (f.forms i.succ);
  have I := Ideal.map D.toRingHom V.ideal.toIdeal;
  have A := algebraMap (MvPolynomial (Fin n) ℂ) (Localization.Away p0);
  ∃ e,
    0 < e ∧
      Ideal.map A I ^ e ≤ Ideal.map (LinearStudy.rationalPolynomialChartMap p0 p).toRingHom I ∧
        Ideal.map (LinearStudy.rationalPolynomialChartMap p0 p).toRingHom I ≤ Ideal.map A I
'LinearStudy.projective_total_invariance_rational_chart_sandwich' depends on axioms: [propext,
 Classical.choice,
 Quot.sound]
LinearStudy.projective_total_invariance_rational_chart_radical.{u_1} {n : ℕ} (f : LinearStudy.HomogeneousEndomorphism n)
  (V : LinearStudy.IntegralProjectiveEquations n) (hf : f.degree ≠ 0) (hV : f.onPoints ⁻¹' V.zeroSet = V.zeroSet)
  {S : Type u_1} [CommRing S] (χ : Localization.Away (LinearStudy.affineChartPolynomialMap (f.forms 0)) →+* S) :
  let D := LinearStudy.affineChartPolynomialMap;
  let p0 := D (f.forms 0);
  have p := fun i => D (f.forms i.succ);
  have I := Ideal.map D.toRingHom V.ideal.toIdeal;
  (Ideal.map χ (Ideal.map (LinearStudy.rationalPolynomialChartMap p0 p).toRingHom I)).radical =
    (Ideal.map χ (Ideal.map (algebraMap (MvPolynomial (Fin n) ℂ) (Localization.Away p0)) I)).radical
'LinearStudy.projective_total_invariance_rational_chart_radical' depends on axioms: [propext,
 Classical.choice,
 Quot.sound]
LinearStudy.projective_smooth_local_pullback_structure {n r c : ℕ} [Nonempty (Fin c)]
  (f : LinearStudy.HomogeneousEndomorphism n) (V : LinearStudy.IntegralProjectiveEquations n) (hf : 1 < f.degree)
  (hV : f.onPoints ⁻¹' V.zeroSet = V.zeroSet) (e : Fin (n + 1) ≃ Fin r ⊕ Fin c) (hr : 0 < r) (hc : 0 < c)
  (P Q : Ideal (MvPolynomial (Fin r ⊕ Fin c) ℂ)) [P.IsPrime] [Q.IsPrime] (x : Fin r ⊕ Fin c → ℂ)
  (hP : P = RingHom.ker (MvPolynomial.aeval x).toRingHom) (G H : Fin c → MvPolynomial (Fin r ⊕ Fin c) ℂ)
  (hG : ∀ (i : Fin c), (MvPolynomial.eval x) (G i) = 0)
  (hJ : IsUnit (Matrix.det fun i j => (MvPolynomial.eval x) ((MvPolynomial.pderiv (Sum.inr j)) (G i))))
  (hQ :
    Q =
      RingHom.ker
        (MvPolynomial.aeval fun i =>
            (MvPolynomial.eval x) ((MvPolynomial.renameEquiv ℂ e) (f.forms (e.symm i)))).toRingHom)
  (hsource :
    Ideal.map (algebraMap (MvPolynomial (Fin r ⊕ Fin c) ℂ) (Localization.AtPrime P))
        (Ideal.map (MvPolynomial.renameEquiv ℂ e).toRingEquiv.toRingHom V.ideal.toIdeal) =
      Ideal.span (Set.range fun i => (algebraMap (MvPolynomial (Fin r ⊕ Fin c) ℂ) (Localization.AtPrime P)) (G i)))
  (htarget :
    Ideal.map (algebraMap (MvPolynomial (Fin r ⊕ Fin c) ℂ) (Localization.AtPrime Q))
        (Ideal.map (MvPolynomial.renameEquiv ℂ e).toRingEquiv.toRingHom V.ideal.toIdeal) =
      Ideal.span (Set.range fun i => (algebraMap (MvPolynomial (Fin r ⊕ Fin c) ℂ) (Localization.AtPrime Q)) (H i))) :
  have F := fun i => (MvPolynomial.renameEquiv ℂ e) (f.forms (e.symm i));
  have L := LinearStudy.smoothPullbackEquations x G hG hJ F H;
  RingTheory.Sequence.IsRegular (LinearStudy.AmbientRing r c) (List.ofFn L) ∧
    Module.Finite (LinearStudy.ParameterRing r) (LinearStudy.CompleteIntersection L) ∧
      Module.Free (LinearStudy.ParameterRing r) (LinearStudy.CompleteIntersection L)
'LinearStudy.projective_smooth_local_pullback_structure' depends on axioms: [propext, Classical.choice, Quot.sound]
LinearStudy.projective_smooth_local_parameter_jacobian_socle {n r c : ℕ} [Nonempty (Fin c)]
  (f : LinearStudy.HomogeneousEndomorphism n) (V : LinearStudy.IntegralProjectiveEquations n) (hf : 1 < f.degree)
  (hV : f.onPoints ⁻¹' V.zeroSet = V.zeroSet) (e : Fin (n + 1) ≃ Fin r ⊕ Fin c) (hr : 0 < r) (hc : 0 < c)
  (P Q : Ideal (MvPolynomial (Fin r ⊕ Fin c) ℂ)) [P.IsPrime] [Q.IsPrime] (x : Fin r ⊕ Fin c → ℂ)
  (hP : P = RingHom.ker (MvPolynomial.aeval x).toRingHom) (G H : Fin c → MvPolynomial (Fin r ⊕ Fin c) ℂ)
  (hG : ∀ (i : Fin c), (MvPolynomial.eval x) (G i) = 0)
  (hJ : IsUnit (Matrix.det fun i j => (MvPolynomial.eval x) ((MvPolynomial.pderiv (Sum.inr j)) (G i))))
  (hQ :
    Q =
      RingHom.ker
        (MvPolynomial.aeval fun i =>
            (MvPolynomial.eval x) ((MvPolynomial.renameEquiv ℂ e) (f.forms (e.symm i)))).toRingHom)
  (hsource :
    Ideal.map (algebraMap (MvPolynomial (Fin r ⊕ Fin c) ℂ) (Localization.AtPrime P))
        (Ideal.map (MvPolynomial.renameEquiv ℂ e).toRingEquiv.toRingHom V.ideal.toIdeal) =
      Ideal.span (Set.range fun i => (algebraMap (MvPolynomial (Fin r ⊕ Fin c) ℂ) (Localization.AtPrime P)) (G i)))
  (htarget :
    Ideal.map (algebraMap (MvPolynomial (Fin r ⊕ Fin c) ℂ) (Localization.AtPrime Q))
        (Ideal.map (MvPolynomial.renameEquiv ℂ e).toRingEquiv.toRingHom V.ideal.toIdeal) =
      Ideal.span (Set.range fun i => (algebraMap (MvPolynomial (Fin r ⊕ Fin c) ℂ) (Localization.AtPrime Q)) (H i)))
  (τ : Fin r → LinearStudy.AmbientRing r c)
  (hτ :
    Ideal.span (Set.range fun i => MvPowerSeries.constantCoeff (τ i)) =
      IsLocalRing.maximalIdeal (LinearStudy.ParameterRing r)) :
  have F := fun i => (MvPolynomial.renameEquiv ℂ e) (f.forms (e.symm i));
  have L := LinearStudy.smoothPullbackEquations x G hG hJ F H;
  have J := Ideal.span (Set.range fun i => (Ideal.Quotient.mk (LinearStudy.equationIdeal L)) (τ i));
  let A := LinearStudy.CompleteIntersection L ⧸ J;
  have m := Ideal.map (Ideal.Quotient.mk J) (nilradical (LinearStudy.CompleteIntersection L));
  IsArtinianRing A ∧
    m.IsMaximal ∧
      Submodule.annihilator m = Ideal.span {(Ideal.Quotient.mk J) (LinearStudy.relativeJacobian L)} ∧
        (Ideal.Quotient.mk J) (LinearStudy.relativeJacobian L) ≠ 0
'LinearStudy.projective_smooth_local_parameter_jacobian_socle' depends on axioms: [propext,
 Classical.choice,
 Quot.sound]
LinearStudy.IntegralProjectiveEquations.exists_smooth_affine_point_avoiding {n : ℕ}
  (V : LinearStudy.IntegralProjectiveEquations n) (x0 : Fin n → ℂ)
  (hx0 : LinearStudy.normalizedProjectivePoint x0 ∈ V.zeroSet) (H : MvPolynomial (Fin n) ℂ) (hH : H ∉ V.affineIdeal) :
  ∃ x,
    ∃ (hx : LinearStudy.normalizedProjectivePoint x ∈ V.zeroSet),
      (MvPolynomial.eval x) H ≠ 0 ∧ Algebra.IsSmoothAt ℂ (V.affinePoint x hx).asIdeal
'LinearStudy.IntegralProjectiveEquations.exists_smooth_affine_point_avoiding' depends on axioms: [propext,
 Classical.choice,
 Quot.sound]
LinearStudy.formalPolynomialAtPointAlg.{u_1, u_2} {K : Type u_1} {σ : Type u_2} [Field K] (x : σ → K) :
  MvPolynomial σ K →ₐ[K] MvPowerSeries σ K
'LinearStudy.formalPolynomialAtPointAlg' depends on axioms: [propext, Classical.choice, Quot.sound]
LinearStudy.polynomialAwayFormalMap.{u_1, u_2} {K : Type u_1} {σ : Type u_2} [Field K] (x : σ → K)
  (p0 : MvPolynomial σ K) (hp0 : (MvPolynomial.eval x) p0 ≠ 0) : Localization.Away p0 →ₐ[K] MvPowerSeries σ K
'LinearStudy.polynomialAwayFormalMap' depends on axioms: [propext, Classical.choice, Quot.sound]
LinearStudy.polynomialAwayFormalMap_algebraMap.{u_1, u_2} {K : Type u_1} {σ : Type u_2} [Field K] (x : σ → K)
  (p0 : MvPolynomial σ K) (hp0 : (MvPolynomial.eval x) p0 ≠ 0) (a : MvPolynomial σ K) :
  (LinearStudy.polynomialAwayFormalMap x p0 hp0) ((algebraMap (MvPolynomial σ K) (Localization.Away p0)) a) =
    (LinearStudy.formalPolynomialAtPoint x) a
'LinearStudy.polynomialAwayFormalMap_algebraMap' depends on axioms: [propext, Classical.choice, Quot.sound]
LinearStudy.polynomialAwayFormalMap_invSelf.{u_1, u_2} {K : Type u_1} {σ : Type u_2} [Field K] [Finite σ] (x : σ → K)
  (p0 : MvPolynomial σ K) (hp0 : (MvPolynomial.eval x) p0 ≠ 0) :
  (LinearStudy.polynomialAwayFormalMap x p0 hp0) (IsLocalization.Away.invSelf p0) =
    ↑(LinearStudy.formalPolynomialAtPointUnit x p0 hp0)⁻¹
'LinearStudy.polynomialAwayFormalMap_invSelf' depends on axioms: [propext, Classical.choice, Quot.sound]
LinearStudy.rationalPolynomialChartMap_formal_comparison {r c : ℕ} (x : Fin r ⊕ Fin c → ℂ)
  (p0 : MvPolynomial (Fin r ⊕ Fin c) ℂ) (hp0 : (MvPolynomial.eval x) p0 ≠ 0)
  (p : Fin r ⊕ Fin c → MvPolynomial (Fin r ⊕ Fin c) ℂ) :
  (LinearStudy.polynomialAwayFormalMap x p0 hp0).comp (LinearStudy.rationalPolynomialChartMap p0 p) =
    MvPolynomial.aeval (LinearStudy.projectiveFormalCoordinateRatios x p0 hp0 p)
'LinearStudy.rationalPolynomialChartMap_formal_comparison' depends on axioms: [propext, Classical.choice, Quot.sound]
LinearStudy.polynomialAwayFormalMap_constantCoeff.{u_1, u_2} {K : Type u_1} {σ : Type u_2} [Field K] (x : σ → K)
  (p0 : MvPolynomial σ K) (hp0 : (MvPolynomial.eval x) p0 ≠ 0) :
  MvPowerSeries.constantCoeff.comp (LinearStudy.polynomialAwayFormalMap x p0 hp0).toRingHom =
    (LinearStudy.polynomialAwayPointEvaluation x p0 hp0).toRingHom
'LinearStudy.polynomialAwayFormalMap_constantCoeff' depends on axioms: [propext, Classical.choice, Quot.sound]
LinearStudy.polynomialAwayFormalMap_isUnit_iff.{u_1, u_2} {K : Type u_1} {σ : Type u_2} [Field K] (x : σ → K)
  (p0 : MvPolynomial σ K) (hp0 : (MvPolynomial.eval x) p0 ≠ 0) (a : Localization.Away p0) :
  IsUnit ((LinearStudy.polynomialAwayFormalMap x p0 hp0) a) ↔ (LinearStudy.polynomialAwayPointEvaluation x p0 hp0) a ≠ 0
'LinearStudy.polynomialAwayFormalMap_isUnit_iff' depends on axioms: [propext, Classical.choice, Quot.sound]
LinearStudy.rationalPolynomialChartMap_formal_isUnit_iff.{u_1, u_2} {K : Type u_1} {σ : Type u_2} [Field K] (x : σ → K)
  (p0 : MvPolynomial σ K) (hp0 : (MvPolynomial.eval x) p0 ≠ 0) (p : σ → MvPolynomial σ K) (H : MvPolynomial σ K) :
  IsUnit ((LinearStudy.polynomialAwayFormalMap x p0 hp0) ((LinearStudy.rationalPolynomialChartMap p0 p) H)) ↔
    (MvPolynomial.eval fun i => (MvPolynomial.eval x) (p i) / (MvPolynomial.eval x) p0) H ≠ 0
'LinearStudy.rationalPolynomialChartMap_formal_isUnit_iff' depends on axioms: [propext, Classical.choice, Quot.sound]
LinearStudy.rationalPolynomialChartMap_target_local_generators.{u_1, u_2, u_3} {K : Type u_1} {σ : Type u_2} [Field K]
  (x : σ → K) (p0 : MvPolynomial σ K) (hp0 : (MvPolynomial.eval x) p0 ≠ 0) (p : σ → MvPolynomial σ K)
  (I Q : Ideal (MvPolynomial σ K)) [Q.IsPrime]
  (hQ : Q = RingHom.ker (MvPolynomial.aeval fun i => (MvPolynomial.eval x) (p i) / (MvPolynomial.eval x) p0).toRingHom)
  {ι : Type u_3} (H : ι → MvPolynomial σ K)
  (hlocal :
    Ideal.map (algebraMap (MvPolynomial σ K) (Localization.AtPrime Q)) I =
      Ideal.span (Set.range fun i => (algebraMap (MvPolynomial σ K) (Localization.AtPrime Q)) (H i))) :
  Ideal.map (LinearStudy.polynomialAwayFormalMap x p0 hp0).toRingHom
      (Ideal.map (LinearStudy.rationalPolynomialChartMap p0 p).toRingHom I) =
    Ideal.span
      (Set.range fun i =>
        (LinearStudy.polynomialAwayFormalMap x p0 hp0) ((LinearStudy.rationalPolynomialChartMap p0 p) (H i)))
'LinearStudy.rationalPolynomialChartMap_target_local_generators' depends on axioms: [propext,
 Classical.choice,
 Quot.sound]
LinearStudy.rational_smooth_unramified_socle_without_finite_type_input {r c : ℕ} [Nonempty (Fin r)] [Nonempty (Fin c)]
  (x : Fin r ⊕ Fin c → ℂ) (p0 : MvPolynomial (Fin r ⊕ Fin c) ℂ) (hp0 : (MvPolynomial.eval x) p0 ≠ 0)
  (p : Fin r ⊕ Fin c → MvPolynomial (Fin r ⊕ Fin c) ℂ) (I J : Ideal (MvPolynomial (Fin r ⊕ Fin c) ℂ)) [I.IsPrime]
  (hI : I ≠ ⊥) (P : Ideal (Localization.Away p0)) [P.IsPrime] (p' : Ideal (MvPolynomial (Fin r ⊕ Fin c) ℂ ⧸ I))
  [p'.IsPrime] [Algebra.IsSmoothAt ℂ p']
  (hp :
    Ideal.comap (Ideal.Quotient.mk I) p' =
      RingHom.ker (MvPolynomial.aeval fun i => (MvPolynomial.eval x) (p i) / (MvPolynomial.eval x) p0).toRingHom)
  (hr : r = Module.finrank (MvPolynomial (Fin r ⊕ Fin c) ℂ ⧸ I) Ω[MvPolynomial (Fin r ⊕ Fin c) ℂ ⧸ I⁄ℂ])
  (hP : P = RingHom.ker (LinearStudy.polynomialAwayPointEvaluation x p0 hp0).toRingHom)
  (hQP : Ideal.comap (Ideal.Quotient.mk I) p' = Ideal.comap (LinearStudy.rationalPolynomialChartMap p0 p).toRingHom P)
  (hφ :
    Ideal.map (LinearStudy.rationalPolynomialChartMap p0 p).toRingHom I ≤
      Ideal.map (algebraMap (MvPolynomial (Fin r ⊕ Fin c) ℂ) (Localization.Away p0)) J)
  (G : Fin c → MvPolynomial (Fin r ⊕ Fin c) ℂ) (hG : ∀ (i : Fin c), (MvPolynomial.eval x) (G i) = 0)
  (hJ : IsUnit (Matrix.det fun i j => (MvPolynomial.eval x) ((MvPolynomial.pderiv (Sum.inr j)) (G i))))
  (hlocal :
    Ideal.map
        (algebraMap (MvPolynomial (Fin r ⊕ Fin c) ℂ)
          (Localization.AtPrime (Ideal.comap (algebraMap (MvPolynomial (Fin r ⊕ Fin c) ℂ) (Localization.Away p0)) P)))
        J =
      Ideal.span
        (Set.range fun i =>
          (algebraMap (MvPolynomial (Fin r ⊕ Fin c) ℂ)
              (Localization.AtPrime
                (Ideal.comap (algebraMap (MvPolynomial (Fin r ⊕ Fin c) ℂ) (Localization.Away p0)) P)))
            (G i)))
  (hunram :
    Algebra.FormallyUnramified
      (Localization.AtPrime (Ideal.comap (Ideal.Quotient.mk I) p') ⧸
        Ideal.map
          (algebraMap (MvPolynomial (Fin r ⊕ Fin c) ℂ) (Localization.AtPrime (Ideal.comap (Ideal.Quotient.mk I) p'))) I)
      (Localization.AtPrime P ⧸
        Ideal.map (algebraMap (Localization.Away p0) (Localization.AtPrime P))
          (Ideal.map (algebraMap (MvPolynomial (Fin r ⊕ Fin c) ℂ) (Localization.Away p0)) J)))
  (H : Fin c → MvPolynomial (Fin r ⊕ Fin c) ℂ)
  (htarget :
    Ideal.map
        (algebraMap (MvPolynomial (Fin r ⊕ Fin c) ℂ) (Localization.AtPrime (Ideal.comap (Ideal.Quotient.mk I) p'))) I =
      Ideal.span
        (Set.range fun i =>
          (algebraMap (MvPolynomial (Fin r ⊕ Fin c) ℂ) (Localization.AtPrime (Ideal.comap (Ideal.Quotient.mk I) p')))
            (H i)))
  (e : ℕ) (he : 0 < e)
  (hlo :
    Ideal.map (algebraMap (MvPolynomial (Fin r ⊕ Fin c) ℂ) (Localization.Away p0)) J ^ e ≤
      Ideal.map (LinearStudy.rationalPolynomialChartMap p0 p).toRingHom I)
  (hhi :
    Ideal.map (LinearStudy.rationalPolynomialChartMap p0 p).toRingHom I ≤
      Ideal.map (algebraMap (MvPolynomial (Fin r ⊕ Fin c) ℂ) (Localization.Away p0)) J) :
  have HF := fun i =>
    (LinearStudy.polynomialAwaySmoothFormalMap x p0 hp0 G hG hJ) ((LinearStudy.rationalPolynomialChartMap p0 p) (H i));
  ∃ a,
    have τ := fun i =>
      (Ideal.Quotient.mk (LinearStudy.equationIdeal HF))
        ((LinearStudy.polynomialAwaySmoothFormalMap x p0 hp0 G hG hJ)
          ((LinearStudy.rationalPolynomialChartMap p0 p) (a i)));
    have L := Ideal.span (Set.range τ);
    let C := LinearStudy.CompleteIntersection HF ⧸ L;
    have m := Ideal.map (Ideal.Quotient.mk L) (nilradical (LinearStudy.CompleteIntersection HF));
    IsArtinianRing C ∧
      m.IsMaximal ∧
        Submodule.annihilator m = Ideal.span {(Ideal.Quotient.mk L) (LinearStudy.relativeJacobian HF)} ∧
          (Ideal.Quotient.mk L) (LinearStudy.relativeJacobian HF) ≠ 0
'LinearStudy.rational_smooth_unramified_socle_without_finite_type_input' depends on axioms: [propext,
 Classical.choice,
 Quot.sound]
LinearStudy.rationalPointLocalQuotientPullback_essFiniteType.{u_1, u_2} {K : Type u_1} {σ : Type u_2} [Field K]
  [Finite σ] (p0 : MvPolynomial σ K) (p : σ → MvPolynomial σ K) (I J : Ideal (MvPolynomial σ K))
  (P : Ideal (Localization.Away p0)) (Q : Ideal (MvPolynomial σ K)) [P.IsPrime] [Q.IsPrime]
  (hQP : Q = Ideal.comap (LinearStudy.rationalPolynomialChartMap p0 p).toRingHom P)
  (hφ :
    Ideal.map (LinearStudy.rationalPolynomialChartMap p0 p).toRingHom I ≤
      Ideal.map (algebraMap (MvPolynomial σ K) (Localization.Away p0)) J) :
  Algebra.EssFiniteType (Localization.AtPrime Q ⧸ Ideal.map (algebraMap (MvPolynomial σ K) (Localization.AtPrime Q)) I)
    (Localization.AtPrime P ⧸
      Ideal.map (algebraMap (Localization.Away p0) (Localization.AtPrime P))
        (Ideal.map (algebraMap (MvPolynomial σ K) (Localization.Away p0)) J))
'LinearStudy.rationalPointLocalQuotientPullback_essFiniteType' depends on axioms: [propext,
 Classical.choice,
 Quot.sound]
LinearStudy.rational_smooth_unramified_constructs_jacobian_socle {r c : ℕ} [Nonempty (Fin r)] [Nonempty (Fin c)]
  (x : Fin r ⊕ Fin c → ℂ) (p0 : MvPolynomial (Fin r ⊕ Fin c) ℂ) (hp0 : (MvPolynomial.eval x) p0 ≠ 0)
  (p : Fin r ⊕ Fin c → MvPolynomial (Fin r ⊕ Fin c) ℂ) (I J : Ideal (MvPolynomial (Fin r ⊕ Fin c) ℂ)) [I.IsPrime]
  (hI : I ≠ ⊥) (P : Ideal (Localization.Away p0)) [P.IsPrime] (p' : Ideal (MvPolynomial (Fin r ⊕ Fin c) ℂ ⧸ I))
  [p'.IsPrime] [Algebra.IsSmoothAt ℂ p']
  (hp :
    Ideal.comap (Ideal.Quotient.mk I) p' =
      RingHom.ker (MvPolynomial.aeval fun i => (MvPolynomial.eval x) (p i) / (MvPolynomial.eval x) p0).toRingHom)
  (hr : r = Module.finrank (MvPolynomial (Fin r ⊕ Fin c) ℂ ⧸ I) Ω[MvPolynomial (Fin r ⊕ Fin c) ℂ ⧸ I⁄ℂ])
  (hP : P = RingHom.ker (LinearStudy.polynomialAwayPointEvaluation x p0 hp0).toRingHom)
  (hQP : Ideal.comap (Ideal.Quotient.mk I) p' = Ideal.comap (LinearStudy.rationalPolynomialChartMap p0 p).toRingHom P)
  (hφ :
    Ideal.map (LinearStudy.rationalPolynomialChartMap p0 p).toRingHom I ≤
      Ideal.map (algebraMap (MvPolynomial (Fin r ⊕ Fin c) ℂ) (Localization.Away p0)) J)
  (G : Fin c → MvPolynomial (Fin r ⊕ Fin c) ℂ) (hG : ∀ (i : Fin c), (MvPolynomial.eval x) (G i) = 0)
  (hJ : IsUnit (Matrix.det fun i j => (MvPolynomial.eval x) ((MvPolynomial.pderiv (Sum.inr j)) (G i))))
  (hlocal :
    Ideal.map
        (algebraMap (MvPolynomial (Fin r ⊕ Fin c) ℂ)
          (Localization.AtPrime (Ideal.comap (algebraMap (MvPolynomial (Fin r ⊕ Fin c) ℂ) (Localization.Away p0)) P)))
        J =
      Ideal.span
        (Set.range fun i =>
          (algebraMap (MvPolynomial (Fin r ⊕ Fin c) ℂ)
              (Localization.AtPrime
                (Ideal.comap (algebraMap (MvPolynomial (Fin r ⊕ Fin c) ℂ) (Localization.Away p0)) P)))
            (G i)))
  (hfinite :
    Algebra.EssFiniteType
      (Localization.AtPrime (Ideal.comap (Ideal.Quotient.mk I) p') ⧸
        Ideal.map
          (algebraMap (MvPolynomial (Fin r ⊕ Fin c) ℂ) (Localization.AtPrime (Ideal.comap (Ideal.Quotient.mk I) p'))) I)
      (Localization.AtPrime P ⧸
        Ideal.map (algebraMap (Localization.Away p0) (Localization.AtPrime P))
          (Ideal.map (algebraMap (MvPolynomial (Fin r ⊕ Fin c) ℂ) (Localization.Away p0)) J)))
  (hunram :
    Algebra.FormallyUnramified
      (Localization.AtPrime (Ideal.comap (Ideal.Quotient.mk I) p') ⧸
        Ideal.map
          (algebraMap (MvPolynomial (Fin r ⊕ Fin c) ℂ) (Localization.AtPrime (Ideal.comap (Ideal.Quotient.mk I) p'))) I)
      (Localization.AtPrime P ⧸
        Ideal.map (algebraMap (Localization.Away p0) (Localization.AtPrime P))
          (Ideal.map (algebraMap (MvPolynomial (Fin r ⊕ Fin c) ℂ) (Localization.Away p0)) J)))
  (H : Fin c → MvPolynomial (Fin r ⊕ Fin c) ℂ)
  (htarget :
    Ideal.map
        (algebraMap (MvPolynomial (Fin r ⊕ Fin c) ℂ) (Localization.AtPrime (Ideal.comap (Ideal.Quotient.mk I) p'))) I =
      Ideal.span
        (Set.range fun i =>
          (algebraMap (MvPolynomial (Fin r ⊕ Fin c) ℂ) (Localization.AtPrime (Ideal.comap (Ideal.Quotient.mk I) p')))
            (H i)))
  (e : ℕ) (he : 0 < e)
  (hlo :
    Ideal.map (algebraMap (MvPolynomial (Fin r ⊕ Fin c) ℂ) (Localization.Away p0)) J ^ e ≤
      Ideal.map (LinearStudy.rationalPolynomialChartMap p0 p).toRingHom I)
  (hhi :
    Ideal.map (LinearStudy.rationalPolynomialChartMap p0 p).toRingHom I ≤
      Ideal.map (algebraMap (MvPolynomial (Fin r ⊕ Fin c) ℂ) (Localization.Away p0)) J) :
  have HF := fun i =>
    (LinearStudy.polynomialAwaySmoothFormalMap x p0 hp0 G hG hJ) ((LinearStudy.rationalPolynomialChartMap p0 p) (H i));
  ∃ a,
    have τ := fun i =>
      (Ideal.Quotient.mk (LinearStudy.equationIdeal HF))
        ((LinearStudy.polynomialAwaySmoothFormalMap x p0 hp0 G hG hJ)
          ((LinearStudy.rationalPolynomialChartMap p0 p) (a i)));
    have L := Ideal.span (Set.range τ);
    let C := LinearStudy.CompleteIntersection HF ⧸ L;
    have m := Ideal.map (Ideal.Quotient.mk L) (nilradical (LinearStudy.CompleteIntersection HF));
    IsArtinianRing C ∧
      m.IsMaximal ∧
        Submodule.annihilator m = Ideal.span {(Ideal.Quotient.mk L) (LinearStudy.relativeJacobian HF)} ∧
          (Ideal.Quotient.mk L) (LinearStudy.relativeJacobian HF) ≠ 0
'LinearStudy.rational_smooth_unramified_constructs_jacobian_socle' depends on axioms: [propext,
 Classical.choice,
 Quot.sound]
LinearStudy.rational_smooth_actual_normal_radical.{u_1} {K : Type u_1} [Field K] {r c : ℕ} [Nonempty (Fin c)]
  (x : Fin r ⊕ Fin c → K) (p0 : MvPolynomial (Fin r ⊕ Fin c) K) (hp0 : (MvPolynomial.eval x) p0 ≠ 0)
  (p : Fin r ⊕ Fin c → MvPolynomial (Fin r ⊕ Fin c) K) (I J P Q : Ideal (MvPolynomial (Fin r ⊕ Fin c) K)) [P.IsPrime]
  [Q.IsPrime] (hP : P = RingHom.ker (MvPolynomial.aeval x).toRingHom)
  (hQ : Q = RingHom.ker (MvPolynomial.aeval fun i => (MvPolynomial.eval x) (p i) / (MvPolynomial.eval x) p0).toRingHom)
  (G H : Fin c → MvPolynomial (Fin r ⊕ Fin c) K) (hG : ∀ (i : Fin c), (MvPolynomial.eval x) (G i) = 0)
  (hJ : IsUnit (Matrix.det fun i j => (MvPolynomial.eval x) ((MvPolynomial.pderiv (Sum.inr j)) (G i))))
  (hsource :
    Ideal.map (algebraMap (MvPolynomial (Fin r ⊕ Fin c) K) (Localization.AtPrime P)) J =
      Ideal.span (Set.range fun i => (algebraMap (MvPolynomial (Fin r ⊕ Fin c) K) (Localization.AtPrime P)) (G i)))
  (htarget :
    Ideal.map (algebraMap (MvPolynomial (Fin r ⊕ Fin c) K) (Localization.AtPrime Q)) I =
      Ideal.span (Set.range fun i => (algebraMap (MvPolynomial (Fin r ⊕ Fin c) K) (Localization.AtPrime Q)) (H i)))
  (e : ℕ) (he : 0 < e)
  (hlo :
    Ideal.map (algebraMap (MvPolynomial (Fin r ⊕ Fin c) K) (Localization.Away p0)) J ^ e ≤
      Ideal.map (LinearStudy.rationalPolynomialChartMap p0 p).toRingHom I)
  (hhi :
    Ideal.map (LinearStudy.rationalPolynomialChartMap p0 p).toRingHom I ≤
      Ideal.map (algebraMap (MvPolynomial (Fin r ⊕ Fin c) K) (Localization.Away p0)) J) :
  (Ideal.span
        (Set.range fun i =>
          (LinearStudy.polynomialAwaySmoothFormalMap x p0 hp0 G hG hJ)
            ((LinearStudy.rationalPolynomialChartMap p0 p) (H i)))).radical =
    Ideal.span (Set.range MvPowerSeries.X)
'LinearStudy.rational_smooth_actual_normal_radical' depends on axioms: [propext, Classical.choice, Quot.sound]
LinearStudy.polynomialAwaySmoothFormalMap.{u_1} {K : Type u_1} [Field K] {r c : ℕ} [Nonempty (Fin c)]
  (x : Fin r ⊕ Fin c → K) (p0 : MvPolynomial (Fin r ⊕ Fin c) K) (hp0 : (MvPolynomial.eval x) p0 ≠ 0)
  (G : Fin c → MvPolynomial (Fin r ⊕ Fin c) K) (hG : ∀ (i : Fin c), (MvPolynomial.eval x) (G i) = 0)
  (hJ : IsUnit (Matrix.det fun i j => (MvPolynomial.eval x) ((MvPolynomial.pderiv (Sum.inr j)) (G i)))) :
  Localization.Away p0 →+* MvPowerSeries (Fin c) (MvPowerSeries (Fin r) K)
'LinearStudy.polynomialAwaySmoothFormalMap' depends on axioms: [propext, Classical.choice, Quot.sound]
LinearStudy.polynomialAwaySmoothReducedMap.{u_1} {K : Type u_1} [Field K] {r c : ℕ} [Nonempty (Fin c)]
  (x : Fin r ⊕ Fin c → K) (p0 : MvPolynomial (Fin r ⊕ Fin c) K) (hp0 : (MvPolynomial.eval x) p0 ≠ 0)
  (G : Fin c → MvPolynomial (Fin r ⊕ Fin c) K) (hG : ∀ (i : Fin c), (MvPolynomial.eval x) (G i) = 0)
  (hJ : IsUnit (Matrix.det fun i j => (MvPolynomial.eval x) ((MvPolynomial.pderiv (Sum.inr j)) (G i)))) :
  Localization.Away p0 →+* MvPowerSeries (Fin r) K
'LinearStudy.polynomialAwaySmoothReducedMap' depends on axioms: [propext, Classical.choice, Quot.sound]
LinearStudy.polynomialAwaySmoothFormalMap_algebraMap.{u_1} {K : Type u_1} [Field K] {r c : ℕ} [Nonempty (Fin c)]
  (x : Fin r ⊕ Fin c → K) (p0 : MvPolynomial (Fin r ⊕ Fin c) K) (hp0 : (MvPolynomial.eval x) p0 ≠ 0)
  (G : Fin c → MvPolynomial (Fin r ⊕ Fin c) K) (hG : ∀ (i : Fin c), (MvPolynomial.eval x) (G i) = 0)
  (hJ : IsUnit (Matrix.det fun i j => (MvPolynomial.eval x) ((MvPolynomial.pderiv (Sum.inr j)) (G i))))
  (a : MvPolynomial (Fin r ⊕ Fin c) K) :
  (LinearStudy.polynomialAwaySmoothFormalMap x p0 hp0 G hG hJ)
      ((algebraMap (MvPolynomial (Fin r ⊕ Fin c) K) (Localization.Away p0)) a) =
    (LinearStudy.polynomialSmoothFormalMap x G hG hJ) a
'LinearStudy.polynomialAwaySmoothFormalMap_algebraMap' depends on axioms: [propext, Classical.choice, Quot.sound]
LinearStudy.polynomialAwaySmoothReducedMap_algebraMap.{u_1} {K : Type u_1} [Field K] {r c : ℕ} [Nonempty (Fin c)]
  (x : Fin r ⊕ Fin c → K) (p0 : MvPolynomial (Fin r ⊕ Fin c) K) (hp0 : (MvPolynomial.eval x) p0 ≠ 0)
  (G : Fin c → MvPolynomial (Fin r ⊕ Fin c) K) (hG : ∀ (i : Fin c), (MvPolynomial.eval x) (G i) = 0)
  (hJ : IsUnit (Matrix.det fun i j => (MvPolynomial.eval x) ((MvPolynomial.pderiv (Sum.inr j)) (G i))))
  (a : MvPolynomial (Fin r ⊕ Fin c) K) :
  (LinearStudy.polynomialAwaySmoothReducedMap x p0 hp0 G hG hJ)
      ((algebraMap (MvPolynomial (Fin r ⊕ Fin c) K) (Localization.Away p0)) a) =
    (LinearStudy.polynomialSmoothReducedMap x G hG hJ) a
'LinearStudy.polynomialAwaySmoothReducedMap_algebraMap' depends on axioms: [propext, Classical.choice, Quot.sound]
LinearStudy.localizedSmoothPointQuotientReduction_away_comparison.{u_1} {K : Type u_1} [Field K] {r c : ℕ}
  [Nonempty (Fin c)] (x : Fin r ⊕ Fin c → K) (p0 : MvPolynomial (Fin r ⊕ Fin c) K)
  (I : Ideal (MvPolynomial (Fin r ⊕ Fin c) K)) (P : Ideal (Localization.Away p0)) [P.IsPrime]
  (hP :
    Ideal.comap (algebraMap (MvPolynomial (Fin r ⊕ Fin c) K) (Localization.Away p0)) P =
      RingHom.ker (MvPolynomial.aeval x).toRingHom)
  (G : Fin c → MvPolynomial (Fin r ⊕ Fin c) K) (hG : ∀ (i : Fin c), (MvPolynomial.eval x) (G i) = 0)
  (hJ : IsUnit (Matrix.det fun i j => (MvPolynomial.eval x) ((MvPolynomial.pderiv (Sum.inr j)) (G i))))
  (hlocal :
    Ideal.map
        (algebraMap (MvPolynomial (Fin r ⊕ Fin c) K)
          (Localization.AtPrime (Ideal.comap (algebraMap (MvPolynomial (Fin r ⊕ Fin c) K) (Localization.Away p0)) P)))
        I =
      Ideal.span
        (Set.range fun i =>
          (algebraMap (MvPolynomial (Fin r ⊕ Fin c) K)
              (Localization.AtPrime
                (Ideal.comap (algebraMap (MvPolynomial (Fin r ⊕ Fin c) K) (Localization.Away p0)) P)))
            (G i)))
  (hp0 : (MvPolynomial.eval x) p0 ≠ 0) :
  (LinearStudy.localizedSmoothPointQuotientReduction x p0 I P hP G hG hJ hlocal).comp
      ((Ideal.Quotient.mk
            (Ideal.map (algebraMap (Localization.Away p0) (Localization.AtPrime P))
              (Ideal.map (algebraMap (MvPolynomial (Fin r ⊕ Fin c) K) (Localization.Away p0)) I))).comp
        (algebraMap (Localization.Away p0) (Localization.AtPrime P))) =
    (MvPowerSeries.constantCoeff.comp
          ((LinearStudy.powerSeriesCoordinateChart K r c).symm.toRingHom.comp
            (LinearStudy.polynomialSmoothCoordinateEquiv x G hG hJ).symm.toRingEquiv.toRingHom)).comp
      (LinearStudy.polynomialAwayFormalMap x p0 hp0).toRingHom
'LinearStudy.localizedSmoothPointQuotientReduction_away_comparison' depends on axioms: [propext,
 Classical.choice,
 Quot.sound]
LinearStudy.rational_smooth_target_constructs_actual_formal_parameters.{u_1} {K : Type u_1} [Field K] {r c : ℕ}
  [Nonempty (Fin r)] [Nonempty (Fin c)] (x : Fin r ⊕ Fin c → K) (p0 : MvPolynomial (Fin r ⊕ Fin c) K)
  (hp0 : (MvPolynomial.eval x) p0 ≠ 0) (p : Fin r ⊕ Fin c → MvPolynomial (Fin r ⊕ Fin c) K)
  (I J : Ideal (MvPolynomial (Fin r ⊕ Fin c) K)) [I.IsPrime] (hI : I ≠ ⊥) (P : Ideal (Localization.Away p0)) [P.IsPrime]
  (p' : Ideal (MvPolynomial (Fin r ⊕ Fin c) K ⧸ I)) [p'.IsPrime] [Algebra.IsSmoothAt K p']
  (hp :
    Ideal.comap (Ideal.Quotient.mk I) p' =
      RingHom.ker (MvPolynomial.aeval fun i => (MvPolynomial.eval x) (p i) / (MvPolynomial.eval x) p0).toRingHom)
  (hr : r = Module.finrank (MvPolynomial (Fin r ⊕ Fin c) K ⧸ I) Ω[MvPolynomial (Fin r ⊕ Fin c) K ⧸ I⁄K])
  (hP : P = RingHom.ker (LinearStudy.polynomialAwayPointEvaluation x p0 hp0).toRingHom)
  (hQP : Ideal.comap (Ideal.Quotient.mk I) p' = Ideal.comap (LinearStudy.rationalPolynomialChartMap p0 p).toRingHom P)
  (hφ :
    Ideal.map (LinearStudy.rationalPolynomialChartMap p0 p).toRingHom I ≤
      Ideal.map (algebraMap (MvPolynomial (Fin r ⊕ Fin c) K) (Localization.Away p0)) J)
  (G : Fin c → MvPolynomial (Fin r ⊕ Fin c) K) (hG : ∀ (i : Fin c), (MvPolynomial.eval x) (G i) = 0)
  (hJ : IsUnit (Matrix.det fun i j => (MvPolynomial.eval x) ((MvPolynomial.pderiv (Sum.inr j)) (G i))))
  (hlocal :
    Ideal.map
        (algebraMap (MvPolynomial (Fin r ⊕ Fin c) K)
          (Localization.AtPrime (Ideal.comap (algebraMap (MvPolynomial (Fin r ⊕ Fin c) K) (Localization.Away p0)) P)))
        J =
      Ideal.span
        (Set.range fun i =>
          (algebraMap (MvPolynomial (Fin r ⊕ Fin c) K)
              (Localization.AtPrime
                (Ideal.comap (algebraMap (MvPolynomial (Fin r ⊕ Fin c) K) (Localization.Away p0)) P)))
            (G i)))
  (hfinite :
    Algebra.EssFiniteType
      (Localization.AtPrime (Ideal.comap (Ideal.Quotient.mk I) p') ⧸
        Ideal.map
          (algebraMap (MvPolynomial (Fin r ⊕ Fin c) K) (Localization.AtPrime (Ideal.comap (Ideal.Quotient.mk I) p'))) I)
      (Localization.AtPrime P ⧸
        Ideal.map (algebraMap (Localization.Away p0) (Localization.AtPrime P))
          (Ideal.map (algebraMap (MvPolynomial (Fin r ⊕ Fin c) K) (Localization.Away p0)) J)))
  (hunram :
    Algebra.FormallyUnramified
      (Localization.AtPrime (Ideal.comap (Ideal.Quotient.mk I) p') ⧸
        Ideal.map
          (algebraMap (MvPolynomial (Fin r ⊕ Fin c) K) (Localization.AtPrime (Ideal.comap (Ideal.Quotient.mk I) p'))) I)
      (Localization.AtPrime P ⧸
        Ideal.map (algebraMap (Localization.Away p0) (Localization.AtPrime P))
          (Ideal.map (algebraMap (MvPolynomial (Fin r ⊕ Fin c) K) (Localization.Away p0)) J))) :
  ∃ a,
    have T := fun i =>
      (LinearStudy.polynomialAwaySmoothReducedMap x p0 hp0 G hG hJ)
        ((LinearStudy.rationalPolynomialChartMap p0 p) (a i));
    Ideal.span (Set.range T) = IsLocalRing.maximalIdeal (MvPowerSeries (Fin r) K) ∧
      IsUnit (Matrix.det fun i j => MvPowerSeries.constantCoeff ((MvPowerSeries.pderiv j) (T i)))
'LinearStudy.rational_smooth_target_constructs_actual_formal_parameters' depends on axioms: [propext,
 Classical.choice,
 Quot.sound]
LinearStudy.rational_unramified_actual_formal_parameters.{u_1} {K : Type u_1} [Field K] {r c : ℕ} [Nonempty (Fin r)]
  [Nonempty (Fin c)] (x : Fin r ⊕ Fin c → K) (p0 : MvPolynomial (Fin r ⊕ Fin c) K) (hp0 : (MvPolynomial.eval x) p0 ≠ 0)
  (p : Fin r ⊕ Fin c → MvPolynomial (Fin r ⊕ Fin c) K) (I J : Ideal (MvPolynomial (Fin r ⊕ Fin c) K))
  (P : Ideal (Localization.Away p0)) (Q : Ideal (MvPolynomial (Fin r ⊕ Fin c) K)) [P.IsPrime] [Q.IsPrime]
  (hP : P = RingHom.ker (LinearStudy.polynomialAwayPointEvaluation x p0 hp0).toRingHom)
  (hQP : Q = Ideal.comap (LinearStudy.rationalPolynomialChartMap p0 p).toRingHom P)
  (hφ :
    Ideal.map (LinearStudy.rationalPolynomialChartMap p0 p).toRingHom I ≤
      Ideal.map (algebraMap (MvPolynomial (Fin r ⊕ Fin c) K) (Localization.Away p0)) J)
  (G : Fin c → MvPolynomial (Fin r ⊕ Fin c) K) (hG : ∀ (i : Fin c), (MvPolynomial.eval x) (G i) = 0)
  (hJ : IsUnit (Matrix.det fun i j => (MvPolynomial.eval x) ((MvPolynomial.pderiv (Sum.inr j)) (G i))))
  (hlocal :
    Ideal.map
        (algebraMap (MvPolynomial (Fin r ⊕ Fin c) K)
          (Localization.AtPrime (Ideal.comap (algebraMap (MvPolynomial (Fin r ⊕ Fin c) K) (Localization.Away p0)) P)))
        J =
      Ideal.span
        (Set.range fun i =>
          (algebraMap (MvPolynomial (Fin r ⊕ Fin c) K)
              (Localization.AtPrime
                (Ideal.comap (algebraMap (MvPolynomial (Fin r ⊕ Fin c) K) (Localization.Away p0)) P)))
            (G i)))
  (hfinite :
    Algebra.EssFiniteType
      (Localization.AtPrime Q ⧸ Ideal.map (algebraMap (MvPolynomial (Fin r ⊕ Fin c) K) (Localization.AtPrime Q)) I)
      (Localization.AtPrime P ⧸
        Ideal.map (algebraMap (Localization.Away p0) (Localization.AtPrime P))
          (Ideal.map (algebraMap (MvPolynomial (Fin r ⊕ Fin c) K) (Localization.Away p0)) J)))
  (hunram :
    Algebra.FormallyUnramified
      (Localization.AtPrime Q ⧸ Ideal.map (algebraMap (MvPolynomial (Fin r ⊕ Fin c) K) (Localization.AtPrime Q)) I)
      (Localization.AtPrime P ⧸
        Ideal.map (algebraMap (Localization.Away p0) (Localization.AtPrime P))
          (Ideal.map (algebraMap (MvPolynomial (Fin r ⊕ Fin c) K) (Localization.Away p0)) J)))
  (a : Fin r → MvPolynomial (Fin r ⊕ Fin c) K)
  (ha :
    Ideal.span
        (Set.range fun i =>
          (Ideal.Quotient.mk (Ideal.map (algebraMap (MvPolynomial (Fin r ⊕ Fin c) K) (Localization.AtPrime Q)) I))
            ((algebraMap (MvPolynomial (Fin r ⊕ Fin c) K) (Localization.AtPrime Q)) (a i))) =
      Ideal.map (Ideal.Quotient.mk (Ideal.map (algebraMap (MvPolynomial (Fin r ⊕ Fin c) K) (Localization.AtPrime Q)) I))
        (Ideal.map (algebraMap (MvPolynomial (Fin r ⊕ Fin c) K) (Localization.AtPrime Q)) Q)) :
  have T := fun i =>
    (LinearStudy.polynomialAwaySmoothReducedMap x p0 hp0 G hG hJ) ((LinearStudy.rationalPolynomialChartMap p0 p) (a i));
  Ideal.span (Set.range T) = IsLocalRing.maximalIdeal (MvPowerSeries (Fin r) K) ∧
    IsUnit (Matrix.det fun i j => MvPowerSeries.constantCoeff ((MvPowerSeries.pderiv j) (T i)))
'LinearStudy.rational_unramified_actual_formal_parameters' depends on axioms: [propext, Classical.choice, Quot.sound]
LinearStudy.exists_nonzero_coordinate_minor.{u_1, u_2} {K : Type u_1} {σ : Type u_2} [Field K] {n : ℕ}
  (A : Fin n → σ → K) (hA : LinearIndependent K A) : ∃ j, Function.Injective j ∧ (Matrix.det fun i k => A i (j k)) ≠ 0
'LinearStudy.exists_nonzero_coordinate_minor' depends on axioms: [propext, Classical.choice, Quot.sound]
LinearStudy.Annihilates.{u_2} {A : Type u_2} [CommRing A] (N : Ideal A) (x : A) : Prop
'LinearStudy.Annihilates' does not depend on any axioms
LinearStudy.multiplication_factors_through_reduction.{u_1, u_2} {B : Type u_1} {A : Type u_2} [CommRing B] [CommRing A]
  [Algebra B A] (q : A →ₐ[B] B) (hq : ∀ (a : A), q a = 0 ↔ a ∈ nilradical A) {x : A}
  (hx : LinearStudy.Annihilates (nilradical A) x) (a : A) : a * x = (algebraMap B A) (q a) * x
'LinearStudy.multiplication_factors_through_reduction' depends on axioms: [propext, Classical.choice, Quot.sound]
LinearStudy.scalar_multiple_annihilates.{u_1, u_2} {B : Type u_1} {A : Type u_2} [CommRing B] [CommRing A] [Algebra B A]
  (N : Ideal A) {x : A} (hx : LinearStudy.Annihilates N x) (b : B) : LinearStudy.Annihilates N (b • x)
'LinearStudy.scalar_multiple_annihilates' does not depend on any axioms
LinearStudy.annihilator_action_eq.{u_1, u_2} {B : Type u_1} {A : Type u_2} [CommRing B] [CommRing A] [Algebra B A]
  (q : A →ₐ[B] B) (hq : ∀ (a : A), q a = 0 ↔ a ∈ nilradical A) {x : A} (hx : LinearStudy.Annihilates (nilradical A) x)
  {a a' : A} (h : q a = q a') : a * x = a' * x
'LinearStudy.annihilator_action_eq' depends on axioms: [propext, Classical.choice, Quot.sound]
LinearStudy.quotient_image_nonzero_iff.{u_2} {A : Type u_2} [CommRing A] (J : Ideal A) (delta : A) :
  (Ideal.Quotient.mk J) delta ≠ 0 ↔ delta ∉ J
'LinearStudy.quotient_image_nonzero_iff' depends on axioms: [propext, Classical.choice, Quot.sound]
LinearStudy.free_of_regular_maximal_generators.{u, v} {R : Type u} [CommRing R] [IsLocalRing R] [IsNoetherianRing R]
  {M : Type v} [AddCommGroup M] [Module R M] [Module.Finite R M] (rs : List R)
  (h : RingTheory.Sequence.IsWeaklyRegular M rs) (hgen : Ideal.ofList rs = IsLocalRing.maximalIdeal R) : Module.Free R M
'LinearStudy.free_of_regular_maximal_generators' depends on axioms: [propext, Classical.choice, Quot.sound]
LinearStudy.free_of_regular_maximal_algebraMap.{u_1, u_2} {R : Type u_1} {A : Type u_2} [CommRing R] [IsLocalRing R]
  [IsNoetherianRing R] [CommRing A] [Algebra R A] [Module.Finite R A] (rs : List R)
  (h : RingTheory.Sequence.IsWeaklyRegular A (List.map (⇑(algebraMap R A)) rs))
  (hgen : Ideal.ofList rs = IsLocalRing.maximalIdeal R) : Module.Free R A
'LinearStudy.free_of_regular_maximal_algebraMap' depends on axioms: [propext, Classical.choice, Quot.sound]
LinearStudy.ofList_smul_top.{u_1} {R : Type u_1} [CommRing R] (H : List R) : Ideal.ofList H • ⊤ = Ideal.ofList H
'LinearStudy.ofList_smul_top' depends on axioms: [propext, Classical.choice, Quot.sound]
LinearStudy.weaklyRegular_quotient_iff.{u_1} {R : Type u_1} [CommRing R] (H P : List R) :
  RingTheory.Sequence.IsWeaklyRegular (R ⧸ Ideal.ofList H) (List.map (⇑(Ideal.Quotient.mk (Ideal.ofList H))) P) ↔
    RingTheory.Sequence.IsWeaklyRegular (R ⧸ Ideal.ofList H • ⊤) P
'LinearStudy.weaklyRegular_quotient_iff' depends on axioms: [propext, Classical.choice, Quot.sound]
LinearStudy.weaklyRegular_exchange.{u_1} {R : Type u_1} [CommRing R] [IsLocalRing R] [IsNoetherianRing R] (H P : List R)
  (hH : RingTheory.Sequence.IsRegular R H) (hPm : ∀ p ∈ P, p ∈ IsLocalRing.maximalIdeal R)
  (hP : RingTheory.Sequence.IsWeaklyRegular (R ⧸ Ideal.ofList H) (List.map (⇑(Ideal.Quotient.mk (Ideal.ofList H))) P)) :
  RingTheory.Sequence.IsWeaklyRegular (R ⧸ Ideal.ofList P) (List.map (⇑(Ideal.Quotient.mk (Ideal.ofList P))) H)
'LinearStudy.weaklyRegular_exchange' depends on axioms: [propext, Classical.choice, Quot.sound]
LinearStudy.weaklyRegular_transport_ringEquiv.{u_1, u_2} {R : Type u_1} [CommRing R] {S : Type u_2} [CommRing S]
  (e : R ≃+* S) (rs : List R) :
  RingTheory.Sequence.IsWeaklyRegular R rs ↔ RingTheory.Sequence.IsWeaklyRegular S (List.map (⇑e) rs)
'LinearStudy.weaklyRegular_transport_ringEquiv' depends on axioms: [propext, Classical.choice, Quot.sound]
LinearStudy.powerSeries_specialized_equations_weaklyRegular.{u_2} {K : Type u_2} [Field K] {r c : ℕ}
  (H : Fin c → MvPowerSeries (Fin c) (MvPowerSeries (Fin (r + 1)) K))
  (hH : RingTheory.Sequence.IsRegular (MvPowerSeries (Fin c) (MvPowerSeries (Fin (r + 1)) K)) (List.ofFn H))
  [Module.Flat (MvPowerSeries (Fin (r + 1)) K)
      (MvPowerSeries (Fin c) (MvPowerSeries (Fin (r + 1)) K) ⧸ Ideal.span (Set.range H))] :
  RingTheory.Sequence.IsWeaklyRegular (MvPowerSeries (Fin c) K)
    (List.ofFn fun i => LinearStudy.parameterSpecialization (H i))
'LinearStudy.powerSeries_specialized_equations_weaklyRegular' depends on axioms: [propext, Classical.choice, Quot.sound]
LinearStudy.powerSeries_specialized_equations_zeroConstant.{u_2} {K : Type u_2} [Field K] {r c : ℕ}
  (H : Fin c → MvPowerSeries (Fin c) (MvPowerSeries (Fin (r + 1)) K))
  (hH : RingTheory.Sequence.IsRegular (MvPowerSeries (Fin c) (MvPowerSeries (Fin (r + 1)) K)) (List.ofFn H))
  (i : Fin c) : MvPowerSeries.constantCoeff (LinearStudy.parameterSpecialization (H i)) = 0
'LinearStudy.powerSeries_specialized_equations_zeroConstant' depends on axioms: [propext, Classical.choice, Quot.sound]
LinearStudy.powerSeries_specialized_equations_regular.{u_2} {K : Type u_2} [Field K] {r c : ℕ}
  (H : Fin c → MvPowerSeries (Fin c) (MvPowerSeries (Fin (r + 1)) K))
  (hH : RingTheory.Sequence.IsRegular (MvPowerSeries (Fin c) (MvPowerSeries (Fin (r + 1)) K)) (List.ofFn H))
  [Module.Flat (MvPowerSeries (Fin (r + 1)) K)
      (MvPowerSeries (Fin c) (MvPowerSeries (Fin (r + 1)) K) ⧸ Ideal.span (Set.range H))] :
  RingTheory.Sequence.IsRegular (MvPowerSeries (Fin c) K) (List.ofFn fun i => LinearStudy.parameterSpecialization (H i))
'LinearStudy.powerSeries_specialized_equations_regular' depends on axioms: [propext, Classical.choice, Quot.sound]
LinearStudy.finiteFlat_jacobian_annihilator.{u_1} {K : Type u_1} [Field K] [CharZero K] {r n : ℕ}
  (H : Fin (n + 1) → MvPowerSeries (Fin (n + 1)) (MvPowerSeries (Fin (r + 1)) K))
  (hH : RingTheory.Sequence.IsRegular (MvPowerSeries (Fin (n + 1)) (MvPowerSeries (Fin (r + 1)) K)) (List.ofFn H))
  [Module.Finite (MvPowerSeries (Fin (r + 1)) K)
      (MvPowerSeries (Fin (n + 1)) (MvPowerSeries (Fin (r + 1)) K) ⧸ Ideal.span (Set.range H))]
  [Module.Flat (MvPowerSeries (Fin (r + 1)) K)
      (MvPowerSeries (Fin (n + 1)) (MvPowerSeries (Fin (r + 1)) K) ⧸ Ideal.span (Set.range H))]
  (a :
    MvPowerSeries (Fin (n + 1)) (MvPowerSeries (Fin (r + 1)) K) ⧸
        Ideal.span (Set.range H) →ₐ[MvPowerSeries (Fin (r + 1)) K]
      MvPowerSeries (Fin (r + 1)) K)
  (ha :
    RingHom.ker a.toRingHom =
      nilradical (MvPowerSeries (Fin (n + 1)) (MvPowerSeries (Fin (r + 1)) K) ⧸ Ideal.span (Set.range H)))
  (x : MvPowerSeries (Fin (n + 1)) (MvPowerSeries (Fin (r + 1)) K) ⧸ Ideal.span (Set.range H)) :
  LinearStudy.Annihilates
      (nilradical (MvPowerSeries (Fin (n + 1)) (MvPowerSeries (Fin (r + 1)) K) ⧸ Ideal.span (Set.range H))) x ↔
    ∃ u, x = u • (Ideal.Quotient.mk (Ideal.span (Set.range H))) (Matrix.det fun i j => (MvPowerSeries.pderiv j) (H i))
'LinearStudy.finiteFlat_jacobian_annihilator' depends on axioms: [propext, Classical.choice, Quot.sound]
LinearStudy.lemma31_annihilator_conclusion {r c : ℕ} (H : Fin c → LinearStudy.AmbientRing r c) (hr : 0 < r) (hc : 0 < c)
  (hH : RingTheory.Sequence.IsRegular (LinearStudy.AmbientRing r c) (List.ofFn H))
  [Module.Finite (LinearStudy.ParameterRing r) (LinearStudy.CompleteIntersection H)]
  [Module.Flat (LinearStudy.ParameterRing r) (LinearStudy.CompleteIntersection H)]
  (q : LinearStudy.CompleteIntersection H →ₐ[LinearStudy.ParameterRing r] LinearStudy.ParameterRing r)
  (hq : RingHom.ker q.toRingHom = nilradical (LinearStudy.CompleteIntersection H))
  (x : LinearStudy.CompleteIntersection H) :
  LinearStudy.Annihilates (nilradical (LinearStudy.CompleteIntersection H)) x ↔
    ∃ b, x = b • LinearStudy.relativeJacobian H
'LinearStudy.lemma31_annihilator_conclusion' depends on axioms: [propext, Classical.choice, Quot.sound]
LinearStudy.relativePowerSeriesQuotient_diagonal_jacobian.{u_1} {K : Type u_1} [CommRing K] {n : ℕ}
  (H : Fin (n + 1) → MvPowerSeries (Fin (n + 1)) K)
  (hnil : ∀ (i : Fin (n + 1)), IsNilpotent ((Ideal.Quotient.mk (Ideal.span (Set.range H))) (MvPowerSeries.X i))) :
  let Q := MvPowerSeries (Fin (n + 1)) K ⧸ Ideal.span (Set.range H);
  have q := Ideal.Quotient.mk (Ideal.span (Set.range H));
  ∃ M,
    LinearStudy.Annihilates (KaehlerDifferential.ideal K Q) M.det ∧
      (Algebra.TensorProduct.lmul' K) M.det = Matrix.det fun i j => q ((MvPowerSeries.pderiv j) (H i))
'LinearStudy.relativePowerSeriesQuotient_diagonal_jacobian' depends on axioms: [propext, Classical.choice, Quot.sound]
LinearStudy.relativePowerSeriesQuotient_jacobian_trace_multiple.{u_1} {K : Type u_1} [CommRing K] {n : ℕ}
  (H : Fin (n + 1) → MvPowerSeries (Fin (n + 1)) K)
  (hnil : ∀ (i : Fin (n + 1)), IsNilpotent ((Ideal.Quotient.mk (Ideal.span (Set.range H))) (MvPowerSeries.X i)))
  [Module.Free K (MvPowerSeries (Fin (n + 1)) K ⧸ Ideal.span (Set.range H))]
  [Module.Finite K (MvPowerSeries (Fin (n + 1)) K ⧸ Ideal.span (Set.range H))]
  (p : LinearStudy.PerfectMultiplicationPairing) :
  ∃ c,
    (Ideal.Quotient.mk (Ideal.span (Set.range H))) (Matrix.det fun i j => (MvPowerSeries.pderiv j) (H i)) =
      c * LinearStudy.traceElement p
'LinearStudy.relativePowerSeriesQuotient_jacobian_trace_multiple' depends on axioms: [propext,
 Classical.choice,
 Quot.sound]
LinearStudy.relativePowerSeriesQuotient_jacobian_annihilates_nilradical.{u_1} {K : Type u_1} [CommRing K] {n : ℕ}
  [IsReduced K] [StrongRankCondition K] (H : Fin (n + 1) → MvPowerSeries (Fin (n + 1)) K)
  (hnil : ∀ (i : Fin (n + 1)), IsNilpotent ((Ideal.Quotient.mk (Ideal.span (Set.range H))) (MvPowerSeries.X i)))
  [Module.Free K (MvPowerSeries (Fin (n + 1)) K ⧸ Ideal.span (Set.range H))]
  [Module.Finite K (MvPowerSeries (Fin (n + 1)) K ⧸ Ideal.span (Set.range H))]
  (a : MvPowerSeries (Fin (n + 1)) K ⧸ Ideal.span (Set.range H) →ₐ[K] K)
  (ha : RingHom.ker a.toRingHom = nilradical (MvPowerSeries (Fin (n + 1)) K ⧸ Ideal.span (Set.range H)))
  (p : LinearStudy.PerfectMultiplicationPairing) :
  LinearStudy.Annihilates (nilradical (MvPowerSeries (Fin (n + 1)) K ⧸ Ideal.span (Set.range H)))
    ((Ideal.Quotient.mk (Ideal.span (Set.range H))) (Matrix.det fun i j => (MvPowerSeries.pderiv j) (H i)))
'LinearStudy.relativePowerSeriesQuotient_jacobian_annihilates_nilradical' depends on axioms: [propext,
 Classical.choice,
 Quot.sound]
LinearStudy.exists_residue_functional_lift.{u_1, u_2, u_3} {B : Type u_1} {A : Type u_2} [CommRing B] [CommRing A]
  [Algebra B A] [IsLocalRing B] {ι : Type u_3} [Fintype ι] [DecidableEq ι] (b : Module.Basis ι B A)
  (ellbar : Module.Dual (B ⧸ IsLocalRing.maximalIdeal B) (TensorProduct B (B ⧸ IsLocalRing.maximalIdeal B) A)) :
  ∃ ell, (Module.Dual.baseChange (B ⧸ IsLocalRing.maximalIdeal B)) ell = ellbar
'LinearStudy.exists_residue_functional_lift' depends on axioms: [propext, Classical.choice, Quot.sound]
LinearStudy.residue_multiplicationGram.{u_1, u_2, u_3} {B : Type u_1} {A : Type u_2} [CommRing B] [CommRing A]
  [Algebra B A] [IsLocalRing B] {ι : Type u_3} (b : Module.Basis ι B A) (ell : A →ₗ[B] B) :
  (LinearStudy.multiplicationGram b ell).map ⇑(Ideal.Quotient.mk (IsLocalRing.maximalIdeal B)) =
    LinearStudy.multiplicationGram (Module.Basis.baseChange (B ⧸ IsLocalRing.maximalIdeal B) b)
      ((Module.Dual.baseChange (B ⧸ IsLocalRing.maximalIdeal B)) ell)
'LinearStudy.residue_multiplicationGram' depends on axioms: [propext, Classical.choice, Quot.sound]
LinearStudy.exists_relative_perfectPairing_of_residue_socle.{u_1, u_2, u_3} {B : Type u_1} {A : Type u_2} [CommRing B]
  [CommRing A] [Algebra B A] [IsLocalRing B] {ι : Type u_3} [Fintype ι] [DecidableEq ι] (b : Module.Basis ι B A)
  [IsLocalRing (TensorProduct B (B ⧸ IsLocalRing.maximalIdeal B) A)]
  (delta : TensorProduct B (B ⧸ IsLocalRing.maximalIdeal B) A) (hdelta : delta ≠ 0)
  (hsoc :
    ∀ x ∈ Submodule.annihilator (IsLocalRing.maximalIdeal (TensorProduct B (B ⧸ IsLocalRing.maximalIdeal B) A)),
      ∃ u, x = u • delta) :
  Nonempty LinearStudy.PerfectMultiplicationPairing
'LinearStudy.exists_relative_perfectPairing_of_residue_socle' depends on axioms: [propext, Classical.choice, Quot.sound]
LinearStudy.exists_finiteFlat_pairing_of_residue_socle.{u_1, u_2} {B : Type u_1} {A : Type u_2} [CommRing B]
  [CommRing A] [Algebra B A] [IsLocalRing B] [Module.Finite B A] [Module.Flat B A]
  [IsLocalRing (TensorProduct B (B ⧸ IsLocalRing.maximalIdeal B) A)]
  (delta : TensorProduct B (B ⧸ IsLocalRing.maximalIdeal B) A) (hdelta : delta ≠ 0)
  (hsoc :
    ∀ x ∈ Submodule.annihilator (IsLocalRing.maximalIdeal (TensorProduct B (B ⧸ IsLocalRing.maximalIdeal B) A)),
      ∃ u, x = u • delta) :
  Nonempty LinearStudy.PerfectMultiplicationPairing
'LinearStudy.exists_finiteFlat_pairing_of_residue_socle' depends on axioms: [propext, Classical.choice, Quot.sound]
LinearStudy.primitive_of_residue_tensor_nonzero.{u_1, u_2} {B : Type u_1} {A : Type u_2} [CommRing B] [CommRing A]
  [Algebra B A] [IsLocalRing B] (delta : A) (hdelta : 1 ⊗ₜ[B] delta ≠ 0) : delta ∉ IsLocalRing.maximalIdeal B • ⊤
'LinearStudy.primitive_of_residue_tensor_nonzero' depends on axioms: [propext, Classical.choice, Quot.sound]
LinearStudy.finiteFlat_annihilator_from_closed_socle.{u_1, u_2} {B : Type u_1} {A : Type u_2} [CommRing B] [CommRing A]
  [Algebra B A] [IsLocalRing B] [Module.Finite B A] [Module.Flat B A]
  [IsLocalRing (TensorProduct B (B ⧸ IsLocalRing.maximalIdeal B) A)] (q : A →ₐ[B] B) (delta : A)
  (hd : LinearStudy.Annihilates (RingHom.ker q.toRingHom) delta) (hdelta : 1 ⊗ₜ[B] delta ≠ 0)
  (hsoc :
    ∀ x ∈ Submodule.annihilator (IsLocalRing.maximalIdeal (TensorProduct B (B ⧸ IsLocalRing.maximalIdeal B) A)),
      ∃ u, x = u • 1 ⊗ₜ[B] delta)
  (x : A) : LinearStudy.Annihilates (RingHom.ker q.toRingHom) x ↔ ∃ u, x = u • delta
'LinearStudy.finiteFlat_annihilator_from_closed_socle' depends on axioms: [propext, Classical.choice, Quot.sound]
LinearStudy.smooth_points_have_common_polynomial_coordinates.{u_1, u_2, u_3} {K : Type u_1} {σ : Type u_2}
  {ι : Type u_3} [Field K] [Infinite K] [Fintype σ] [DecidableEq σ] [Fintype ι] (I : Ideal (MvPolynomial σ K))
  (P : ι → Ideal (MvPolynomial σ K)) [∀ (a : ι), (P a).IsPrime] (x : ι → σ → K) (hIP : ∀ (a : ι), I ≤ P a)
  (hP : ∀ (a : ι), P a = RingHom.ker (MvPolynomial.aeval (x a)).toRingHom)
  [∀ (a : ι),
      Algebra.FormallySmooth K
        (Localization.AtPrime (P a) ⧸ Ideal.map (algebraMap (MvPolynomial σ K) (Localization.AtPrime (P a))) I)]
  {c : ℕ} (ν : Fin c → σ) (hν : Function.Injective ν)
  (hc :
    ∀ (a : ι),
      Module.finrank
          (Localization.AtPrime (P a) ⧸ Ideal.map (algebraMap (MvPolynomial σ K) (Localization.AtPrime (P a))) I)
          (LinearStudy.polynomialLocalQuotientExtension I (P a)).Cotangent =
        c) :
  ∃ G M,
    ∃ (hM : M.det ≠ 0),
      have e := LinearStudy.polynomialLinearChangeEquiv M hM;
      ∀ (a : ι),
        Ideal.map (algebraMap (MvPolynomial σ K) (Localization.AtPrime (P a))) I =
            Ideal.span (Set.range fun i => (algebraMap (MvPolynomial σ K) (Localization.AtPrime (P a))) (G a i)) ∧
          (∀ (i : Fin c), (MvPolynomial.eval (x a)) (G a i) = 0) ∧
            (∀ (i : Fin c), (MvPolynomial.eval (M⁻¹.mulVec (x a))) (e (G a i)) = 0) ∧
              (Matrix.det fun i k => (MvPolynomial.eval (M⁻¹.mulVec (x a))) ((MvPolynomial.pderiv (ν k)) (e (G a i)))) ≠
                0
'LinearStudy.smooth_points_have_common_polynomial_coordinates' depends on axioms: [propext,
 Classical.choice,
 Quot.sound]
LinearStudy.smooth_points_have_common_formal_normal_coordinates.{u_1, u_2, u_3} {K : Type u_1} {σ : Type u_2}
  {ι : Type u_3} [Field K] [Infinite K] [Fintype σ] [DecidableEq σ] [Fintype ι] (I : Ideal (MvPolynomial σ K))
  (P : ι → Ideal (MvPolynomial σ K)) [∀ (a : ι), (P a).IsPrime] (x : ι → σ → K) (hIP : ∀ (a : ι), I ≤ P a)
  (hP : ∀ (a : ι), P a = RingHom.ker (MvPolynomial.aeval (x a)).toRingHom)
  [∀ (a : ι),
      Algebra.FormallySmooth K
        (Localization.AtPrime (P a) ⧸ Ideal.map (algebraMap (MvPolynomial σ K) (Localization.AtPrime (P a))) I)]
  {c : ℕ} [Nonempty (Fin c)] (ν : Fin c → σ) (hν : Function.Injective ν)
  (hc :
    ∀ (a : ι),
      Module.finrank
          (Localization.AtPrime (P a) ⧸ Ideal.map (algebraMap (MvPolynomial σ K) (Localization.AtPrime (P a))) I)
          (LinearStudy.polynomialLocalQuotientExtension I (P a)).Cotangent =
        c) :
  ∃ r e M,
    ∃ (hM : M.det ≠ 0),
      ∃ G,
        have C := LinearStudy.polynomialLinearChangeEquiv M hM;
        have y := fun a => M⁻¹.mulVec (x a) ∘ ⇑e;
        have H := fun a i => (MvPolynomial.rename ⇑e.symm) (C (G a i));
        ∃ (hH : ∀ (a : ι) (i : Fin c), (MvPolynomial.eval (y a)) (H a i) = 0) (hJ :
          ∀ (a : ι),
            IsUnit (Matrix.det fun i j => (MvPolynomial.eval (y a)) ((MvPolynomial.pderiv (Sum.inr j)) (H a i)))),
          ∀ (a : ι),
            Ideal.map
                (((LinearStudy.polynomialSmoothFormalMap (y a) (H a) ⋯ ⋯).comp
                      (MvPolynomial.rename ⇑e.symm).toRingHom).comp
                  C.toRingEquiv.toRingHom)
                I =
              Ideal.span (Set.range MvPowerSeries.X)
'LinearStudy.smooth_points_have_common_formal_normal_coordinates' depends on axioms: [propext,
 Classical.choice,
 Quot.sound]
LinearStudy.extension_cotangent_free_of_formallySmooth.{u_1, u_2, u_3} {K : Type u_1} {S : Type u_2} [CommRing K]
  [CommRing S] [Algebra K S] [IsLocalRing S] (P : Algebra.Extension K S) [Algebra.FormallySmooth K P.Ring]
  [Algebra.FormallySmooth K S] (hP : P.ker.FG) : Module.Free S P.Cotangent
'LinearStudy.extension_cotangent_free_of_formallySmooth' depends on axioms: [propext, Classical.choice, Quot.sound]
LinearStudy.exists_local_extension_generators_of_cotangent_basis.{u_1, u_2, u_3, u_4} {K : Type u_1} {S : Type u_2}
  {ι : Type u_3} [CommRing K] [CommRing S] [Algebra K S] (P : Algebra.Extension K S) [IsNoetherianRing P.Ring]
  [IsLocalRing P.Ring] (hP : P.ker ≠ ⊤) (b : Module.Basis ι S P.Cotangent) :
  ∃ G, (∀ (i : ι), Algebra.Extension.Cotangent.mk (G i) = b i) ∧ Ideal.span (Set.range fun i => ↑(G i)) = P.ker
'LinearStudy.exists_local_extension_generators_of_cotangent_basis' depends on axioms: [propext,
 Classical.choice,
 Quot.sound]
LinearStudy.exists_local_extension_generators_of_formallySmooth.{u_1, u_2, u_3} {K : Type u_1} {S : Type u_2}
  [CommRing K] [CommRing S] [Algebra K S] [IsLocalRing S] (P : Algebra.Extension K S) [IsNoetherianRing P.Ring]
  [IsLocalRing P.Ring] [Algebra.FormallySmooth K P.Ring] [Algebra.FormallySmooth K S] (hP : P.ker ≠ ⊤) :
  ∃ n b G, (∀ (i : Fin n), Algebra.Extension.Cotangent.mk (G i) = b i) ∧ Ideal.span (Set.range fun i => ↑(G i)) = P.ker
'LinearStudy.exists_local_extension_generators_of_formallySmooth' depends on axioms: [propext,
 Classical.choice,
 Quot.sound]
LinearStudy.smooth_generators_coordinate_split_with_rank.{u_1, u_2} {K : Type u_1} {σ : Type u_2} [Field K] [Finite σ]
  (I P : Ideal (MvPolynomial σ K)) [P.IsPrime] (hIP : I ≤ P) (x : σ → K)
  (hP : P = RingHom.ker (MvPolynomial.aeval x).toRingHom)
  [Algebra.FormallySmooth K
      (Localization.AtPrime P ⧸ Ideal.map (algebraMap (MvPolynomial σ K) (Localization.AtPrime P)) I)] :
  ∃ r c e G,
    r =
        Module.finrank (Localization.AtPrime P ⧸ Ideal.map (algebraMap (MvPolynomial σ K) (Localization.AtPrime P)) I)
          Ω[Localization.AtPrime P ⧸ Ideal.map (algebraMap (MvPolynomial σ K) (Localization.AtPrime P)) I⁄K] ∧
      Ideal.map (algebraMap (MvPolynomial σ K) (Localization.AtPrime P)) I =
          Ideal.span (Set.range fun i => (algebraMap (MvPolynomial σ K) (Localization.AtPrime P)) (G i)) ∧
        (∀ (i : Fin c), (MvPolynomial.eval (x ∘ ⇑e)) ((MvPolynomial.rename ⇑e.symm) (G i)) = 0) ∧
          IsUnit
            (Matrix.det fun i j =>
              (MvPolynomial.eval (x ∘ ⇑e)) ((MvPolynomial.pderiv (Sum.inr j)) ((MvPolynomial.rename ⇑e.symm) (G i))))
'LinearStudy.smooth_generators_coordinate_split_with_rank' depends on axioms: [propext, Classical.choice, Quot.sound]
LinearStudy.exists_coordinate_split.{u_1} {σ : Type u_1} [Finite σ] {c : ℕ} (j : Fin c → σ)
  (hj : Function.Injective j) : ∃ r e, ∀ (i : Fin c), e (Sum.inr i) = j i
'LinearStudy.exists_coordinate_split' depends on axioms: [propext, Classical.choice, Quot.sound]
LinearStudy.polynomial_eval_coordinate_equiv.{u_1, u_2, u_3} {K : Type u_1} {σ : Type u_2} {τ : Type u_3} [CommRing K]
  (e : τ ≃ σ) (x : σ → K) (G : MvPolynomial σ K) :
  (MvPolynomial.eval (x ∘ ⇑e)) ((MvPolynomial.rename ⇑e.symm) G) = (MvPolynomial.eval x) G
'LinearStudy.polynomial_eval_coordinate_equiv' depends on axioms: [propext, Classical.choice, Quot.sound]
LinearStudy.polynomial_derivative_eval_coordinate_equiv.{u_1, u_2, u_3} {K : Type u_1} {σ : Type u_2} {τ : Type u_3}
  [CommRing K] (e : τ ≃ σ) (x : σ → K) (G : MvPolynomial σ K) (a : τ) :
  (MvPolynomial.eval (x ∘ ⇑e)) ((MvPolynomial.pderiv a) ((MvPolynomial.rename ⇑e.symm) G)) =
    (MvPolynomial.eval x) ((MvPolynomial.pderiv (e a)) G)
'LinearStudy.polynomial_derivative_eval_coordinate_equiv' depends on axioms: [propext, Classical.choice, Quot.sound]
LinearStudy.smooth_generators_exist_with_normal_coordinate_minor.{u_1, u_2} {K : Type u_1} {σ : Type u_2} [Field K]
  [Finite σ] (I P : Ideal (MvPolynomial σ K)) [P.IsPrime] (hIP : I ≤ P) (x : σ → K)
  (hP : P = RingHom.ker (MvPolynomial.aeval x).toRingHom)
  [Algebra.FormallySmooth K
      (Localization.AtPrime P ⧸ Ideal.map (algebraMap (MvPolynomial σ K) (Localization.AtPrime P)) I)] :
  ∃ r c e G,
    Ideal.map (algebraMap (MvPolynomial σ K) (Localization.AtPrime P)) I =
        Ideal.span (Set.range fun i => (algebraMap (MvPolynomial σ K) (Localization.AtPrime P)) (G i)) ∧
      (∀ (i : Fin c), (MvPolynomial.eval (x ∘ ⇑e)) ((MvPolynomial.rename ⇑e.symm) (G i)) = 0) ∧
        IsUnit
          (Matrix.det fun i j =>
            (MvPolynomial.eval (x ∘ ⇑e)) ((MvPolynomial.pderiv (Sum.inr j)) ((MvPolynomial.rename ⇑e.symm) (G i))))
'LinearStudy.smooth_generators_exist_with_normal_coordinate_minor' depends on axioms: [propext,
 Classical.choice,
 Quot.sound]
LinearStudy.smooth_extension_cotangent_decomposition.{u_1, u_2, u_3} {K : Type u_1} {S : Type u_2} [CommRing K]
  [CommRing S] [Algebra K S] (E : Algebra.Extension K S) [Algebra.FormallySmooth K E.Ring]
  [Algebra.FormallySmooth K S] : Nonempty (E.CotangentSpace ≃ₗ[S] E.Cotangent × Ω[S⁄K])
'LinearStudy.smooth_extension_cotangent_decomposition' depends on axioms: [propext, Classical.choice, Quot.sound]
LinearStudy.smooth_extension_cotangent_finrank_add.{u_1, u_2, u_3, u_4} {K : Type u_1} {S : Type u_2} {σ : Type u_3}
  [CommRing K] [CommRing S] [Algebra K S] [IsLocalRing S] [Fintype σ] (E : Algebra.Extension K S)
  [Algebra.FormallySmooth K E.Ring] [Algebra.FormallySmooth K S] (hE : E.ker.FG)
  (b : Module.Basis σ S E.CotangentSpace) : Module.finrank S E.Cotangent + Module.finrank S Ω[S⁄K] = Fintype.card σ
'LinearStudy.smooth_extension_cotangent_finrank_add' depends on axioms: [propext, Classical.choice, Quot.sound]
LinearStudy.polynomial_local_ideal_ne_top.{u_1, u_2} {K : Type u_1} {σ : Type u_2} [Field K]
  (I P : Ideal (MvPolynomial σ K)) [P.IsPrime] (hIP : I ≤ P) :
  Ideal.map (algebraMap (MvPolynomial σ K) (Localization.AtPrime P)) I ≠ ⊤
'LinearStudy.polynomial_local_ideal_ne_top' depends on axioms: [propext, Classical.choice, Quot.sound]
LinearStudy.polynomialLocalDifferentialModule.{u_1, u_2} {K : Type u_1} {σ : Type u_2} [Field K]
  (I P : Ideal (MvPolynomial σ K)) [P.IsPrime] :
  Module (Localization.AtPrime P ⧸ Ideal.map (algebraMap (MvPolynomial σ K) (Localization.AtPrime P)) I)
    Ω[Localization.AtPrime P ⧸ Ideal.map (algebraMap (MvPolynomial σ K) (Localization.AtPrime P)) I⁄K]
'LinearStudy.polynomialLocalDifferentialModule' depends on axioms: [propext, Classical.choice, Quot.sound]
LinearStudy.smooth_polynomial_cotangent_finrank_add.{u_1, u_2} {K : Type u_1} {σ : Type u_2} [Field K] [Finite σ]
  (I P : Ideal (MvPolynomial σ K)) [P.IsPrime] (hIP : I ≤ P)
  [Algebra.FormallySmooth K
      (Localization.AtPrime P ⧸ Ideal.map (algebraMap (MvPolynomial σ K) (Localization.AtPrime P)) I)] :
  let Q := Localization.AtPrime P ⧸ Ideal.map (algebraMap (MvPolynomial σ K) (Localization.AtPrime P)) I;
  Module.finrank Q (LinearStudy.polynomialLocalQuotientExtension I P).Cotangent + Module.finrank Q Ω[Q⁄K] = Nat.card σ
'LinearStudy.smooth_polynomial_cotangent_finrank_add' depends on axioms: [propext, Classical.choice, Quot.sound]
LinearStudy.smooth_polynomial_split_tangent_finrank.{u_1, u_2} {K : Type u_1} {σ : Type u_2} [Field K] [Finite σ]
  (I P : Ideal (MvPolynomial σ K)) [P.IsPrime] (hIP : I ≤ P)
  [Algebra.FormallySmooth K
      (Localization.AtPrime P ⧸ Ideal.map (algebraMap (MvPolynomial σ K) (Localization.AtPrime P)) I)]
  {r c : ℕ} (e : Fin r ⊕ Fin c ≃ σ)
  (b :
    Module.Basis (Fin c) (Localization.AtPrime P ⧸ Ideal.map (algebraMap (MvPolynomial σ K) (Localization.AtPrime P)) I)
      (LinearStudy.polynomialLocalQuotientExtension I P).Cotangent) :
  Module.finrank (Localization.AtPrime P ⧸ Ideal.map (algebraMap (MvPolynomial σ K) (Localization.AtPrime P)) I)
      Ω[Localization.AtPrime P ⧸ Ideal.map (algebraMap (MvPolynomial σ K) (Localization.AtPrime P)) I⁄K] =
    r
'LinearStudy.smooth_polynomial_split_tangent_finrank' depends on axioms: [propext, Classical.choice, Quot.sound]
LinearStudy.smooth_polynomial_jacobian_rows_linearIndependent.{u_1, u_2} {K : Type u_1} {σ : Type u_2} [Field K]
  [Finite σ] (I P : Ideal (MvPolynomial σ K)) [P.IsPrime]
  [Algebra.FormallySmooth K
      (Localization.AtPrime P ⧸ Ideal.map (algebraMap (MvPolynomial σ K) (Localization.AtPrime P)) I)]
  (ρ : Localization.AtPrime P ⧸ Ideal.map (algebraMap (MvPolynomial σ K) (Localization.AtPrime P)) I →ₐ[K] K) {n : ℕ}
  (G : Fin n → MvPolynomial σ K)
  (hG :
    ∀ (i : Fin n),
      (algebraMap (MvPolynomial σ K) (Localization.AtPrime P)) (G i) ∈
        (LinearStudy.polynomialLocalQuotientExtension I P).ker)
  (b :
    Module.Basis (Fin n) (Localization.AtPrime P ⧸ Ideal.map (algebraMap (MvPolynomial σ K) (Localization.AtPrime P)) I)
      (LinearStudy.polynomialLocalQuotientExtension I P).Cotangent)
  (hb :
    ∀ (i : Fin n),
      Algebra.Extension.Cotangent.mk ⟨(algebraMap (MvPolynomial σ K) (Localization.AtPrime P)) (G i), ⋯⟩ = b i) :
  LinearIndependent K fun i j =>
    ρ
      ((Ideal.Quotient.mk (Ideal.map (algebraMap (MvPolynomial σ K) (Localization.AtPrime P)) I))
        ((algebraMap (MvPolynomial σ K) (Localization.AtPrime P)) ((MvPolynomial.pderiv j) (G i))))
'LinearStudy.smooth_polynomial_jacobian_rows_linearIndependent' depends on axioms: [propext,
 Classical.choice,
 Quot.sound]
LinearStudy.exists_smooth_local_generators_of_conormal_rank.{u_1, u_2} {K : Type u_1} {σ : Type u_2} [Field K]
  [Finite σ] (I P : Ideal (MvPolynomial σ K)) [P.IsPrime] (hIP : I ≤ P) (x : σ → K)
  (hP : P = RingHom.ker (MvPolynomial.aeval x).toRingHom)
  [Algebra.FormallySmooth K
      (Localization.AtPrime P ⧸ Ideal.map (algebraMap (MvPolynomial σ K) (Localization.AtPrime P)) I)]
  (c : ℕ)
  (hc :
    Module.finrank (Localization.AtPrime P ⧸ Ideal.map (algebraMap (MvPolynomial σ K) (Localization.AtPrime P)) I)
        (LinearStudy.polynomialLocalQuotientExtension I P).Cotangent =
      c) :
  ∃ G,
    Ideal.map (algebraMap (MvPolynomial σ K) (Localization.AtPrime P)) I =
        Ideal.span (Set.range fun i => (algebraMap (MvPolynomial σ K) (Localization.AtPrime P)) (G i)) ∧
      (∀ (i : Fin c), (MvPolynomial.eval x) (G i) = 0) ∧
        LinearIndependent K fun i j => (MvPolynomial.eval x) ((MvPolynomial.pderiv j) (G i))
'LinearStudy.exists_smooth_local_generators_of_conormal_rank' depends on axioms: [propext, Classical.choice, Quot.sound]
LinearStudy.smoothCoordinateImages.{u_1, u_2, u_3} {K : Type u_1} {α : Type u_2} {β : Type u_3} [Field K]
  (G : β → MvPowerSeries (α ⊕ β) K) : α ⊕ β → MvPowerSeries (α ⊕ β) K
'LinearStudy.smoothCoordinateImages' depends on axioms: [propext, Classical.choice, Quot.sound]
LinearStudy.smoothCoordinateImages_linearPart_det.{u_1, u_2, u_3} {K : Type u_1} {α : Type u_2} {β : Type u_3} [Field K]
  [Fintype α] [Fintype β] [DecidableEq α] [DecidableEq β] (G : β → MvPowerSeries (α ⊕ β) K) :
  (Matrix.det fun i j =>
      MvPowerSeries.constantCoeff ((MvPowerSeries.pderiv j) (LinearStudy.smoothCoordinateImages G i))) =
    Matrix.det fun i j => MvPowerSeries.constantCoeff ((MvPowerSeries.pderiv (Sum.inr j)) (G i))
'LinearStudy.smoothCoordinateImages_linearPart_det' depends on axioms: [propext, Classical.choice, Quot.sound]
LinearStudy.smoothCoordinateImages_constantCoeff_zero.{u_1, u_2, u_3} {K : Type u_1} {α : Type u_2} {β : Type u_3}
  [Field K] (G : β → MvPowerSeries (α ⊕ β) K) (hG : ∀ (j : β), MvPowerSeries.constantCoeff (G j) = 0) (i : α ⊕ β) :
  MvPowerSeries.constantCoeff (LinearStudy.smoothCoordinateImages G i) = 0
'LinearStudy.smoothCoordinateImages_constantCoeff_zero' depends on axioms: [propext, Classical.choice, Quot.sound]
LinearStudy.smoothFormalCoordinateEquiv.{u_1, u_2, u_3} {K : Type u_1} {α : Type u_2} {β : Type u_3} [Field K]
  [Fintype α] [Fintype β] [DecidableEq α] [DecidableEq β] [Nonempty β] (G : β → MvPowerSeries (α ⊕ β) K)
  (hG : ∀ (j : β), MvPowerSeries.constantCoeff (G j) = 0)
  (hJ : IsUnit (Matrix.det fun i j => MvPowerSeries.constantCoeff ((MvPowerSeries.pderiv (Sum.inr j)) (G i)))) :
  MvPowerSeries (α ⊕ β) K ≃ₐ[K] MvPowerSeries (α ⊕ β) K
'LinearStudy.smoothFormalCoordinateEquiv' depends on axioms: [propext, Classical.choice, Quot.sound]
LinearStudy.smoothFormalCoordinateEquiv_parameter.{u_1, u_2, u_3} {K : Type u_1} {α : Type u_2} {β : Type u_3} [Field K]
  [Fintype α] [Fintype β] [DecidableEq α] [DecidableEq β] [Nonempty β] (G : β → MvPowerSeries (α ⊕ β) K)
  (hG : ∀ (j : β), MvPowerSeries.constantCoeff (G j) = 0)
  (hJ : IsUnit (Matrix.det fun i j => MvPowerSeries.constantCoeff ((MvPowerSeries.pderiv (Sum.inr j)) (G i)))) (i : α) :
  (LinearStudy.smoothFormalCoordinateEquiv G hG hJ) (MvPowerSeries.X (Sum.inl i)) = MvPowerSeries.X (Sum.inl i)
'LinearStudy.smoothFormalCoordinateEquiv_parameter' depends on axioms: [propext, Classical.choice, Quot.sound]
LinearStudy.smoothFormalCoordinateEquiv_normal.{u_1, u_2, u_3} {K : Type u_1} {α : Type u_2} {β : Type u_3} [Field K]
  [Fintype α] [Fintype β] [DecidableEq α] [DecidableEq β] [Nonempty β] (G : β → MvPowerSeries (α ⊕ β) K)
  (hG : ∀ (j : β), MvPowerSeries.constantCoeff (G j) = 0)
  (hJ : IsUnit (Matrix.det fun i j => MvPowerSeries.constantCoeff ((MvPowerSeries.pderiv (Sum.inr j)) (G i)))) (j : β) :
  (LinearStudy.smoothFormalCoordinateEquiv G hG hJ) (MvPowerSeries.X (Sum.inr j)) = G j
'LinearStudy.smoothFormalCoordinateEquiv_normal' depends on axioms: [propext, Classical.choice, Quot.sound]
LinearStudy.smoothFormalCoordinateEquiv_parameter_series.{u_1, u_2, u_3} {K : Type u_1} {α : Type u_2} {β : Type u_3}
  [Field K] [Fintype α] [Fintype β] [DecidableEq α] [DecidableEq β] [Nonempty β] (G : β → MvPowerSeries (α ⊕ β) K)
  (hG : ∀ (j : β), MvPowerSeries.constantCoeff (G j) = 0)
  (hJ : IsUnit (Matrix.det fun i j => MvPowerSeries.constantCoeff ((MvPowerSeries.pderiv (Sum.inr j)) (G i))))
  (b : MvPowerSeries α K) :
  (LinearStudy.smoothFormalCoordinateEquiv G hG hJ) ((MvPowerSeries.rename Sum.inl) b) =
    (MvPowerSeries.rename Sum.inl) b
'LinearStudy.smoothFormalCoordinateEquiv_parameter_series' depends on axioms: [propext, Classical.choice, Quot.sound]
LinearStudy.normalVariableQuotientEquiv.{u_1} {K : Type u_1} [Field K] (r c : ℕ) [Nonempty (Fin c)] :
  MvPowerSeries (Fin r ⊕ Fin c) K ⧸ Ideal.span (Set.range fun j => MvPowerSeries.X (Sum.inr j)) ≃+*
    MvPowerSeries (Fin r) K
'LinearStudy.normalVariableQuotientEquiv' depends on axioms: [propext, Classical.choice, Quot.sound]
LinearStudy.normalVariableQuotientEquiv_mk.{u_1} {K : Type u_1} [Field K] (r c : ℕ) [Nonempty (Fin c)]
  (f : MvPowerSeries (Fin r ⊕ Fin c) K) :
  (LinearStudy.normalVariableQuotientEquiv r c)
      ((Ideal.Quotient.mk (Ideal.span (Set.range fun j => MvPowerSeries.X (Sum.inr j)))) f) =
    MvPowerSeries.constantCoeff ((LinearStudy.powerSeriesCoordinateChart K r c).symm f)
'LinearStudy.normalVariableQuotientEquiv_mk' depends on axioms: [propext, Classical.choice, Quot.sound]
LinearStudy.smoothFormalQuotientEquiv.{u_1} {K : Type u_1} [Field K] (r c : ℕ) [Nonempty (Fin c)]
  (G : Fin c → MvPowerSeries (Fin r ⊕ Fin c) K) (hG : ∀ (j : Fin c), MvPowerSeries.constantCoeff (G j) = 0)
  (hJ : IsUnit (Matrix.det fun i j => MvPowerSeries.constantCoeff ((MvPowerSeries.pderiv (Sum.inr j)) (G i)))) :
  MvPowerSeries (Fin r ⊕ Fin c) K ⧸ Ideal.span (Set.range G) ≃+* MvPowerSeries (Fin r) K
'LinearStudy.smoothFormalQuotientEquiv' depends on axioms: [propext, Classical.choice, Quot.sound]
LinearStudy.smoothFormalQuotientEquiv_mk.{u_1} {K : Type u_1} [Field K] (r c : ℕ) [Nonempty (Fin c)]
  (G : Fin c → MvPowerSeries (Fin r ⊕ Fin c) K) (hG : ∀ (j : Fin c), MvPowerSeries.constantCoeff (G j) = 0)
  (hJ : IsUnit (Matrix.det fun i j => MvPowerSeries.constantCoeff ((MvPowerSeries.pderiv (Sum.inr j)) (G i))))
  (f : MvPowerSeries (Fin r ⊕ Fin c) K) :
  (LinearStudy.smoothFormalQuotientEquiv r c G hG hJ) ((Ideal.Quotient.mk (Ideal.span (Set.range G))) f) =
    MvPowerSeries.constantCoeff
      ((LinearStudy.powerSeriesCoordinateChart K r c).symm ((LinearStudy.smoothFormalCoordinateEquiv G hG hJ).symm f))
'LinearStudy.smoothFormalQuotientEquiv_mk' depends on axioms: [propext, Classical.choice, Quot.sound]
LinearStudy.smoothFormalQuotientEquiv_parameter_series.{u_1} {K : Type u_1} [Field K] (r c : ℕ) [Nonempty (Fin c)]
  (G : Fin c → MvPowerSeries (Fin r ⊕ Fin c) K) (hG : ∀ (j : Fin c), MvPowerSeries.constantCoeff (G j) = 0)
  (hJ : IsUnit (Matrix.det fun i j => MvPowerSeries.constantCoeff ((MvPowerSeries.pderiv (Sum.inr j)) (G i))))
  (b : MvPowerSeries (Fin r) K) :
  (LinearStudy.smoothFormalQuotientEquiv r c G hG hJ)
      ((Ideal.Quotient.mk (Ideal.span (Set.range G))) ((MvPowerSeries.rename Sum.inl) b)) =
    b
'LinearStudy.smoothFormalQuotientEquiv_parameter_series' depends on axioms: [propext, Classical.choice, Quot.sound]
LinearStudy.smoothPullbackEquations.{u_1} {K : Type u_1} [Field K] {r c : ℕ} [Nonempty (Fin c)] (x : Fin r ⊕ Fin c → K)
  (G : Fin c → MvPolynomial (Fin r ⊕ Fin c) K) (hG : ∀ (i : Fin c), (MvPolynomial.eval x) (G i) = 0)
  (hJ : IsUnit (Matrix.det fun i j => (MvPolynomial.eval x) ((MvPolynomial.pderiv (Sum.inr j)) (G i))))
  (F : Fin r ⊕ Fin c → MvPolynomial (Fin r ⊕ Fin c) K) (H : Fin c → MvPolynomial (Fin r ⊕ Fin c) K) :
  Fin c → MvPowerSeries (Fin c) (MvPowerSeries (Fin r) K)
'LinearStudy.smoothPullbackEquations' depends on axioms: [propext, Classical.choice, Quot.sound]
LinearStudy.smooth_invariant_local_pullback_radical.{u_1} {K : Type u_1} [Field K] {r c : ℕ} [Nonempty (Fin c)]
  (I P Q : Ideal (MvPolynomial (Fin r ⊕ Fin c) K)) [P.IsPrime] [Q.IsPrime] (x : Fin r ⊕ Fin c → K)
  (F : Fin r ⊕ Fin c → MvPolynomial (Fin r ⊕ Fin c) K) (hP : P = RingHom.ker (MvPolynomial.aeval x).toRingHom)
  (hQ : Q = RingHom.ker (MvPolynomial.aeval fun i => (MvPolynomial.eval x) (F i)).toRingHom)
  (hrad : (Ideal.map (MvPolynomial.aeval F).toRingHom I).radical = I) (G H : Fin c → MvPolynomial (Fin r ⊕ Fin c) K)
  (hG : ∀ (i : Fin c), (MvPolynomial.eval x) (G i) = 0)
  (hJ : IsUnit (Matrix.det fun i j => (MvPolynomial.eval x) ((MvPolynomial.pderiv (Sum.inr j)) (G i))))
  (hsource :
    Ideal.map (algebraMap (MvPolynomial (Fin r ⊕ Fin c) K) (Localization.AtPrime P)) I =
      Ideal.span (Set.range fun i => (algebraMap (MvPolynomial (Fin r ⊕ Fin c) K) (Localization.AtPrime P)) (G i)))
  (htarget :
    Ideal.map (algebraMap (MvPolynomial (Fin r ⊕ Fin c) K) (Localization.AtPrime Q)) I =
      Ideal.span (Set.range fun i => (algebraMap (MvPolynomial (Fin r ⊕ Fin c) K) (Localization.AtPrime Q)) (H i))) :
  (Ideal.span (Set.range (LinearStudy.smoothPullbackEquations x G hG hJ F H))).radical =
    Ideal.span (Set.range MvPowerSeries.X)
'LinearStudy.smooth_invariant_local_pullback_radical' depends on axioms: [propext, Classical.choice, Quot.sound]
LinearStudy.smooth_invariant_local_pullback_structure.{u_1} {K : Type u_1} [Field K] {r c : ℕ} [Nonempty (Fin c)]
  (hr : 0 < r) (hc : 0 < c) (I P Q : Ideal (MvPolynomial (Fin r ⊕ Fin c) K)) [P.IsPrime] [Q.IsPrime]
  (x : Fin r ⊕ Fin c → K) (F : Fin r ⊕ Fin c → MvPolynomial (Fin r ⊕ Fin c) K)
  (hP : P = RingHom.ker (MvPolynomial.aeval x).toRingHom)
  (hQ : Q = RingHom.ker (MvPolynomial.aeval fun i => (MvPolynomial.eval x) (F i)).toRingHom)
  (hrad : (Ideal.map (MvPolynomial.aeval F).toRingHom I).radical = I) (G H : Fin c → MvPolynomial (Fin r ⊕ Fin c) K)
  (hG : ∀ (i : Fin c), (MvPolynomial.eval x) (G i) = 0)
  (hJ : IsUnit (Matrix.det fun i j => (MvPolynomial.eval x) ((MvPolynomial.pderiv (Sum.inr j)) (G i))))
  (hsource :
    Ideal.map (algebraMap (MvPolynomial (Fin r ⊕ Fin c) K) (Localization.AtPrime P)) I =
      Ideal.span (Set.range fun i => (algebraMap (MvPolynomial (Fin r ⊕ Fin c) K) (Localization.AtPrime P)) (G i)))
  (htarget :
    Ideal.map (algebraMap (MvPolynomial (Fin r ⊕ Fin c) K) (Localization.AtPrime Q)) I =
      Ideal.span (Set.range fun i => (algebraMap (MvPolynomial (Fin r ⊕ Fin c) K) (Localization.AtPrime Q)) (H i))) :
  have L := LinearStudy.smoothPullbackEquations x G hG hJ F H;
  RingTheory.Sequence.IsRegular (MvPowerSeries (Fin c) (MvPowerSeries (Fin r) K)) (List.ofFn L) ∧
    Module.Finite (MvPowerSeries (Fin r) K)
        (MvPowerSeries (Fin c) (MvPowerSeries (Fin r) K) ⧸ Ideal.span (Set.range L)) ∧
      Module.Free (MvPowerSeries (Fin r) K) (MvPowerSeries (Fin c) (MvPowerSeries (Fin r) K) ⧸ Ideal.span (Set.range L))
'LinearStudy.smooth_invariant_local_pullback_structure' depends on axioms: [propext, Classical.choice, Quot.sound]
LinearStudy.polynomialLocalCotangentSpaceBasis.{u_1, u_2} {K : Type u_1} {σ : Type u_2} [Field K]
  (I P : Ideal (MvPolynomial σ K)) [P.IsPrime] :
  Module.Basis σ (Localization.AtPrime P ⧸ Ideal.map (algebraMap (MvPolynomial σ K) (Localization.AtPrime P)) I)
    (LinearStudy.polynomialLocalQuotientExtension I P).CotangentSpace
'LinearStudy.polynomialLocalCotangentSpaceBasis' depends on axioms: [propext, Classical.choice, Quot.sound]
LinearStudy.polynomialLocalCotangentSpaceBasis_repr_mk.{u_1, u_2} {K : Type u_1} {σ : Type u_2} [Field K]
  (I P : Ideal (MvPolynomial σ K)) [P.IsPrime] (G : MvPolynomial σ K)
  (hG :
    (algebraMap (MvPolynomial σ K) (Localization.AtPrime P)) G ∈ (LinearStudy.polynomialLocalQuotientExtension I P).ker)
  (i : σ) :
  ((LinearStudy.polynomialLocalCotangentSpaceBasis I P).repr
        ((LinearStudy.polynomialLocalQuotientExtension I P).cotangentComplex
          (Algebra.Extension.Cotangent.mk ⟨(algebraMap (MvPolynomial σ K) (Localization.AtPrime P)) G, hG⟩)))
      i =
    (Ideal.Quotient.mk (Ideal.map (algebraMap (MvPolynomial σ K) (Localization.AtPrime P)) I))
      ((algebraMap (MvPolynomial σ K) (Localization.AtPrime P)) ((MvPolynomial.pderiv i) G))
'LinearStudy.polynomialLocalCotangentSpaceBasis_repr_mk' depends on axioms: [propext, Classical.choice, Quot.sound]
LinearStudy.smooth_polynomial_jacobian_nonzero_minor.{u_1, u_2} {K : Type u_1} {σ : Type u_2} [Field K] [Finite σ]
  (I P : Ideal (MvPolynomial σ K)) [P.IsPrime]
  [Algebra.FormallySmooth K
      (Localization.AtPrime P ⧸ Ideal.map (algebraMap (MvPolynomial σ K) (Localization.AtPrime P)) I)]
  (ρ : Localization.AtPrime P ⧸ Ideal.map (algebraMap (MvPolynomial σ K) (Localization.AtPrime P)) I →ₐ[K] K) {n : ℕ}
  (G : Fin n → MvPolynomial σ K)
  (hG :
    ∀ (i : Fin n),
      (algebraMap (MvPolynomial σ K) (Localization.AtPrime P)) (G i) ∈
        (LinearStudy.polynomialLocalQuotientExtension I P).ker)
  (b :
    Module.Basis (Fin n) (Localization.AtPrime P ⧸ Ideal.map (algebraMap (MvPolynomial σ K) (Localization.AtPrime P)) I)
      (LinearStudy.polynomialLocalQuotientExtension I P).Cotangent)
  (hb :
    ∀ (i : Fin n),
      Algebra.Extension.Cotangent.mk ⟨(algebraMap (MvPolynomial σ K) (Localization.AtPrime P)) (G i), ⋯⟩ = b i) :
  ∃ j,
    Function.Injective j ∧
      (Matrix.det fun i k =>
          ρ
            ((Ideal.Quotient.mk (Ideal.map (algebraMap (MvPolynomial σ K) (Localization.AtPrime P)) I))
              ((algebraMap (MvPolynomial σ K) (Localization.AtPrime P)) ((MvPolynomial.pderiv (j k)) (G i))))) ≠
        0
'LinearStudy.smooth_polynomial_jacobian_nonzero_minor' depends on axioms: [propext, Classical.choice, Quot.sound]
LinearStudy.exists_smooth_polynomial_jacobian_generators_at_point.{u_1, u_2} {K : Type u_1} {σ : Type u_2} [Field K]
  [Finite σ] (I P : Ideal (MvPolynomial σ K)) [P.IsPrime] (hIP : I ≤ P) (x : σ → K)
  (hP : P = RingHom.ker (MvPolynomial.aeval x).toRingHom)
  [Algebra.FormallySmooth K
      (Localization.AtPrime P ⧸ Ideal.map (algebraMap (MvPolynomial σ K) (Localization.AtPrime P)) I)] :
  ∃ n G,
    Ideal.map (algebraMap (MvPolynomial σ K) (Localization.AtPrime P)) I =
        Ideal.span (Set.range fun i => (algebraMap (MvPolynomial σ K) (Localization.AtPrime P)) (G i)) ∧
      (∀ (i : Fin n), (MvPolynomial.eval x) (G i) = 0) ∧
        ∃ j,
          Function.Injective j ∧ (Matrix.det fun i k => (MvPolynomial.eval x) ((MvPolynomial.pderiv (j k)) (G i))) ≠ 0
'LinearStudy.exists_smooth_polynomial_jacobian_generators_at_point' depends on axioms: [propext,
 Classical.choice,
 Quot.sound]
LinearStudy.quotient_smoothAt_formallySmooth_localized_ideal.{u_1, u_2} {K : Type u_1} {R : Type u_2} [CommRing K]
  [CommRing R] [Algebra K R] (I : Ideal R) (p : Ideal (R ⧸ I)) [p.IsPrime] [Algebra.IsSmoothAt K p] :
  Algebra.FormallySmooth K
    (Localization.AtPrime (Ideal.comap (Ideal.Quotient.mk I) p) ⧸
      Ideal.map (algebraMap R (Localization.AtPrime (Ideal.comap (Ideal.Quotient.mk I) p))) I)
'LinearStudy.quotient_smoothAt_formallySmooth_localized_ideal' depends on axioms: [propext,
 Classical.choice,
 Quot.sound]
LinearStudy.smoothLocus_prime_points_have_common_formal_normal_coordinates.{u_1, u_2, u_3} {K : Type u_1} {σ : Type u_2}
  {ι : Type u_3} [Field K] [Infinite K] [Fintype σ] [DecidableEq σ] [Fintype ι] [Nonempty ι]
  (I : Ideal (MvPolynomial σ K)) [I.IsPrime] (hI : I ≠ ⊥) (p : ι → Ideal (MvPolynomial σ K ⧸ I))
  [∀ (a : ι), (p a).IsPrime] [∀ (a : ι), Algebra.IsSmoothAt K (p a)] (x : ι → σ → K)
  (hp : ∀ (a : ι), Ideal.comap (Ideal.Quotient.mk I) (p a) = RingHom.ker (MvPolynomial.aeval (x a)).toRingHom) :
  ∃ r c,
    ∃ (hc : 0 < c),
      ∃ e M,
        ∃ (hM : M.det ≠ 0),
          ∃ G,
            have C := LinearStudy.polynomialLinearChangeEquiv M hM;
            have y := fun a => M⁻¹.mulVec (x a) ∘ ⇑e;
            have H := fun a i => (MvPolynomial.rename ⇑e.symm) (C (G a i));
            ∃ (hH : ∀ (a : ι) (i : Fin c), (MvPolynomial.eval (y a)) (H a i) = 0) (hJ :
              ∀ (a : ι),
                IsUnit (Matrix.det fun i j => (MvPolynomial.eval (y a)) ((MvPolynomial.pderiv (Sum.inr j)) (H a i)))),
              ∀ (a : ι),
                Ideal.map
                    (((LinearStudy.polynomialSmoothFormalMap (y a) (H a) ⋯ ⋯).comp
                          (MvPolynomial.rename ⇑e.symm).toRingHom).comp
                      C.toRingEquiv.toRingHom)
                    I =
                  Ideal.span (Set.range MvPowerSeries.X)
'LinearStudy.smoothLocus_prime_points_have_common_formal_normal_coordinates' depends on axioms: [propext,
 Classical.choice,
 Quot.sound]
LinearStudy.smoothNormalCoordinateJacobian.{u_1} {K : Type u_1} [Field K] {r c : ℕ} [Nonempty (Fin c)]
  (x : Fin r ⊕ Fin c → K) (G : Fin c → MvPolynomial (Fin r ⊕ Fin c) K)
  (hG : ∀ (i : Fin c), (MvPolynomial.eval x) (G i) = 0)
  (hJ : IsUnit (Matrix.det fun i j => (MvPolynomial.eval x) ((MvPolynomial.pderiv (Sum.inr j)) (G i)))) :
  Matrix (Fin c) (Fin c) (MvPowerSeries (Fin c) (MvPowerSeries (Fin r) K))
'LinearStudy.smoothNormalCoordinateJacobian' depends on axioms: [propext, Classical.choice, Quot.sound]
LinearStudy.smooth_normal_jacobian_matrix.{u_1} {K : Type u_1} [Field K] {r c : ℕ} [Nonempty (Fin c)]
  (x : Fin r ⊕ Fin c → K) (G : Fin c → MvPolynomial (Fin r ⊕ Fin c) K)
  (hG : ∀ (i : Fin c), (MvPolynomial.eval x) (G i) = 0)
  (hJ : IsUnit (Matrix.det fun i j => (MvPolynomial.eval x) ((MvPolynomial.pderiv (Sum.inr j)) (G i))))
  (P : Fin c → MvPolynomial (Fin r ⊕ Fin c) K) :
  (fun i j => (MvPowerSeries.pderiv j) ((LinearStudy.polynomialSmoothFormalMap x G hG hJ) (P i))) =
    (Matrix.of fun i j => (LinearStudy.polynomialSmoothFormalMap x G hG hJ) ((MvPolynomial.pderiv (Sum.inr j)) (P i))) *
      LinearStudy.smoothNormalCoordinateJacobian x G hG hJ
'LinearStudy.smooth_normal_jacobian_matrix' depends on axioms: [propext, Classical.choice, Quot.sound]
LinearStudy.smooth_normal_coordinate_jacobian_inverse.{u_1} {K : Type u_1} [Field K] {r c : ℕ} [Nonempty (Fin c)]
  (x : Fin r ⊕ Fin c → K) (G : Fin c → MvPolynomial (Fin r ⊕ Fin c) K)
  (hG : ∀ (i : Fin c), (MvPolynomial.eval x) (G i) = 0)
  (hJ : IsUnit (Matrix.det fun i j => (MvPolynomial.eval x) ((MvPolynomial.pderiv (Sum.inr j)) (G i)))) :
  (Matrix.of fun i j => (LinearStudy.polynomialSmoothFormalMap x G hG hJ) ((MvPolynomial.pderiv (Sum.inr j)) (G i))) *
      LinearStudy.smoothNormalCoordinateJacobian x G hG hJ =
    1
'LinearStudy.smooth_normal_coordinate_jacobian_inverse' depends on axioms: [propext, Classical.choice, Quot.sound]
LinearStudy.smooth_normal_coordinate_jacobian_det_unit.{u_1} {K : Type u_1} [Field K] {r c : ℕ} [Nonempty (Fin c)]
  (x : Fin r ⊕ Fin c → K) (G : Fin c → MvPolynomial (Fin r ⊕ Fin c) K)
  (hG : ∀ (i : Fin c), (MvPolynomial.eval x) (G i) = 0)
  (hJ : IsUnit (Matrix.det fun i j => (MvPolynomial.eval x) ((MvPolynomial.pderiv (Sum.inr j)) (G i)))) :
  IsUnit (LinearStudy.smoothNormalCoordinateJacobian x G hG hJ).det
'LinearStudy.smooth_normal_coordinate_jacobian_det_unit' depends on axioms: [propext, Classical.choice, Quot.sound]
LinearStudy.smooth_normal_jacobian_det_factor.{u_1} {K : Type u_1} [Field K] {r c : ℕ} [Nonempty (Fin c)]
  (x : Fin r ⊕ Fin c → K) (G : Fin c → MvPolynomial (Fin r ⊕ Fin c) K)
  (hG : ∀ (i : Fin c), (MvPolynomial.eval x) (G i) = 0)
  (hJ : IsUnit (Matrix.det fun i j => (MvPolynomial.eval x) ((MvPolynomial.pderiv (Sum.inr j)) (G i))))
  (P : Fin c → MvPolynomial (Fin r ⊕ Fin c) K) :
  (Matrix.det fun i j => (MvPowerSeries.pderiv j) ((LinearStudy.polynomialSmoothFormalMap x G hG hJ) (P i))) =
    (LinearStudy.polynomialSmoothFormalMap x G hG hJ) (Matrix.det fun i j => (MvPolynomial.pderiv (Sum.inr j)) (P i)) *
      (LinearStudy.smoothNormalCoordinateJacobian x G hG hJ).det
'LinearStudy.smooth_normal_jacobian_det_factor' depends on axioms: [propext, Classical.choice, Quot.sound]
LinearStudy.smooth_normal_jacobian_quotient_span.{u_1} {K : Type u_1} [Field K] {r c : ℕ} [Nonempty (Fin c)]
  (x : Fin r ⊕ Fin c → K) (G : Fin c → MvPolynomial (Fin r ⊕ Fin c) K)
  (hG : ∀ (i : Fin c), (MvPolynomial.eval x) (G i) = 0)
  (hJ : IsUnit (Matrix.det fun i j => (MvPolynomial.eval x) ((MvPolynomial.pderiv (Sum.inr j)) (G i))))
  (P : Fin c → MvPolynomial (Fin r ⊕ Fin c) K) (J : Ideal (MvPowerSeries (Fin c) (MvPowerSeries (Fin r) K))) :
  Ideal.span
      {(Ideal.Quotient.mk J)
          (Matrix.det fun i j => (MvPowerSeries.pderiv j) ((LinearStudy.polynomialSmoothFormalMap x G hG hJ) (P i)))} =
    Ideal.span
      {(Ideal.Quotient.mk J)
          ((LinearStudy.polynomialSmoothFormalMap x G hG hJ)
            (Matrix.det fun i j => (MvPolynomial.pderiv (Sum.inr j)) (P i)))}
'LinearStudy.smooth_normal_jacobian_quotient_span' depends on axioms: [propext, Classical.choice, Quot.sound]
LinearStudy.smooth_normal_polynomial_jacobian_nonzero.{u_1} {K : Type u_1} [Field K] {r c : ℕ} [Nonempty (Fin c)]
  (x : Fin r ⊕ Fin c → K) (G : Fin c → MvPolynomial (Fin r ⊕ Fin c) K)
  (hG : ∀ (i : Fin c), (MvPolynomial.eval x) (G i) = 0)
  (hJ : IsUnit (Matrix.det fun i j => (MvPolynomial.eval x) ((MvPolynomial.pderiv (Sum.inr j)) (G i))))
  (P : Fin c → MvPolynomial (Fin r ⊕ Fin c) K) (J : Ideal (MvPowerSeries (Fin c) (MvPowerSeries (Fin r) K)))
  (hne :
    (Ideal.Quotient.mk J)
        (Matrix.det fun i j => (MvPowerSeries.pderiv j) ((LinearStudy.polynomialSmoothFormalMap x G hG hJ) (P i))) ≠
      0) :
  (Ideal.Quotient.mk J)
      ((LinearStudy.polynomialSmoothFormalMap x G hG hJ)
        (Matrix.det fun i j => (MvPolynomial.pderiv (Sum.inr j)) (P i))) ≠
    0
'LinearStudy.smooth_normal_polynomial_jacobian_nonzero' depends on axioms: [propext, Classical.choice, Quot.sound]
LinearStudy.domain_exists_smooth_rational_point_avoiding.{u_1, u_2} {K : Type u_1} {A : Type u_2} [Field K]
  [IsAlgClosed K] [PerfectField K] [CommRing A] [IsDomain A] [Algebra K A] [Algebra.FinitePresentation K A] (h : A)
  (hh : h ≠ 0) : ∃ ρ, ρ h ≠ 0 ∧ LinearStudy.rationalPointPrime ρ ∈ Algebra.smoothLocus K A
'LinearStudy.domain_exists_smooth_rational_point_avoiding' depends on axioms: [propext, Classical.choice, Quot.sound]
LinearStudy.polynomialSmoothAmbientEquiv.{u_1} {K : Type u_1} [Field K] {r c : ℕ} [Nonempty (Fin c)]
  (x : Fin r ⊕ Fin c → K) (G : Fin c → MvPolynomial (Fin r ⊕ Fin c) K)
  (hG : ∀ (i : Fin c), (MvPolynomial.eval x) (G i) = 0)
  (hJ : IsUnit (Matrix.det fun i j => (MvPolynomial.eval x) ((MvPolynomial.pderiv (Sum.inr j)) (G i)))) :
  MvPowerSeries (Fin r ⊕ Fin c) K ≃+* MvPowerSeries (Fin c) (MvPowerSeries (Fin r) K)
'LinearStudy.polynomialSmoothAmbientEquiv' depends on axioms: [propext, Classical.choice, Quot.sound]
LinearStudy.polynomialSmoothAmbientEquiv_polynomial.{u_1} {K : Type u_1} [Field K] {r c : ℕ} [Nonempty (Fin c)]
  (x : Fin r ⊕ Fin c → K) (G : Fin c → MvPolynomial (Fin r ⊕ Fin c) K)
  (hG : ∀ (i : Fin c), (MvPolynomial.eval x) (G i) = 0)
  (hJ : IsUnit (Matrix.det fun i j => (MvPolynomial.eval x) ((MvPolynomial.pderiv (Sum.inr j)) (G i))))
  (P : MvPolynomial (Fin r ⊕ Fin c) K) :
  (LinearStudy.polynomialSmoothAmbientEquiv x G hG hJ) ((LinearStudy.formalPolynomialAtPoint x) P) =
    (LinearStudy.polynomialSmoothFormalMap x G hG hJ) P
'LinearStudy.polynomialSmoothAmbientEquiv_polynomial' depends on axioms: [propext, Classical.choice, Quot.sound]
LinearStudy.smoothPolynomialFormalFiberEquiv.{u_1} {K : Type u_1} [Field K] {r c : ℕ} [Nonempty (Fin c)]
  (I : Ideal (MvPolynomial (Fin r ⊕ Fin c) K)) [IsArtinianRing (MvPolynomial (Fin r ⊕ Fin c) K ⧸ I)]
  (q : MvPolynomial (Fin r ⊕ Fin c) K ⧸ I →ₐ[K] K) (G : Fin c → MvPolynomial (Fin r ⊕ Fin c) K)
  (hG : ∀ (i : Fin c), (MvPolynomial.eval fun j => q ((Ideal.Quotient.mk I) (MvPolynomial.X j))) (G i) = 0)
  (hJ :
    IsUnit
      (Matrix.det fun i j =>
        (MvPolynomial.eval fun j => q ((Ideal.Quotient.mk I) (MvPolynomial.X j)))
          ((MvPolynomial.pderiv (Sum.inr j)) (G i)))) :
  let x := fun j => q ((Ideal.Quotient.mk I) (MvPolynomial.X j));
  MvPowerSeries (Fin c) (MvPowerSeries (Fin r) K) ⧸ Ideal.map (LinearStudy.polynomialSmoothFormalMap x G hG hJ) I ≃+*
    Localization.AtPrime (RingHom.ker q.toRingHom)
'LinearStudy.smoothPolynomialFormalFiberEquiv' depends on axioms: [propext, Classical.choice, Quot.sound]
LinearStudy.smoothPolynomialFormalFiberEquiv_polynomial.{u_1} {K : Type u_1} [Field K] {r c : ℕ} [Nonempty (Fin c)]
  (I : Ideal (MvPolynomial (Fin r ⊕ Fin c) K)) [IsArtinianRing (MvPolynomial (Fin r ⊕ Fin c) K ⧸ I)]
  (q : MvPolynomial (Fin r ⊕ Fin c) K ⧸ I →ₐ[K] K) (G : Fin c → MvPolynomial (Fin r ⊕ Fin c) K)
  (hG : ∀ (i : Fin c), (MvPolynomial.eval fun j => q ((Ideal.Quotient.mk I) (MvPolynomial.X j))) (G i) = 0)
  (hJ :
    IsUnit
      (Matrix.det fun i j =>
        (MvPolynomial.eval fun j => q ((Ideal.Quotient.mk I) (MvPolynomial.X j)))
          ((MvPolynomial.pderiv (Sum.inr j)) (G i))))
  (P : MvPolynomial (Fin r ⊕ Fin c) K) :
  let x := fun j => q ((Ideal.Quotient.mk I) (MvPolynomial.X j));
  (LinearStudy.smoothPolynomialFormalFiberEquiv I q G hG hJ)
      ((Ideal.Quotient.mk
          (Ideal.map
            (LinearStudy.polynomialSmoothFormalMap (fun j => q ((Ideal.Quotient.mk I) (MvPolynomial.X j))) G hG hJ) I))
        ((LinearStudy.polynomialSmoothFormalMap x G hG hJ) P)) =
    (algebraMap (MvPolynomial (Fin r ⊕ Fin c) K ⧸ I) (Localization.AtPrime (RingHom.ker q.toRingHom)))
      ((Ideal.Quotient.mk I) P)
'LinearStudy.smoothPolynomialFormalFiberEquiv_polynomial' depends on axioms: [propext, Classical.choice, Quot.sound]
LinearStudy.smooth_polynomial_formal_socle_generator_descends.{u_1} {K : Type u_1} [Field K] {r c : ℕ}
  [Nonempty (Fin c)] (I : Ideal (MvPolynomial (Fin r ⊕ Fin c) K)) [IsArtinianRing (MvPolynomial (Fin r ⊕ Fin c) K ⧸ I)]
  (q : MvPolynomial (Fin r ⊕ Fin c) K ⧸ I →ₐ[K] K) (G : Fin c → MvPolynomial (Fin r ⊕ Fin c) K)
  (hG : ∀ (i : Fin c), (MvPolynomial.eval fun j => q ((Ideal.Quotient.mk I) (MvPolynomial.X j))) (G i) = 0)
  (hJ :
    IsUnit
      (Matrix.det fun i j =>
        (MvPolynomial.eval fun j => q ((Ideal.Quotient.mk I) (MvPolynomial.X j)))
          ((MvPolynomial.pderiv (Sum.inr j)) (G i))))
  (theta : MvPolynomial (Fin r ⊕ Fin c) K)
  (h :
    let x := fun j => q ((Ideal.Quotient.mk I) (MvPolynomial.X j));
    let A :=
      MvPowerSeries (Fin c) (MvPowerSeries (Fin r) K) ⧸ Ideal.map (LinearStudy.polynomialSmoothFormalMap x G hG hJ) I;
    Submodule.annihilator (nilradical A) =
      Ideal.span
        {(Ideal.Quotient.mk (Ideal.map (LinearStudy.polynomialSmoothFormalMap x G hG hJ) I))
            ((LinearStudy.polynomialSmoothFormalMap x G hG hJ) theta)}) :
  Submodule.annihilator (nilradical (Localization.AtPrime (RingHom.ker q.toRingHom))) =
    Ideal.span
      (Set.singleton
        ((algebraMap (MvPolynomial (Fin r ⊕ Fin c) K ⧸ I) (Localization.AtPrime (RingHom.ker q.toRingHom)))
          ((Ideal.Quotient.mk I) theta)))
'LinearStudy.smooth_polynomial_formal_socle_generator_descends' depends on axioms: [propext,
 Classical.choice,
 Quot.sound]
LinearStudy.polynomialLocalQuotientExtension.{u_1, u_2} {K : Type u_1} {σ : Type u_2} [Field K]
  (I P : Ideal (MvPolynomial σ K)) [P.IsPrime] :
  Algebra.Extension K (Localization.AtPrime P ⧸ Ideal.map (algebraMap (MvPolynomial σ K) (Localization.AtPrime P)) I)
'LinearStudy.polynomialLocalQuotientExtension' depends on axioms: [propext, Classical.choice, Quot.sound]
LinearStudy.polynomialLocalQuotientExtension_ker.{u_1, u_2} {K : Type u_1} {σ : Type u_2} [Field K]
  (I P : Ideal (MvPolynomial σ K)) [P.IsPrime] :
  (LinearStudy.polynomialLocalQuotientExtension I P).ker =
    Ideal.map (algebraMap (MvPolynomial σ K) (Localization.AtPrime P)) I
'LinearStudy.polynomialLocalQuotientExtension_ker' depends on axioms: [propext, Classical.choice, Quot.sound]
LinearStudy.exists_smooth_polynomial_local_generators.{u_1, u_2} {K : Type u_1} {σ : Type u_2} [Field K] [Finite σ]
  (I P : Ideal (MvPolynomial σ K)) [P.IsPrime] (hIP : I ≤ P)
  [Algebra.FormallySmooth K
      (Localization.AtPrime P ⧸ Ideal.map (algebraMap (MvPolynomial σ K) (Localization.AtPrime P)) I)] :
  let E := LinearStudy.polynomialLocalQuotientExtension I P;
  ∃ n G,
    ∃ (hG : ∀ (i : Fin n), (algebraMap (MvPolynomial σ K) (Localization.AtPrime P)) (G i) ∈ E.ker),
      ∃ b,
        (∀ (i : Fin n),
            Algebra.Extension.Cotangent.mk ⟨(algebraMap (MvPolynomial σ K) (Localization.AtPrime P)) (G i), ⋯⟩ = b i) ∧
          Ideal.map (algebraMap (MvPolynomial σ K) (Localization.AtPrime P)) I =
            Ideal.span (Set.range fun i => (algebraMap (MvPolynomial σ K) (Localization.AtPrime P)) (G i))
'LinearStudy.exists_smooth_polynomial_local_generators' depends on axioms: [propext, Classical.choice, Quot.sound]
LinearStudy.smooth_polynomial_local_fiber_socle {r c : ℕ} [Nonempty (Fin c)]
  (I J P Q : Ideal (MvPolynomial (Fin r ⊕ Fin c) ℂ)) [P.IsPrime] [Q.IsPrime]
  [IsArtinianRing (MvPolynomial (Fin r ⊕ Fin c) ℂ ⧸ J)] (q : MvPolynomial (Fin r ⊕ Fin c) ℂ ⧸ J →ₐ[ℂ] ℂ)
  (x : Fin r ⊕ Fin c → ℂ) (hx : x = fun i => q ((Ideal.Quotient.mk J) (MvPolynomial.X i)))
  (F : Fin r ⊕ Fin c → MvPolynomial (Fin r ⊕ Fin c) ℂ) (hP : P = RingHom.ker (MvPolynomial.aeval x).toRingHom)
  (hQ : Q = RingHom.ker (MvPolynomial.aeval fun i => (MvPolynomial.eval x) (F i)).toRingHom)
  (hrad : (Ideal.map (MvPolynomial.aeval F).toRingHom I).radical = I) (G H : Fin c → MvPolynomial (Fin r ⊕ Fin c) ℂ)
  (hG : ∀ (i : Fin c), (MvPolynomial.eval x) (G i) = 0)
  (hJac : IsUnit (Matrix.det fun i j => (MvPolynomial.eval x) ((MvPolynomial.pderiv (Sum.inr j)) (G i))))
  (hsource :
    Ideal.map (algebraMap (MvPolynomial (Fin r ⊕ Fin c) ℂ) (Localization.AtPrime P)) I =
      Ideal.span (Set.range fun i => (algebraMap (MvPolynomial (Fin r ⊕ Fin c) ℂ) (Localization.AtPrime P)) (G i)))
  (htarget :
    Ideal.map (algebraMap (MvPolynomial (Fin r ⊕ Fin c) ℂ) (Localization.AtPrime Q)) I =
      Ideal.span (Set.range fun i => (algebraMap (MvPolynomial (Fin r ⊕ Fin c) ℂ) (Localization.AtPrime Q)) (H i)))
  (τ : Fin r → MvPolynomial (Fin r ⊕ Fin c) ℂ)
  (hJ : J = Ideal.map (MvPolynomial.aeval F).toRingHom I ⊔ Ideal.span (Set.range τ)) (hr : 0 < r) (hc : 0 < c)
  (hτ :
    Ideal.span
        (Set.range fun i => MvPowerSeries.constantCoeff ((LinearStudy.polynomialSmoothFormalMap x G hG hJac) (τ i))) =
      IsLocalRing.maximalIdeal (LinearStudy.ParameterRing r)) :
  have θ := Matrix.det fun i j => (MvPolynomial.pderiv (Sum.inr j)) ((MvPolynomial.aeval F) (H i));
  have a :=
    (algebraMap (MvPolynomial (Fin r ⊕ Fin c) ℂ ⧸ J) (Localization.AtPrime (RingHom.ker q.toRingHom)))
      ((Ideal.Quotient.mk J) θ);
  Submodule.annihilator (nilradical (Localization.AtPrime (RingHom.ker q.toRingHom))) = Ideal.span {a} ∧ a ≠ 0
'LinearStudy.smooth_polynomial_local_fiber_socle' depends on axioms: [propext, Classical.choice, Quot.sound]
LinearStudy.formalPolynomialAtPointUnit.{u_1, u_2} {K : Type u_1} {σ : Type u_2} [Field K] [Finite σ] (x : σ → K)
  (p : MvPolynomial σ K) (hp : (MvPolynomial.eval x) p ≠ 0) : (MvPowerSeries σ K)ˣ
'LinearStudy.formalPolynomialAtPointUnit' depends on axioms: [propext, Classical.choice, Quot.sound]
LinearStudy.formalPolynomialAtPointUnit_coe.{u_1, u_2} {K : Type u_1} {σ : Type u_2} [Field K] [Finite σ] (x : σ → K)
  (p : MvPolynomial σ K) (hp : (MvPolynomial.eval x) p ≠ 0) :
  ↑(LinearStudy.formalPolynomialAtPointUnit x p hp) = (LinearStudy.formalPolynomialAtPoint x) p
'LinearStudy.formalPolynomialAtPointUnit_coe' depends on axioms: [propext, Classical.choice, Quot.sound]
LinearStudy.projectiveFormalCoordinateRatios {r c : ℕ} (x : Fin r ⊕ Fin c → ℂ) (p0 : MvPolynomial (Fin r ⊕ Fin c) ℂ)
  (hp0 : (MvPolynomial.eval x) p0 ≠ 0) (p : Fin r ⊕ Fin c → MvPolynomial (Fin r ⊕ Fin c) ℂ) :
  Fin r ⊕ Fin c → MvPowerSeries (Fin r ⊕ Fin c) ℂ
'LinearStudy.projectiveFormalCoordinateRatios' depends on axioms: [propext, Classical.choice, Quot.sound]
LinearStudy.projectiveFormalCoordinateRatios_constantCoeff {r c : ℕ} (x : Fin r ⊕ Fin c → ℂ)
  (p0 : MvPolynomial (Fin r ⊕ Fin c) ℂ) (hp0 : (MvPolynomial.eval x) p0 ≠ 0)
  (p : Fin r ⊕ Fin c → MvPolynomial (Fin r ⊕ Fin c) ℂ) (hp : ∀ (i : Fin r ⊕ Fin c), (MvPolynomial.eval x) (p i) = 0)
  (i : Fin r ⊕ Fin c) : MvPowerSeries.constantCoeff (LinearStudy.projectiveFormalCoordinateRatios x p0 hp0 p i) = 0
'LinearStudy.projectiveFormalCoordinateRatios_constantCoeff' depends on axioms: [propext, Classical.choice, Quot.sound]
LinearStudy.smoothProjectivePullbackEquations {r c : ℕ} [Nonempty (Fin c)] (x : Fin r ⊕ Fin c → ℂ)
  (G : Fin c → MvPolynomial (Fin r ⊕ Fin c) ℂ) (hG : ∀ (i : Fin c), (MvPolynomial.eval x) (G i) = 0)
  (hJac : IsUnit (Matrix.det fun i j => (MvPolynomial.eval x) ((MvPolynomial.pderiv (Sum.inr j)) (G i))))
  (p0 : MvPolynomial (Fin r ⊕ Fin c) ℂ) (hp0 : (MvPolynomial.eval x) p0 ≠ 0)
  (p : Fin r ⊕ Fin c → MvPolynomial (Fin r ⊕ Fin c) ℂ) (hp : ∀ (i : Fin r ⊕ Fin c), (MvPolynomial.eval x) (p i) = 0)
  (H : Fin c → MvPowerSeries (Fin r ⊕ Fin c) ℂ) : Fin c → LinearStudy.AmbientRing r c
'LinearStudy.smoothProjectivePullbackEquations' depends on axioms: [propext, Classical.choice, Quot.sound]
LinearStudy.smoothProjectiveParameterLifts {r c : ℕ} [Nonempty (Fin c)] (x : Fin r ⊕ Fin c → ℂ)
  (G : Fin c → MvPolynomial (Fin r ⊕ Fin c) ℂ) (hG : ∀ (i : Fin c), (MvPolynomial.eval x) (G i) = 0)
  (hJac : IsUnit (Matrix.det fun i j => (MvPolynomial.eval x) ((MvPolynomial.pderiv (Sum.inr j)) (G i))))
  (p0 : MvPolynomial (Fin r ⊕ Fin c) ℂ) (hp0 : (MvPolynomial.eval x) p0 ≠ 0)
  (p : Fin r ⊕ Fin c → MvPolynomial (Fin r ⊕ Fin c) ℂ) : Fin r → LinearStudy.AmbientRing r c
'LinearStudy.smoothProjectiveParameterLifts' depends on axioms: [propext, Classical.choice, Quot.sound]
LinearStudy.smooth_projective_full_fiber_ideal {r c : ℕ} [Nonempty (Fin c)] (x : Fin r ⊕ Fin c → ℂ)
  (G : Fin c → MvPolynomial (Fin r ⊕ Fin c) ℂ) (hG : ∀ (i : Fin c), (MvPolynomial.eval x) (G i) = 0)
  (hJac : IsUnit (Matrix.det fun i j => (MvPolynomial.eval x) ((MvPolynomial.pderiv (Sum.inr j)) (G i))))
  (p0 : MvPolynomial (Fin r ⊕ Fin c) ℂ) (hp0 : (MvPolynomial.eval x) p0 ≠ 0)
  (p : Fin r ⊕ Fin c → MvPolynomial (Fin r ⊕ Fin c) ℂ) (hp : ∀ (i : Fin r ⊕ Fin c), (MvPolynomial.eval x) (p i) = 0)
  (H : Fin c → MvPowerSeries (Fin r ⊕ Fin c) ℂ)
  (hH :
    ∀ (i : Fin c), H i - MvPowerSeries.X (Sum.inr i) ∈ IsLocalRing.maximalIdeal (MvPowerSeries (Fin r ⊕ Fin c) ℂ) ^ 2) :
  LinearStudy.equationIdeal (LinearStudy.smoothProjectivePullbackEquations x G hG hJac p0 hp0 p hp H) ⊔
      Ideal.span (Set.range (LinearStudy.smoothProjectiveParameterLifts x G hG hJac p0 hp0 p)) =
    Ideal.map (LinearStudy.polynomialSmoothFormalMap x G hG hJac) (Ideal.span (Set.range p))
'LinearStudy.smooth_projective_full_fiber_ideal' depends on axioms: [propext, Classical.choice, Quot.sound]
LinearStudy.smooth_projective_common_theta_formal_socle {r c : ℕ} [Nonempty (Fin c)] (x : Fin r ⊕ Fin c → ℂ)
  (G : Fin c → MvPolynomial (Fin r ⊕ Fin c) ℂ) (hG : ∀ (i : Fin c), (MvPolynomial.eval x) (G i) = 0)
  (hJac : IsUnit (Matrix.det fun i j => (MvPolynomial.eval x) ((MvPolynomial.pderiv (Sum.inr j)) (G i))))
  (p0 : MvPolynomial (Fin r ⊕ Fin c) ℂ) (hp0 : (MvPolynomial.eval x) p0 ≠ 0)
  (p : Fin r ⊕ Fin c → MvPolynomial (Fin r ⊕ Fin c) ℂ) (hp : ∀ (i : Fin r ⊕ Fin c), (MvPolynomial.eval x) (p i) = 0)
  (H : Fin c → MvPowerSeries (Fin r ⊕ Fin c) ℂ)
  (hH :
    ∀ (i : Fin c), H i - MvPowerSeries.X (Sum.inr i) ∈ IsLocalRing.maximalIdeal (MvPowerSeries (Fin r ⊕ Fin c) ℂ) ^ 2)
  (hr : 0 < r) (hc : 0 < c)
  (hrad :
    (LinearStudy.equationIdeal (LinearStudy.smoothProjectivePullbackEquations x G hG hJac p0 hp0 p hp H)).radical =
      Ideal.span (Set.range MvPowerSeries.X))
  (hτ :
    Ideal.span
        (Set.range fun i =>
          MvPowerSeries.constantCoeff (LinearStudy.smoothProjectiveParameterLifts x G hG hJac p0 hp0 p i)) =
      IsLocalRing.maximalIdeal (LinearStudy.ParameterRing r)) :
  have ψ := LinearStudy.polynomialSmoothFormalMap x G hG hJac;
  have J := Ideal.map ψ (Ideal.span (Set.range p));
  have Θ := Matrix.det fun i j => (MvPolynomial.pderiv (Sum.inr j)) (p (Sum.inr i));
  Submodule.annihilator (nilradical (LinearStudy.AmbientRing r c ⧸ J)) = Ideal.span {(Ideal.Quotient.mk J) (ψ Θ)} ∧
    (Ideal.Quotient.mk J) (ψ Θ) ≠ 0
'LinearStudy.smooth_projective_common_theta_formal_socle' depends on axioms: [propext, Classical.choice, Quot.sound]
LinearStudy.smooth_projective_common_theta_local_socle {r c : ℕ} [Nonempty (Fin c)]
  (p : Fin r ⊕ Fin c → MvPolynomial (Fin r ⊕ Fin c) ℂ)
  [IsArtinianRing (MvPolynomial (Fin r ⊕ Fin c) ℂ ⧸ Ideal.span (Set.range p))]
  (q : MvPolynomial (Fin r ⊕ Fin c) ℂ ⧸ Ideal.span (Set.range p) →ₐ[ℂ] ℂ) (x : Fin r ⊕ Fin c → ℂ)
  (hx : x = fun i => q ((Ideal.Quotient.mk (Ideal.span (Set.range p))) (MvPolynomial.X i)))
  (G : Fin c → MvPolynomial (Fin r ⊕ Fin c) ℂ) (hG : ∀ (i : Fin c), (MvPolynomial.eval x) (G i) = 0)
  (hJac : IsUnit (Matrix.det fun i j => (MvPolynomial.eval x) ((MvPolynomial.pderiv (Sum.inr j)) (G i))))
  (p0 : MvPolynomial (Fin r ⊕ Fin c) ℂ) (hp0 : (MvPolynomial.eval x) p0 ≠ 0)
  (hp : ∀ (i : Fin r ⊕ Fin c), (MvPolynomial.eval x) (p i) = 0) (H : Fin c → MvPowerSeries (Fin r ⊕ Fin c) ℂ)
  (hH :
    ∀ (i : Fin c), H i - MvPowerSeries.X (Sum.inr i) ∈ IsLocalRing.maximalIdeal (MvPowerSeries (Fin r ⊕ Fin c) ℂ) ^ 2)
  (hr : 0 < r) (hc : 0 < c)
  (hrad :
    (LinearStudy.equationIdeal (LinearStudy.smoothProjectivePullbackEquations x G hG hJac p0 hp0 p hp H)).radical =
      Ideal.span (Set.range MvPowerSeries.X))
  (hτ :
    Ideal.span
        (Set.range fun i =>
          MvPowerSeries.constantCoeff (LinearStudy.smoothProjectiveParameterLifts x G hG hJac p0 hp0 p i)) =
      IsLocalRing.maximalIdeal (LinearStudy.ParameterRing r)) :
  have Θ := Matrix.det fun i j => (MvPolynomial.pderiv (Sum.inr j)) (p (Sum.inr i));
  have a :=
    (algebraMap (MvPolynomial (Fin r ⊕ Fin c) ℂ ⧸ Ideal.span (Set.range p))
        (Localization.AtPrime (RingHom.ker q.toRingHom)))
      ((Ideal.Quotient.mk (Ideal.span (Set.range p))) Θ);
  Submodule.annihilator (nilradical (Localization.AtPrime (RingHom.ker q.toRingHom))) = Ideal.span {a} ∧ a ≠ 0
'LinearStudy.smooth_projective_common_theta_local_socle' depends on axioms: [propext, Classical.choice, Quot.sound]
LinearStudy.rationalPointPrime.{u_1, u_2} {K : Type u_1} {A : Type u_2} [Field K] [CommRing A] [Algebra K A]
  (ρ : A →ₐ[K] K) : PrimeSpectrum A
'LinearStudy.rationalPointPrime' depends on axioms: [propext, Classical.choice, Quot.sound]
LinearStudy.domain_exists_smooth_rational_point.{u_1, u_2} {K : Type u_1} {A : Type u_2} [Field K] [IsAlgClosed K]
  [PerfectField K] [CommRing A] [IsDomain A] [Algebra K A] [Algebra.FinitePresentation K A] :
  ∃ a ρ, a ≠ 0 ∧ ρ a ≠ 0 ∧ LinearStudy.rationalPointPrime ρ ∈ Algebra.smoothLocus K A
'LinearStudy.domain_exists_smooth_rational_point' depends on axioms: [propext, Classical.choice, Quot.sound]
LinearStudy.formalPolynomialAtPoint_coordinate_equiv.{u_1, u_2, u_3} {K : Type u_1} {σ : Type u_2} {τ : Type u_3}
  [Field K] [Finite σ] [Finite τ] (e : τ ≃ σ) (x : σ → K) (G : MvPolynomial σ K) :
  (MvPowerSeries.rename ⇑e.symm) ((LinearStudy.formalPolynomialAtPoint x) G) =
    (LinearStudy.formalPolynomialAtPoint (x ∘ ⇑e)) ((MvPolynomial.rename ⇑e.symm) G)
'LinearStudy.formalPolynomialAtPoint_coordinate_equiv' depends on axioms: [propext, Classical.choice, Quot.sound]
LinearStudy.reindexed_formal_ideal_of_local_generators.{u_1, u_2, u_3, u_4} {K : Type u_1} {σ : Type u_2} {τ : Type u_3}
  {ι : Type u_4} [Field K] [Finite σ] [Finite τ] (I P : Ideal (MvPolynomial σ K)) [P.IsPrime] (x : σ → K)
  (hP : P = RingHom.ker (MvPolynomial.aeval x).toRingHom) (e : τ ≃ σ) (G : ι → MvPolynomial σ K)
  (hs :
    Ideal.map (algebraMap (MvPolynomial σ K) (Localization.AtPrime P)) I =
      Ideal.span (Set.range fun i => (algebraMap (MvPolynomial σ K) (Localization.AtPrime P)) (G i))) :
  Ideal.map (LinearStudy.formalPolynomialAtPoint (x ∘ ⇑e)) (Ideal.map (MvPolynomial.rename ⇑e.symm).toRingHom I) =
    Ideal.span (Set.range fun i => (LinearStudy.formalPolynomialAtPoint (x ∘ ⇑e)) ((MvPolynomial.rename ⇑e.symm) (G i)))
'LinearStudy.reindexed_formal_ideal_of_local_generators' depends on axioms: [propext, Classical.choice, Quot.sound]
LinearStudy.reindexed_smooth_formal_ideal.{u_1, u_2} {K : Type u_1} {σ : Type u_2} [Field K] [Finite σ] {r c : ℕ}
  [Nonempty (Fin c)] (I P : Ideal (MvPolynomial σ K)) [P.IsPrime] (x : σ → K)
  (hP : P = RingHom.ker (MvPolynomial.aeval x).toRingHom) (e : Fin r ⊕ Fin c ≃ σ) (G : Fin c → MvPolynomial σ K)
  (hG : ∀ (i : Fin c), (MvPolynomial.eval (x ∘ ⇑e)) ((MvPolynomial.rename ⇑e.symm) (G i)) = 0)
  (hJ :
    IsUnit
      (Matrix.det fun i j =>
        (MvPolynomial.eval (x ∘ ⇑e)) ((MvPolynomial.pderiv (Sum.inr j)) ((MvPolynomial.rename ⇑e.symm) (G i)))))
  (hs :
    Ideal.map (algebraMap (MvPolynomial σ K) (Localization.AtPrime P)) I =
      Ideal.span (Set.range fun i => (algebraMap (MvPolynomial σ K) (Localization.AtPrime P)) (G i))) :
  Ideal.map
      ((LinearStudy.polynomialSmoothFormalMap (x ∘ ⇑e) (fun i => (MvPolynomial.rename ⇑e.symm) (G i)) hG hJ).comp
        (MvPolynomial.rename ⇑e.symm).toRingHom)
      I =
    Ideal.span (Set.range MvPowerSeries.X)
'LinearStudy.reindexed_smooth_formal_ideal' depends on axioms: [propext, Classical.choice, Quot.sound]
LinearStudy.smooth_point_has_formal_normal_coordinates.{u_1, u_2} {K : Type u_1} {σ : Type u_2} [Field K] [Finite σ]
  (I P : Ideal (MvPolynomial σ K)) [P.IsPrime] (hIP : I ≤ P) (x : σ → K)
  (hP : P = RingHom.ker (MvPolynomial.aeval x).toRingHom)
  (hI : Ideal.map (algebraMap (MvPolynomial σ K) (Localization.AtPrime P)) I ≠ ⊥)
  [Algebra.FormallySmooth K
      (Localization.AtPrime P ⧸ Ideal.map (algebraMap (MvPolynomial σ K) (Localization.AtPrime P)) I)] :
  ∃ r c,
    ∃ (hc : 0 < c),
      ∃ e G,
        ∃ (hG : ∀ (i : Fin c), (MvPolynomial.eval (x ∘ ⇑e)) ((MvPolynomial.rename ⇑e.symm) (G i)) = 0) (hJ :
          IsUnit
            (Matrix.det fun i j =>
              (MvPolynomial.eval (x ∘ ⇑e)) ((MvPolynomial.pderiv (Sum.inr j)) ((MvPolynomial.rename ⇑e.symm) (G i))))),
          Ideal.map
              ((LinearStudy.polynomialSmoothFormalMap (x ∘ ⇑e) (fun i => (MvPolynomial.rename ⇑e.symm) (G i)) hG
                    hJ).comp
                (MvPolynomial.rename ⇑e.symm).toRingHom)
              I =
            Ideal.span (Set.range MvPowerSeries.X)
'LinearStudy.smooth_point_has_formal_normal_coordinates' depends on axioms: [propext, Classical.choice, Quot.sound]
LinearStudy.smooth_point_original_ideal_firstOrder_normal_form.{u_1, u_2} {K : Type u_1} {σ : Type u_2} [Field K]
  [Fintype σ] [DecidableEq σ] (I P : Ideal (MvPolynomial σ K)) [P.IsPrime] (hIP : I ≤ P) (x : σ → K)
  (hP : P = RingHom.ker (MvPolynomial.aeval x).toRingHom)
  (hI : Ideal.map (algebraMap (MvPolynomial σ K) (Localization.AtPrime P)) I ≠ ⊥)
  [Algebra.FormallySmooth K
      (Localization.AtPrime P ⧸ Ideal.map (algebraMap (MvPolynomial σ K) (Localization.AtPrime P)) I)] :
  ∃ r c,
    ∃ (_ : 0 < c),
      ∃ e M,
        ∃ (hM : M.det ≠ 0),
          ∃ H,
            (∀ (i : Fin c),
                H i - MvPowerSeries.X (Sum.inr i) ∈ IsLocalRing.maximalIdeal (MvPowerSeries (Fin r ⊕ Fin c) K) ^ 2) ∧
              Ideal.map
                  (((LinearStudy.formalPolynomialAtPoint (M⁻¹.mulVec (x ∘ ⇑e))).comp
                        (LinearStudy.polynomialLinearChangeEquiv M hM).toRingEquiv.toRingHom).comp
                    (MvPolynomial.rename ⇑e.symm).toRingHom)
                  I =
                Ideal.span (Set.range H)
'LinearStudy.smooth_point_original_ideal_firstOrder_normal_form' depends on axioms: [propext,
 Classical.choice,
 Quot.sound]
LinearStudy.smoothLocus_point_original_ideal_firstOrder_normal_form.{u_1, u_2} {K : Type u_1} {σ : Type u_2} [Field K]
  [Fintype σ] [DecidableEq σ] (I : Ideal (MvPolynomial σ K)) [I.IsPrime] (hI : I ≠ ⊥) (p : Ideal (MvPolynomial σ K ⧸ I))
  [p.IsPrime] [Algebra.IsSmoothAt K p] (x : σ → K)
  (hp : Ideal.comap (Ideal.Quotient.mk I) p = RingHom.ker (MvPolynomial.aeval x).toRingHom) :
  ∃ r c,
    ∃ (_ : 0 < c),
      ∃ e M,
        ∃ (hM : M.det ≠ 0),
          ∃ H,
            (∀ (i : Fin c),
                H i - MvPowerSeries.X (Sum.inr i) ∈ IsLocalRing.maximalIdeal (MvPowerSeries (Fin r ⊕ Fin c) K) ^ 2) ∧
              Ideal.map
                  (((LinearStudy.formalPolynomialAtPoint (M⁻¹.mulVec (x ∘ ⇑e))).comp
                        (LinearStudy.polynomialLinearChangeEquiv M hM).toRingEquiv.toRingHom).comp
                    (MvPolynomial.rename ⇑e.symm).toRingHom)
                  I =
                Ideal.span (Set.range H)
'LinearStudy.smoothLocus_point_original_ideal_firstOrder_normal_form' depends on axioms: [propext,
 Classical.choice,
 Quot.sound]
LinearStudy.smooth_point_constructs_original_polynomial_parameters.{u_1, u_2} {K : Type u_1} {σ : Type u_2} [Field K]
  [Fintype σ] [DecidableEq σ] (I P : Ideal (MvPolynomial σ K)) [P.IsPrime] (hIP : I ≤ P) (x : σ → K)
  (hP : P = RingHom.ker (MvPolynomial.aeval x).toRingHom)
  (hI : Ideal.map (algebraMap (MvPolynomial σ K) (Localization.AtPrime P)) I ≠ ⊥)
  [Algebra.FormallySmooth K
      (Localization.AtPrime P ⧸ Ideal.map (algebraMap (MvPolynomial σ K) (Localization.AtPrime P)) I)] :
  let J := Ideal.map (algebraMap (MvPolynomial σ K) (Localization.AtPrime P)) I;
  ∃ r a,
    r = Module.finrank (Localization.AtPrime P ⧸ J) Ω[Localization.AtPrime P ⧸ J⁄K] ∧
      Ideal.span
          (Set.range fun i => (Ideal.Quotient.mk J) ((algebraMap (MvPolynomial σ K) (Localization.AtPrime P)) (a i))) =
        IsLocalRing.maximalIdeal (Localization.AtPrime P ⧸ J)
'LinearStudy.smooth_point_constructs_original_polynomial_parameters' depends on axioms: [propext,
 Classical.choice,
 Quot.sound]
LinearStudy.smoothLocus_constructs_original_polynomial_parameters.{u_1, u_2} {K : Type u_1} {σ : Type u_2} [Field K]
  [Fintype σ] [DecidableEq σ] (I : Ideal (MvPolynomial σ K)) [I.IsPrime] (hI : I ≠ ⊥) (p : Ideal (MvPolynomial σ K ⧸ I))
  [p.IsPrime] [Algebra.IsSmoothAt K p] (x : σ → K)
  (hp : Ideal.comap (Ideal.Quotient.mk I) p = RingHom.ker (MvPolynomial.aeval x).toRingHom) :
  let P := Ideal.comap (Ideal.Quotient.mk I) p;
  let J := Ideal.map (algebraMap (MvPolynomial σ K) (Localization.AtPrime P)) I;
  ∃ r a,
    r = Module.finrank (MvPolynomial σ K ⧸ I) Ω[MvPolynomial σ K ⧸ I⁄K] ∧
      Ideal.span
          (Set.range fun i => (Ideal.Quotient.mk J) ((algebraMap (MvPolynomial σ K) (Localization.AtPrime P)) (a i))) =
        IsLocalRing.maximalIdeal (Localization.AtPrime P ⧸ J)
'LinearStudy.smoothLocus_constructs_original_polynomial_parameters' depends on axioms: [propext,
 Classical.choice,
 Quot.sound]
LinearStudy.smooth_target_constructs_unramified_pullback_parameters.{u_1} {K : Type u_1} [Field K] {r c : ℕ}
  [Nonempty (Fin r)] [Nonempty (Fin c)] (I P : Ideal (MvPolynomial (Fin r ⊕ Fin c) K)) [I.IsPrime] [P.IsPrime]
  (hI : I ≠ ⊥) (p : Ideal (MvPolynomial (Fin r ⊕ Fin c) K ⧸ I)) [p.IsPrime] [Algebra.IsSmoothAt K p]
  (x y : Fin r ⊕ Fin c → K) (hP : P = RingHom.ker (MvPolynomial.aeval x).toRingHom)
  (hp : Ideal.comap (Ideal.Quotient.mk I) p = RingHom.ker (MvPolynomial.aeval y).toRingHom)
  (hr : r = Module.finrank (MvPolynomial (Fin r ⊕ Fin c) K ⧸ I) Ω[MvPolynomial (Fin r ⊕ Fin c) K ⧸ I⁄K])
  (F : Fin r ⊕ Fin c → MvPolynomial (Fin r ⊕ Fin c) K)
  (hQP : Ideal.comap (Ideal.Quotient.mk I) p = Ideal.comap (MvPolynomial.aeval F).toRingHom P)
  (hF : Ideal.map (MvPolynomial.aeval F).toRingHom I ≤ I) (G : Fin c → MvPolynomial (Fin r ⊕ Fin c) K)
  (hG : ∀ (i : Fin c), (MvPolynomial.eval x) (G i) = 0)
  (hJ : IsUnit (Matrix.det fun i j => (MvPolynomial.eval x) ((MvPolynomial.pderiv (Sum.inr j)) (G i))))
  (hlocal :
    Ideal.map (algebraMap (MvPolynomial (Fin r ⊕ Fin c) K) (Localization.AtPrime P)) I =
      Ideal.span (Set.range fun i => (algebraMap (MvPolynomial (Fin r ⊕ Fin c) K) (Localization.AtPrime P)) (G i)))
  (hfinite :
    Algebra.EssFiniteType
      (Localization.AtPrime (Ideal.comap (Ideal.Quotient.mk I) p) ⧸
        Ideal.map
          (algebraMap (MvPolynomial (Fin r ⊕ Fin c) K) (Localization.AtPrime (Ideal.comap (Ideal.Quotient.mk I) p))) I)
      (Localization.AtPrime P ⧸ Ideal.map (algebraMap (MvPolynomial (Fin r ⊕ Fin c) K) (Localization.AtPrime P)) I))
  (hunram :
    Algebra.FormallyUnramified
      (Localization.AtPrime (Ideal.comap (Ideal.Quotient.mk I) p) ⧸
        Ideal.map
          (algebraMap (MvPolynomial (Fin r ⊕ Fin c) K) (Localization.AtPrime (Ideal.comap (Ideal.Quotient.mk I) p))) I)
      (Localization.AtPrime P ⧸ Ideal.map (algebraMap (MvPolynomial (Fin r ⊕ Fin c) K) (Localization.AtPrime P)) I)) :
  ∃ a,
    have T := fun i => (LinearStudy.polynomialSmoothReducedMap x G hG hJ) ((MvPolynomial.aeval F) (a i));
    Ideal.span (Set.range T) = IsLocalRing.maximalIdeal (MvPowerSeries (Fin r) K) ∧
      IsUnit (Matrix.det fun i j => MvPowerSeries.constantCoeff ((MvPowerSeries.pderiv j) (T i)))
'LinearStudy.smooth_target_constructs_unramified_pullback_parameters' depends on axioms: [propext,
 Classical.choice,
 Quot.sound]
LinearStudy.nonzero_ideal_meets_nilpotent_annihilator.{u_1} {A : Type u_1} [CommRing A] (N I : Ideal A)
  (hN : IsNilpotent N) (hI : I ≠ ⊥) : ∃ x ∈ I, x ≠ 0 ∧ x ∈ Submodule.annihilator N
'LinearStudy.nonzero_ideal_meets_nilpotent_annihilator' depends on axioms: [propext, Classical.choice, Quot.sound]
LinearStudy.nonzero_ideal_meets_socle.{u_1} {A : Type u_1} [CommRing A] [IsArtinianRing A] [IsLocalRing A] (I : Ideal A)
  (hI : I ≠ ⊥) : ∃ x ∈ I, x ≠ 0 ∧ x ∈ Submodule.annihilator (IsLocalRing.maximalIdeal A)
'LinearStudy.nonzero_ideal_meets_socle' depends on axioms: [propext, Classical.choice, Quot.sound]
LinearStudy.socle_functional_detects_nonzero.{u_1, u_2} {A : Type u_1} [CommRing A] {K : Type u_2} [Field K]
  [Algebra K A] [IsArtinianRing A] [IsLocalRing A] (delta : A)
  (hsoc : ∀ x ∈ Submodule.annihilator (IsLocalRing.maximalIdeal A), ∃ b, x = b • delta) (ell : A →ₗ[K] K)
  (hell : ell delta ≠ 0) {x : A} (hx : x ≠ 0) : ∃ a, ell (x * a) ≠ 0
'LinearStudy.socle_functional_detects_nonzero' depends on axioms: [propext, Classical.choice, Quot.sound]
LinearStudy.socle_multiplicationToDual_injective.{u_1, u_2} {A : Type u_1} [CommRing A] {K : Type u_2} [Field K]
  [Algebra K A] [IsArtinianRing A] [IsLocalRing A] (delta : A)
  (hsoc : ∀ x ∈ Submodule.annihilator (IsLocalRing.maximalIdeal A), ∃ b, x = b • delta) (ell : A →ₗ[K] K)
  (hell : ell delta ≠ 0) : Function.Injective ⇑(LinearStudy.multiplicationToDual ell)
'LinearStudy.socle_multiplicationToDual_injective' depends on axioms: [propext, Classical.choice, Quot.sound]
LinearStudy.perfectPairingOfSocle.{u_1, u_2} {A : Type u_1} [CommRing A] {K : Type u_2} [Field K] [Algebra K A]
  [IsArtinianRing A] [IsLocalRing A] [FiniteDimensional K A] (delta : A)
  (hsoc : ∀ x ∈ Submodule.annihilator (IsLocalRing.maximalIdeal A), ∃ b, x = b • delta) (ell : A →ₗ[K] K)
  (hell : ell delta ≠ 0) : LinearStudy.PerfectMultiplicationPairing
'LinearStudy.perfectPairingOfSocle' depends on axioms: [propext, Classical.choice, Quot.sound]
LinearStudy.exists_perfectPairing_of_scalar_socle.{u_1, u_2} {A : Type u_1} [CommRing A] {K : Type u_2} [Field K]
  [Algebra K A] [IsArtinianRing A] [IsLocalRing A] [FiniteDimensional K A] (delta : A) (hdelta : delta ≠ 0)
  (hsoc : ∀ x ∈ Submodule.annihilator (IsLocalRing.maximalIdeal A), ∃ b, x = b • delta) : ∃ p, p.functional delta = 1
'LinearStudy.exists_perfectPairing_of_scalar_socle' depends on axioms: [propext, Classical.choice, Quot.sound]
LinearStudy.ringEquiv_socle_forward.{u_1, u_2} {C : Type u_1} {D : Type u_2} [CommRing C] [CommRing D] [IsLocalRing C]
  [IsLocalRing D] (e : C ≃+* D) (a : C) (ha : a ∈ Submodule.annihilator (IsLocalRing.maximalIdeal C)) :
  e a ∈ Submodule.annihilator (IsLocalRing.maximalIdeal D)
'LinearStudy.ringEquiv_socle_forward' depends on axioms: [propext, Quot.sound]
LinearStudy.ringEquiv_socle_iff.{u_1, u_2} {C : Type u_1} {D : Type u_2} [CommRing C] [CommRing D] [IsLocalRing C]
  [IsLocalRing D] (e : C ≃+* D) (a : C) :
  a ∈ Submodule.annihilator (IsLocalRing.maximalIdeal C) ↔ e a ∈ Submodule.annihilator (IsLocalRing.maximalIdeal D)
'LinearStudy.ringEquiv_socle_iff' depends on axioms: [propext, Quot.sound]
LinearStudy.scalar_socle_transport.{u_1, u_2, u_3, u_4} {C : Type u_1} {D : Type u_2} [CommRing C] [CommRing D]
  [IsLocalRing C] [IsLocalRing D] {k : Type u_3} {K : Type u_4} [Field k] [Field K] [Algebra k C] [Algebra K D]
  (e : C ≃+* D) (ef : k ≃+* K) (hscalar : ∀ (u : k) (a : C), e (u • a) = ef u • e a) (delta : D)
  (hsoc : ∀ a ∈ Submodule.annihilator (IsLocalRing.maximalIdeal D), ∃ u, a = u • delta) (a : C) :
  a ∈ Submodule.annihilator (IsLocalRing.maximalIdeal C) → ∃ u, a = u • e.symm delta
'LinearStudy.scalar_socle_transport' depends on axioms: [propext, Quot.sound]
LinearStudy.split_basis_residue_coordinates_linearIndependent.{u_1, u_2, u_3, u_4, u_5, u_6} {R : Type u_1}
  {K : Type u_2} {C : Type u_3} {M : Type u_4} {ι : Type u_5} {σ : Type u_6} [CommRing R] [Field K] [Algebra R K]
  [AddCommGroup C] [Module R C] [AddCommGroup M] [Module R M] [Finite σ] (b : Module.Basis ι R C)
  (c : Module.Basis σ R M) (f : C →ₗ[R] M) (l : M →ₗ[R] C) (hl : l ∘ₗ f = LinearMap.id) :
  LinearIndependent K fun i j => (algebraMap R K) ((c.repr (f (b i))) j)
'LinearStudy.split_basis_residue_coordinates_linearIndependent' depends on axioms: [propext,
 Classical.choice,
 Quot.sound]
LinearStudy.split_basis_residue_coordinates_nonzero_minor.{u_1, u_2, u_3, u_4, u_5} {R : Type u_1} {K : Type u_2}
  {C : Type u_3} {M : Type u_4} {σ : Type u_5} [CommRing R] [Field K] [Algebra R K] [AddCommGroup C] [Module R C]
  [AddCommGroup M] [Module R M] [Finite σ] {n : ℕ} (b : Module.Basis (Fin n) R C) (c : Module.Basis σ R M)
  (f : C →ₗ[R] M) (l : M →ₗ[R] C) (hl : l ∘ₗ f = LinearMap.id) :
  ∃ j, Function.Injective j ∧ (Matrix.det fun i k => (algebraMap R K) ((c.repr (f (b i))) (j k))) ≠ 0
'LinearStudy.split_basis_residue_coordinates_nonzero_minor' depends on axioms: [propext, Classical.choice, Quot.sound]
LinearStudy.equationIdeal {r c : ℕ} (H : Fin c → LinearStudy.AmbientRing r c) : Ideal (LinearStudy.AmbientRing r c)
'LinearStudy.equationIdeal' depends on axioms: [propext, Classical.choice, Quot.sound]
LinearStudy.relativeJacobian {r c : ℕ} (H : Fin c → LinearStudy.AmbientRing r c) : LinearStudy.CompleteIntersection H
'LinearStudy.relativeJacobian' depends on axioms: [propext, Classical.choice, Quot.sound]
LinearStudy.Lemma31Goal (r c : ℕ) : Prop
'LinearStudy.Lemma31Goal' depends on axioms: [propext, Classical.choice, Quot.sound]
LinearStudy.normal_jacobian_linear_shear.{u_1, u_2, u_3} {K : Type u_1} {α : Type u_2} {β : Type u_3} [Field K]
  [Fintype α] [Fintype β] [DecidableEq α] [DecidableEq β] (A : Matrix β (α ⊕ β) K)
  (hJ : IsUnit (A.submatrix id Sum.inr).det) :
  have B := A.submatrix id Sum.inl;
  have J := A.submatrix id Sum.inr;
  have M := Matrix.fromBlocks 1 0 (-(J⁻¹ * B)) 1;
  M.det = 1 ∧ A * M = Matrix.fromCols 0 J
'LinearStudy.normal_jacobian_linear_shear' depends on axioms: [propext, Classical.choice, Quot.sound]
LinearStudy.polynomial_equations_adapted_linear_coordinates.{u_1, u_2, u_3} {K : Type u_1} {α : Type u_2} {β : Type u_3}
  [Field K] [Fintype α] [Fintype β] [DecidableEq α] [DecidableEq β] (G : β → MvPolynomial (α ⊕ β) K) (x : α ⊕ β → K)
  (h0 : ∀ (i : β), (MvPolynomial.eval x) (G i) = 0)
  (hJ : IsUnit (Matrix.det fun i j => (MvPolynomial.eval x) ((MvPolynomial.pderiv (Sum.inr j)) (G i)))) :
  ∃ M,
    M.det ≠ 0 ∧
      have y := M⁻¹.mulVec x;
      have H := fun i => (LinearStudy.polynomialLinearChange M) (G i);
      (∀ (i : β), (MvPolynomial.eval y) (H i) = 0) ∧
        (∀ (i : β) (j : α), (MvPolynomial.eval y) ((MvPolynomial.pderiv (Sum.inl j)) (H i)) = 0) ∧
          ∀ (i j : β),
            (MvPolynomial.eval y) ((MvPolynomial.pderiv (Sum.inr j)) (H i)) =
              (MvPolynomial.eval x) ((MvPolynomial.pderiv (Sum.inr j)) (G i))
'LinearStudy.polynomial_equations_adapted_linear_coordinates' depends on axioms: [propext, Classical.choice, Quot.sound]
LinearStudy.polynomial_equations_formal_firstOrder_normal_form.{u_1, u_2, u_3} {K : Type u_1} {α : Type u_2}
  {β : Type u_3} [Field K] [Fintype α] [Fintype β] [DecidableEq α] [DecidableEq β] [Nonempty β]
  (G : β → MvPolynomial (α ⊕ β) K) (x : α ⊕ β → K) (h0 : ∀ (i : β), (MvPolynomial.eval x) (G i) = 0)
  (hJ : IsUnit (Matrix.det fun i j => (MvPolynomial.eval x) ((MvPolynomial.pderiv (Sum.inr j)) (G i)))) :
  ∃ M,
    M.det ≠ 0 ∧
      ∃ H,
        (∀ (i : β), H i - MvPowerSeries.X (Sum.inr i) ∈ IsLocalRing.maximalIdeal (MvPowerSeries (α ⊕ β) K) ^ 2) ∧
          Ideal.span (Set.range H) =
            Ideal.span
              (Set.range fun i =>
                (LinearStudy.formalPolynomialAtPoint (M⁻¹.mulVec x)) ((LinearStudy.polynomialLinearChange M) (G i)))
'LinearStudy.polynomial_equations_formal_firstOrder_normal_form' depends on axioms: [propext,
 Classical.choice,
 Quot.sound]
LinearStudy.polynomialDoubleTensor.{u_1, u_2, u_3} {K : Type u_1} {A : Type u_2} {ι : Type u_3} [CommRing K]
  [CommRing A] [Algebra K A] (q : MvPowerSeries ι K →ₐ[K] A) : MvPolynomial (ι ⊕ ι) K →ₐ[K] TensorProduct K A A
'LinearStudy.polynomialDoubleTensor' depends on axioms: [propext, Classical.choice, Quot.sound]
LinearStudy.polynomialDoubleTensor_left.{u_1, u_2, u_3} {K : Type u_1} {A : Type u_2} {ι : Type u_3} [CommRing K]
  [CommRing A] [Algebra K A] (q : MvPowerSeries ι K →ₐ[K] A) (P : MvPolynomial ι K) :
  (LinearStudy.polynomialDoubleTensor q) ((MvPolynomial.rename Sum.inl) P) = q ↑P ⊗ₜ[K] 1
'LinearStudy.polynomialDoubleTensor_left' depends on axioms: [propext, Classical.choice, Quot.sound]
LinearStudy.polynomialDoubleTensor_right.{u_1, u_2, u_3} {K : Type u_1} {A : Type u_2} {ι : Type u_3} [CommRing K]
  [CommRing A] [Algebra K A] (q : MvPowerSeries ι K →ₐ[K] A) (P : MvPolynomial ι K) :
  (LinearStudy.polynomialDoubleTensor q) ((MvPolynomial.rename Sum.inr) P) = 1 ⊗ₜ[K] q ↑P
'LinearStudy.polynomialDoubleTensor_right' depends on axioms: [propext, Classical.choice, Quot.sound]
LinearStudy.polynomialDoubleTensor_multiplication.{u_1, u_2, u_3} {K : Type u_1} {A : Type u_2} {ι : Type u_3}
  [CommRing K] [CommRing A] [Algebra K A] (q : MvPowerSeries ι K →ₐ[K] A) (P : MvPolynomial (ι ⊕ ι) K) :
  (Algebra.TensorProduct.lmul' K) ((LinearStudy.polynomialDoubleTensor q) P) =
    q ↑(LinearStudy.polynomialDoubleDiagonal P)
'LinearStudy.polynomialDoubleTensor_multiplication' depends on axioms: [propext, Classical.choice, Quot.sound]
LinearStudy.polynomialDoubleTensor_rightReduction.{u_1, u_2, u_3} {K : Type u_1} {A : Type u_2} {ι : Type u_3}
  [CommRing K] [CommRing A] [Algebra K A] (q : MvPowerSeries ι K →ₐ[K] A) (a : A →ₐ[K] K)
  (ha : ∀ (i : ι), a (q (MvPowerSeries.X i)) = 0) (P : MvPolynomial (ι ⊕ ι) K) :
  (LinearStudy.pairingRightReduction a) ((LinearStudy.polynomialDoubleTensor q) P) =
    q (LinearStudy.polynomialDoubleRightZero P)
'LinearStudy.polynomialDoubleTensor_rightReduction' depends on axioms: [propext, Classical.choice, Quot.sound]
LinearStudy.powerSeries_maximalIdeal_eq_coordinates.{u_1} {K : Type u_1} [Field K] {r : ℕ} :
  IsLocalRing.maximalIdeal (MvPowerSeries (Fin (r + 1)) K) = Ideal.span (Set.range MvPowerSeries.X)
'LinearStudy.powerSeries_maximalIdeal_eq_coordinates' depends on axioms: [propext, Classical.choice, Quot.sound]
LinearStudy.parameterIdeal_map_eq_residueIdeal.{u_1} {K : Type u_1} [Field K] {r c : ℕ}
  (H : Fin c → MvPowerSeries (Fin c) (MvPowerSeries (Fin (r + 1)) K)) :
  Ideal.map (Ideal.Quotient.mk (Ideal.span (Set.range H)))
      (Ideal.span (Set.range fun i => MvPowerSeries.C (MvPowerSeries.X i))) =
    Ideal.map
      (algebraMap (MvPowerSeries (Fin (r + 1)) K)
        (MvPowerSeries (Fin c) (MvPowerSeries (Fin (r + 1)) K) ⧸ Ideal.span (Set.range H)))
      (IsLocalRing.maximalIdeal (MvPowerSeries (Fin (r + 1)) K))
'LinearStudy.parameterIdeal_map_eq_residueIdeal' depends on axioms: [propext, Classical.choice, Quot.sound]
LinearStudy.powerSeriesResidueTensorEquiv.{u_1} {K : Type u_1} [Field K] {r c : ℕ}
  (H : Fin c → MvPowerSeries (Fin c) (MvPowerSeries (Fin (r + 1)) K)) :
  TensorProduct (MvPowerSeries (Fin (r + 1)) K)
      (MvPowerSeries (Fin (r + 1)) K ⧸ IsLocalRing.maximalIdeal (MvPowerSeries (Fin (r + 1)) K))
      (MvPowerSeries (Fin c) (MvPowerSeries (Fin (r + 1)) K) ⧸ Ideal.span (Set.range H)) ≃+*
    MvPowerSeries (Fin c) K ⧸ Ideal.span (Set.range fun i => LinearStudy.parameterSpecialization (H i))
'LinearStudy.powerSeriesResidueTensorEquiv' depends on axioms: [propext, Classical.choice, Quot.sound]
LinearStudy.powerSeriesResidueTensorEquiv_one_tmul.{u_1} {K : Type u_1} [Field K] {r c : ℕ}
  (H : Fin c → MvPowerSeries (Fin c) (MvPowerSeries (Fin (r + 1)) K))
  (z : MvPowerSeries (Fin c) (MvPowerSeries (Fin (r + 1)) K)) :
  (LinearStudy.powerSeriesResidueTensorEquiv H)
      (1 ⊗ₜ[MvPowerSeries (Fin (r + 1)) K] (Ideal.Quotient.mk (Ideal.span (Set.range H))) z) =
    (Ideal.Quotient.mk (Ideal.span (Set.range fun i => LinearStudy.parameterSpecialization (H i))))
      (LinearStudy.parameterSpecialization z)
'LinearStudy.powerSeriesResidueTensorEquiv_one_tmul' depends on axioms: [propext, Classical.choice, Quot.sound]
LinearStudy.powerSeriesResidueFieldEquiv.{u_1} {K : Type u_1} [Field K] {r : ℕ} :
  MvPowerSeries (Fin (r + 1)) K ⧸ IsLocalRing.maximalIdeal (MvPowerSeries (Fin (r + 1)) K) ≃+* K
'LinearStudy.powerSeriesResidueFieldEquiv' depends on axioms: [propext, Classical.choice, Quot.sound]
LinearStudy.powerSeriesResidueFieldEquiv_mk.{u_1} {K : Type u_1} [Field K] {r : ℕ} (b : MvPowerSeries (Fin (r + 1)) K) :
  LinearStudy.powerSeriesResidueFieldEquiv
      ((Ideal.Quotient.mk (IsLocalRing.maximalIdeal (MvPowerSeries (Fin (r + 1)) K))) b) =
    MvPowerSeries.constantCoeff b
'LinearStudy.powerSeriesResidueFieldEquiv_mk' depends on axioms: [propext, Classical.choice, Quot.sound]
LinearStudy.powerSeriesResidueTensorEquiv_algebraMap.{u_1} {K : Type u_1} [Field K] {r c : ℕ}
  (H : Fin c → MvPowerSeries (Fin c) (MvPowerSeries (Fin (r + 1)) K))
  (u : MvPowerSeries (Fin (r + 1)) K ⧸ IsLocalRing.maximalIdeal (MvPowerSeries (Fin (r + 1)) K)) :
  (LinearStudy.powerSeriesResidueTensorEquiv H) (u ⊗ₜ[MvPowerSeries (Fin (r + 1)) K] 1) =
    (algebraMap K (MvPowerSeries (Fin c) K ⧸ Ideal.span (Set.range fun i => LinearStudy.parameterSpecialization (H i))))
      (LinearStudy.powerSeriesResidueFieldEquiv u)
'LinearStudy.powerSeriesResidueTensorEquiv_algebraMap' depends on axioms: [propext, Classical.choice, Quot.sound]
LinearStudy.powerSeriesResidueTensorEquiv_smul.{u_1} {K : Type u_1} [Field K] {r c : ℕ}
  (H : Fin c → MvPowerSeries (Fin c) (MvPowerSeries (Fin (r + 1)) K))
  (u : MvPowerSeries (Fin (r + 1)) K ⧸ IsLocalRing.maximalIdeal (MvPowerSeries (Fin (r + 1)) K))
  (a :
    TensorProduct (MvPowerSeries (Fin (r + 1)) K)
      (MvPowerSeries (Fin (r + 1)) K ⧸ IsLocalRing.maximalIdeal (MvPowerSeries (Fin (r + 1)) K))
      (MvPowerSeries (Fin c) (MvPowerSeries (Fin (r + 1)) K) ⧸ Ideal.span (Set.range H))) :
  (LinearStudy.powerSeriesResidueTensorEquiv H) (u • a) =
    LinearStudy.powerSeriesResidueFieldEquiv u • (LinearStudy.powerSeriesResidueTensorEquiv H) a
'LinearStudy.powerSeriesResidueTensorEquiv_smul' depends on axioms: [propext, Classical.choice, Quot.sound]
LinearStudy.finiteFlat_powerSeries_relative_perfectPairing.{u_2} {K : Type u_2} [Field K] {r n : ℕ}
  (H : Fin (n + 1) → MvPowerSeries (Fin (n + 1)) (MvPowerSeries (Fin (r + 1)) K))
  (hH : RingTheory.Sequence.IsRegular (MvPowerSeries (Fin (n + 1)) (MvPowerSeries (Fin (r + 1)) K)) (List.ofFn H))
  [Module.Finite (MvPowerSeries (Fin (r + 1)) K)
      (MvPowerSeries (Fin (n + 1)) (MvPowerSeries (Fin (r + 1)) K) ⧸ Ideal.span (Set.range H))]
  [Module.Flat (MvPowerSeries (Fin (r + 1)) K)
      (MvPowerSeries (Fin (n + 1)) (MvPowerSeries (Fin (r + 1)) K) ⧸ Ideal.span (Set.range H))] :
  Nonempty LinearStudy.PerfectMultiplicationPairing
'LinearStudy.finiteFlat_powerSeries_relative_perfectPairing' depends on axioms: [propext, Classical.choice, Quot.sound]
LinearStudy.thickeningIdeal.{u_1} (B : Type u_1) [CommRing B] (s : ℕ) : Ideal (PowerSeries B)
'LinearStudy.thickeningIdeal' depends on axioms: [propext, Classical.choice, Quot.sound]
LinearStudy.thickeningMk.{u_1} (B : Type u_1) [CommRing B] (s : ℕ) : PowerSeries B →+* LinearStudy.Thickening B s
'LinearStudy.thickeningMk' depends on axioms: [propext, Classical.choice, Quot.sound]
LinearStudy.thickeningX.{u_1} (B : Type u_1) [CommRing B] (s : ℕ) : LinearStudy.Thickening B s
'LinearStudy.thickeningX' depends on axioms: [propext, Classical.choice, Quot.sound]
LinearStudy.thickeningTop.{u_1} (B : Type u_1) [CommRing B] (s : ℕ) : LinearStudy.Thickening B s
'LinearStudy.thickeningTop' depends on axioms: [propext, Classical.choice, Quot.sound]
LinearStudy.thickeningMk_surjective.{u_1} (B : Type u_1) [CommRing B] (s : ℕ) :
  Function.Surjective ⇑(LinearStudy.thickeningMk B s)
'LinearStudy.thickeningMk_surjective' depends on axioms: [propext, Classical.choice, Quot.sound]
LinearStudy.thickeningMk_eq_zero_iff.{u_1} (B : Type u_1) [CommRing B] (s : ℕ) (P : PowerSeries B) :
  (LinearStudy.thickeningMk B s) P = 0 ↔ PowerSeries.X ^ (s + 1) ∣ P
'LinearStudy.thickeningMk_eq_zero_iff' depends on axioms: [propext, Classical.choice, Quot.sound]
LinearStudy.thickeningX_pow.{u_1} (B : Type u_1) [CommRing B] (s : ℕ) : LinearStudy.thickeningX B s ^ (s + 1) = 0
'LinearStudy.thickeningX_pow' depends on axioms: [propext, Classical.choice, Quot.sound]
LinearStudy.thickeningX_nilpotent.{u_1} (B : Type u_1) [CommRing B] (s : ℕ) : IsNilpotent (LinearStudy.thickeningX B s)
'LinearStudy.thickeningX_nilpotent' depends on axioms: [propext, Classical.choice, Quot.sound]
LinearStudy.thickening_X_annihilation_iff.{u_1} (B : Type u_1) [CommRing B] (s : ℕ) (P : PowerSeries B) :
  LinearStudy.thickeningX B s * (LinearStudy.thickeningMk B s) P = 0 ↔ PowerSeries.X ^ s ∣ P
'LinearStudy.thickening_X_annihilation_iff' depends on axioms: [propext, Classical.choice, Quot.sound]
LinearStudy.thickening_X_annihilator.{u_1} (B : Type u_1) [CommRing B] (s : ℕ) :
  Submodule.annihilator (Ideal.span {LinearStudy.thickeningX B s}) = Ideal.span {LinearStudy.thickeningTop B s}
'LinearStudy.thickening_X_annihilator' depends on axioms: [propext, Classical.choice, Quot.sound]
LinearStudy.thickeningTop_nonzero.{u_1} (B : Type u_1) [CommRing B] (s : ℕ) [Nontrivial B] :
  LinearStudy.thickeningTop B s ≠ 0
'LinearStudy.thickeningTop_nonzero' depends on axioms: [propext, Classical.choice, Quot.sound]
LinearStudy.thickeningReduction.{u_1} (B : Type u_1) [CommRing B] (s : ℕ) : LinearStudy.Thickening B s →+* B
'LinearStudy.thickeningReduction' depends on axioms: [propext, Classical.choice, Quot.sound]
LinearStudy.thickeningReduction_mk.{u_1} (B : Type u_1) [CommRing B] (s : ℕ) (P : PowerSeries B) :
  (LinearStudy.thickeningReduction B s) ((LinearStudy.thickeningMk B s) P) = PowerSeries.constantCoeff P
'LinearStudy.thickeningReduction_mk' depends on axioms: [propext, Classical.choice, Quot.sound]
LinearStudy.thickeningReduction_surjective.{u_1} (B : Type u_1) [CommRing B] (s : ℕ) :
  Function.Surjective ⇑(LinearStudy.thickeningReduction B s)
'LinearStudy.thickeningReduction_surjective' depends on axioms: [propext, Classical.choice, Quot.sound]
LinearStudy.thickeningReduction_kernel.{u_1} (B : Type u_1) [CommRing B] (s : ℕ) :
  RingHom.ker (LinearStudy.thickeningReduction B s) = Ideal.span {LinearStudy.thickeningX B s}
'LinearStudy.thickeningReduction_kernel' depends on axioms: [propext, Classical.choice, Quot.sound]
LinearStudy.thickening_nilradical.{u_1} (B : Type u_1) [CommRing B] (s : ℕ) [IsReduced B] :
  nilradical (LinearStudy.Thickening B s) = Ideal.span {LinearStudy.thickeningX B s}
'LinearStudy.thickening_nilradical' depends on axioms: [propext, Classical.choice, Quot.sound]
LinearStudy.thickening_nilradical_annihilator.{u_1} (B : Type u_1) [CommRing B] (s : ℕ) [IsReduced B] :
  Submodule.annihilator (nilradical (LinearStudy.Thickening B s)) = Ideal.span {LinearStudy.thickeningTop B s}
'LinearStudy.thickening_nilradical_annihilator' depends on axioms: [propext, Classical.choice, Quot.sound]
LinearStudy.thickeningJacobian.{u_1} (B : Type u_1) [CommRing B] (s : ℕ) : LinearStudy.Thickening B s
'LinearStudy.thickeningJacobian' depends on axioms: [propext, Classical.choice, Quot.sound]
LinearStudy.thickeningJacobian_eq.{u_1} (B : Type u_1) [CommRing B] (s : ℕ) :
  LinearStudy.thickeningJacobian B s = ↑(s + 1) * LinearStudy.thickeningTop B s
'LinearStudy.thickeningJacobian_eq' depends on axioms: [propext, Classical.choice, Quot.sound]
LinearStudy.thickeningJacobian_unit_twist.{u_1} (B : Type u_1) [CommRing B] (s : ℕ) (u : PowerSeries B) :
  (LinearStudy.thickeningMk B s) (PowerSeries.derivative (u * PowerSeries.X ^ (s + 1))) =
    (LinearStudy.thickeningMk B s) u * LinearStudy.thickeningJacobian B s
'LinearStudy.thickeningJacobian_unit_twist' depends on axioms: [propext, Classical.choice, Quot.sound]
LinearStudy.thickeningJacobian_span.{u_1} (B : Type u_1) [CommRing B] (s : ℕ) (hunit : IsUnit ↑(s + 1)) :
  Ideal.span {LinearStudy.thickeningJacobian B s} = Ideal.span {LinearStudy.thickeningTop B s}
'LinearStudy.thickeningJacobian_span' depends on axioms: [propext, Classical.choice, Quot.sound]
LinearStudy.thickeningJacobian_annihilator.{u_1} (B : Type u_1) [CommRing B] (s : ℕ) [IsReduced B]
  (hunit : IsUnit ↑(s + 1)) :
  Submodule.annihilator (nilradical (LinearStudy.Thickening B s)) = Ideal.span {LinearStudy.thickeningJacobian B s}
'LinearStudy.thickeningJacobian_annihilator' depends on axioms: [propext, Classical.choice, Quot.sound]
LinearStudy.thickeningJacobian_nonzero.{u_1} (B : Type u_1) [CommRing B] (s : ℕ) [Nontrivial B]
  (hunit : IsUnit ↑(s + 1)) : LinearStudy.thickeningJacobian B s ≠ 0
'LinearStudy.thickeningJacobian_nonzero' depends on axioms: [propext, Classical.choice, Quot.sound]
LinearStudy.thickeningTop_mul_mk.{u_1} (B : Type u_1) [CommRing B] (s : ℕ) (P : PowerSeries B) :
  LinearStudy.thickeningTop B s * (LinearStudy.thickeningMk B s) P =
    (LinearStudy.thickeningMk B s) (PowerSeries.C (PowerSeries.constantCoeff P)) * LinearStudy.thickeningTop B s
'LinearStudy.thickeningTop_mul_mk' depends on axioms: [propext, Classical.choice, Quot.sound]
LinearStudy.thickening_nilradical_scalar_generation.{u_1} (B : Type u_1) [CommRing B] (s : ℕ) [IsReduced B]
  (a : LinearStudy.Thickening B s) :
  a ∈ Submodule.annihilator (nilradical (LinearStudy.Thickening B s)) ↔
    ∃ b, a = (LinearStudy.thickeningMk B s) (PowerSeries.C b) * LinearStudy.thickeningTop B s
'LinearStudy.thickening_nilradical_scalar_generation' depends on axioms: [propext, Classical.choice, Quot.sound]
LinearStudy.thickeningTop_scalar_eq_zero_iff.{u_1} (B : Type u_1) [CommRing B] (s : ℕ) (b : B) :
  (LinearStudy.thickeningMk B s) (PowerSeries.C b) * LinearStudy.thickeningTop B s = 0 ↔ b = 0
'LinearStudy.thickeningTop_scalar_eq_zero_iff' depends on axioms: [propext, Classical.choice, Quot.sound]
LinearStudy.thickeningTop_scalars_injective.{u_1} (B : Type u_1) [CommRing B] (s : ℕ) :
  Function.Injective fun b => (LinearStudy.thickeningMk B s) (PowerSeries.C b) * LinearStudy.thickeningTop B s
'LinearStudy.thickeningTop_scalars_injective' depends on axioms: [propext, Classical.choice, Quot.sound]
LinearStudy.thickening_nilradical_maximal.{u_2} {K : Type u_2} [Field K] (s : ℕ) :
  (nilradical (LinearStudy.Thickening K s)).IsMaximal
'LinearStudy.thickening_nilradical_maximal' depends on axioms: [propext, Classical.choice, Quot.sound]
LinearStudy.thickening_closedFiber_artinian.{u_2} {K : Type u_2} [Field K] (s : ℕ) :
  IsArtinianRing (LinearStudy.Thickening K s)
'LinearStudy.thickening_closedFiber_artinian' depends on axioms: [propext, Classical.choice, Quot.sound]
LinearStudy.thickening_closedFiber_jacobian.{u_2} {K : Type u_2} [Field K] [CharZero K] (s : ℕ) :
  IsArtinianRing (LinearStudy.Thickening K s) ∧
    (nilradical (LinearStudy.Thickening K s)).IsMaximal ∧
      Submodule.annihilator (nilradical (LinearStudy.Thickening K s)) =
          Ideal.span {LinearStudy.thickeningJacobian K s} ∧
        LinearStudy.thickeningJacobian K s ≠ 0
'LinearStudy.thickening_closedFiber_jacobian' depends on axioms: [propext, Classical.choice, Quot.sound]
LinearStudy.powerSeries_radical_coordinate_sandwich.{u_1, u_2} {R : Type u_1} {σ : Type u_2} [CommRing R]
  [IsNoetherianRing R] [Fintype σ] [DecidableEq σ] (I : Ideal (MvPowerSeries σ R))
  (hrad : I.radical = Ideal.span (Set.range MvPowerSeries.X)) :
  ∃ e, 0 < e ∧ I ≤ Ideal.span (Set.range MvPowerSeries.X) ∧ Ideal.span (Set.range MvPowerSeries.X) ^ e ≤ I
'LinearStudy.powerSeries_radical_coordinate_sandwich' depends on axioms: [propext, Classical.choice, Quot.sound]
LinearStudy.powerSeries_thickening_structure_from_radical.{u_1} {K : Type u_1} [Field K] (r c : ℕ) (hr : 0 < r)
  (hc : 0 < c) (H : Fin c → MvPowerSeries (Fin c) (MvPowerSeries (Fin r) K))
  (hrad : (Ideal.span (Set.range H)).radical = Ideal.span (Set.range MvPowerSeries.X)) :
  RingTheory.Sequence.IsRegular (MvPowerSeries (Fin c) (MvPowerSeries (Fin r) K)) (List.ofFn H) ∧
    Module.Finite (MvPowerSeries (Fin r) K)
        (MvPowerSeries (Fin c) (MvPowerSeries (Fin r) K) ⧸ Ideal.span (Set.range H)) ∧
      Module.Free (MvPowerSeries (Fin r) K) (MvPowerSeries (Fin c) (MvPowerSeries (Fin r) K) ⧸ Ideal.span (Set.range H))
'LinearStudy.powerSeries_thickening_structure_from_radical' depends on axioms: [propext, Classical.choice, Quot.sound]
LinearStudy.coordinateThickeningReductionFromRadical {r c : ℕ} (H : Fin c → LinearStudy.AmbientRing r c) (hc : 0 < c)
  (hrad : (LinearStudy.equationIdeal H).radical = Ideal.span (Set.range MvPowerSeries.X)) :
  LinearStudy.CompleteIntersection H →ₐ[LinearStudy.ParameterRing r] LinearStudy.ParameterRing r
'LinearStudy.coordinateThickeningReductionFromRadical' depends on axioms: [propext, Classical.choice, Quot.sound]
LinearStudy.coordinateThickeningReductionFromRadical_kernel {r c : ℕ} (H : Fin c → LinearStudy.AmbientRing r c)
  (hc : 0 < c) (hrad : (LinearStudy.equationIdeal H).radical = Ideal.span (Set.range MvPowerSeries.X)) :
  RingHom.ker (LinearStudy.coordinateThickeningReductionFromRadical H hc hrad).toRingHom =
    nilradical (LinearStudy.CompleteIntersection H)
'LinearStudy.coordinateThickeningReductionFromRadical_kernel' depends on axioms: [propext, Classical.choice, Quot.sound]
LinearStudy.formalThickening_relativeJacobian_socle {r c : ℕ} (H : Fin c → LinearStudy.AmbientRing r c) (hr : 0 < r)
  (hc : 0 < c) (hrad : (LinearStudy.equationIdeal H).radical = Ideal.span (Set.range MvPowerSeries.X)) :
  have q := LinearStudy.coordinateThickeningReductionFromRadical H hc hrad;
  (∀ (x : LinearStudy.CompleteIntersection H),
      LinearStudy.Annihilates (nilradical (LinearStudy.CompleteIntersection H)) x ↔
        ∃ b, x = b • LinearStudy.relativeJacobian H) ∧
    ∀ (τ : Fin r → LinearStudy.CompleteIntersection H),
      Ideal.span (Set.range fun i => q (τ i)) = IsLocalRing.maximalIdeal (LinearStudy.ParameterRing r) →
        have J := Ideal.span (Set.range τ);
        let Q := LinearStudy.CompleteIntersection H ⧸ J;
        have m := Ideal.map (Ideal.Quotient.mk J) (nilradical (LinearStudy.CompleteIntersection H));
        IsArtinianRing Q ∧
          m.IsMaximal ∧
            Submodule.annihilator m = Ideal.span {(Ideal.Quotient.mk J) (LinearStudy.relativeJacobian H)} ∧
              (Ideal.Quotient.mk J) (LinearStudy.relativeJacobian H) ≠ 0
'LinearStudy.formalThickening_relativeJacobian_socle' depends on axioms: [propext, Classical.choice, Quot.sound]
LinearStudy.homogeneousComponent_prod_top.{u_1, u_2, u_3} {K : Type u_1} {ι : Type u_2} {κ : Type u_3} [Field K]
  [DecidableEq κ] (s : Finset κ) (p : κ → MvPolynomial ι K) (e : κ → ℕ) (hp : ∀ i ∈ s, (p i).totalDegree ≤ e i) :
  (MvPolynomial.homogeneousComponent (∑ i ∈ s, e i)) (∏ i ∈ s, p i) =
    ∏ i ∈ s, (MvPolynomial.homogeneousComponent (e i)) (p i)
'LinearStudy.homogeneousComponent_prod_top' depends on axioms: [propext, Classical.choice, Quot.sound]
LinearStudy.homogeneousComponent_det_top.{u_1, u_2, u_3} {K : Type u_1} {ι : Type u_2} {κ : Type u_3} [Field K]
  [Fintype κ] [DecidableEq κ] (M : Matrix κ κ (MvPolynomial ι K)) (e : κ → ℕ)
  (hM : ∀ (i j : κ), (M i j).totalDegree ≤ e i) :
  (MvPolynomial.homogeneousComponent (∑ i, e i)) M.det =
    Matrix.det fun i j => (MvPolynomial.homogeneousComponent (e i)) (M i j)
'LinearStudy.homogeneousComponent_det_top' depends on axioms: [propext, Classical.choice, Quot.sound]
LinearStudy.coefficient_matrix_top_equations.{u_1, u_3} {K : Type u_1} {κ : Type u_3} [Field K] [Fintype κ]
  [DecidableEq κ] (P : κ → MvPolynomial κ K) (e : κ → ℕ) (he : ∀ (i : κ), 0 < e i) (N : Matrix κ κ (MvPolynomial κ K))
  (hN : N.mulVec MvPolynomial.X = fun i => P i - MvPolynomial.C (MvPolynomial.constantCoeff (P i))) :
  Matrix.mulVec (fun i j => (MvPolynomial.homogeneousComponent (e i - 1)) (N i j)) MvPolynomial.X = fun i =>
    (MvPolynomial.homogeneousComponent (e i)) (P i)
'LinearStudy.coefficient_matrix_top_equations' depends on axioms: [propext, Classical.choice, Quot.sound]
LinearStudy.traceElement.{u_1, u_2} {B : Type u_1} {A : Type u_2} [CommRing B] [CommRing A] [Algebra B A]
  (p : LinearStudy.PerfectMultiplicationPairing) : A
'LinearStudy.traceElement' depends on axioms: [propext, Classical.choice, Quot.sound]
LinearStudy.traceElement_pairing.{u_1, u_2} {B : Type u_1} {A : Type u_2} [CommRing B] [CommRing A] [Algebra B A]
  (p : LinearStudy.PerfectMultiplicationPairing) (a : A) :
  p.functional (LinearStudy.traceElement p * a) = (Algebra.trace B A) a
'LinearStudy.traceElement_pairing' depends on axioms: [propext, Classical.choice, Quot.sound]
LinearStudy.trace_eq_rank_smul_reduction.{u_1, u_2} {B : Type u_1} {A : Type u_2} [CommRing B] [CommRing A]
  [Algebra B A] [IsReduced B] [StrongRankCondition B] [Module.Free B A] (q : A →ₐ[B] B)
  (hq : RingHom.ker q.toRingHom = nilradical A) (a : A) : (Algebra.trace B A) a = Module.finrank B A • q a
'LinearStudy.trace_eq_rank_smul_reduction' depends on axioms: [propext, Classical.choice, Quot.sound]
LinearStudy.traceElement_eq_rank_dualGenerator.{u_1, u_2} {B : Type u_1} {A : Type u_2} [CommRing B] [CommRing A]
  [Algebra B A] [IsReduced B] [StrongRankCondition B] [Module.Free B A] (q : A →ₐ[B] B)
  (hq : RingHom.ker q.toRingHom = nilradical A) (p : LinearStudy.PerfectMultiplicationPairing) :
  LinearStudy.traceElement p = Module.finrank B A • LinearStudy.dualGenerator q p
'LinearStudy.traceElement_eq_rank_dualGenerator' depends on axioms: [propext, Classical.choice, Quot.sound]
LinearStudy.traceElement_annihilates_kernel.{u_1, u_2} {B : Type u_1} {A : Type u_2} [CommRing B] [CommRing A]
  [Algebra B A] [IsReduced B] [StrongRankCondition B] [Module.Free B A] (q : A →ₐ[B] B)
  (hq : RingHom.ker q.toRingHom = nilradical A) (p : LinearStudy.PerfectMultiplicationPairing) :
  LinearStudy.Annihilates (RingHom.ker q.toRingHom) (LinearStudy.traceElement p)
'LinearStudy.traceElement_annihilates_kernel' depends on axioms: [propext, Classical.choice, Quot.sound]
LinearStudy.traceElement_functional.{u_1, u_2} {B : Type u_1} {A : Type u_2} [CommRing B] [CommRing A] [Algebra B A]
  [StrongRankCondition B] [Module.Free B A] (p : LinearStudy.PerfectMultiplicationPairing) :
  p.functional (LinearStudy.traceElement p) = ↑(Module.finrank B A)
'LinearStudy.traceElement_functional' depends on axioms: [propext, Classical.choice, Quot.sound]
LinearStudy.traceElement_nonzero_over_field.{u_2, u_3} {A : Type u_2} [CommRing A] {K : Type u_3} [Field K] [CharZero K]
  [Algebra K A] [FiniteDimensional K A] [Nontrivial A] (p : LinearStudy.PerfectMultiplicationPairing) :
  LinearStudy.traceElement p ≠ 0
'LinearStudy.traceElement_nonzero_over_field' depends on axioms: [propext, Classical.choice, Quot.sound]
LinearStudy.traceElement_generates_annihilator.{u_1, u_2} {B : Type u_1} {A : Type u_2} [CommRing B] [CommRing A]
  [Algebra B A] [IsReduced B] [StrongRankCondition B] [Module.Free B A] (q : A →ₐ[B] B)
  (hq : RingHom.ker q.toRingHom = nilradical A) (p : LinearStudy.PerfectMultiplicationPairing)
  (hrank : IsUnit ↑(Module.finrank B A)) (x : A) :
  LinearStudy.Annihilates (RingHom.ker q.toRingHom) x ↔ ∃ u, x = u • LinearStudy.traceElement p
'LinearStudy.traceElement_generates_annihilator' depends on axioms: [propext, Classical.choice, Quot.sound]
LinearStudy.eq_traceElement_of_residue_trace.{u_1, u_2} {B : Type u_1} {A : Type u_2} [CommRing B] [CommRing A]
  [Algebra B A] (p : LinearStudy.PerfectMultiplicationPairing) (delta : A)
  (htrace : ∀ (a : A), p.functional (delta * a) = (Algebra.trace B A) a) : delta = LinearStudy.traceElement p
'LinearStudy.eq_traceElement_of_residue_trace' depends on axioms: [propext, Classical.choice, Quot.sound]
LinearStudy.polynomialDoubleDiagonal.{u_1, u_2} {R : Type u_1} {ι : Type u_2} [CommRing R] :
  MvPolynomial (ι ⊕ ι) R →+* MvPolynomial ι R
'LinearStudy.polynomialDoubleDiagonal' depends on axioms: [propext, Classical.choice, Quot.sound]
LinearStudy.polynomialDoubleRightZero.{u_1, u_2} {R : Type u_1} {ι : Type u_2} [CommRing R] :
  MvPolynomial (ι ⊕ ι) R →+* MvPowerSeries ι R
'LinearStudy.polynomialDoubleRightZero' depends on axioms: [propext, Classical.choice, Quot.sound]
LinearStudy.polynomialDoubleDiagonal_left.{u_1, u_2} {R : Type u_1} {ι : Type u_2} [CommRing R] (P : MvPolynomial ι R) :
  LinearStudy.polynomialDoubleDiagonal ((MvPolynomial.rename Sum.inl) P) = P
'LinearStudy.polynomialDoubleDiagonal_left' depends on axioms: [propext, Classical.choice, Quot.sound]
LinearStudy.polynomialDoubleRightZero_left.{u_1, u_2} {R : Type u_1} {ι : Type u_2} [CommRing R]
  (P : MvPolynomial ι R) : LinearStudy.polynomialDoubleRightZero ((MvPolynomial.rename Sum.inl) P) = ↑P
'LinearStudy.polynomialDoubleRightZero_left' depends on axioms: [propext, Classical.choice, Quot.sound]
LinearStudy.polynomialDoubleRightZero_right.{u_1, u_2} {R : Type u_1} {ι : Type u_2} [CommRing R]
  (P : MvPolynomial ι R) :
  LinearStudy.polynomialDoubleRightZero ((MvPolynomial.rename Sum.inr) P) =
    MvPowerSeries.C (MvPolynomial.constantCoeff P)
'LinearStudy.polynomialDoubleRightZero_right' depends on axioms: [propext, Classical.choice, Quot.sound]
LinearStudy.polynomial_universal_difference_matrix.{u_1, u_2} {R : Type u_1} {ι : Type u_2} [CommRing R] [Fintype ι]
  [DecidableEq ι] (P : ι → MvPolynomial ι R) (hzero : ∀ (i : ι), MvPolynomial.constantCoeff (P i) = 0) :
  ∃ D,
    ((D.mulVec fun i => MvPolynomial.X (Sum.inl i) - MvPolynomial.X (Sum.inr i)) = fun i =>
        (MvPolynomial.rename Sum.inl) (P i) - (MvPolynomial.rename Sum.inr) (P i)) ∧
      (∀ (i j : ι), LinearStudy.polynomialDoubleDiagonal (D i j) = (MvPolynomial.pderiv j) (P i)) ∧
        (D.map ⇑LinearStudy.polynomialDoubleRightZero).mulVec MvPowerSeries.X = fun i => ↑(P i)
'LinearStudy.polynomial_universal_difference_matrix' depends on axioms: [propext, Classical.choice, Quot.sound]
LinearStudy.unramified_local_parameters_generate.{u_1, u_2, u_3} {R : Type u_1} {S : Type u_2} {ι : Type u_3}
  [CommRing R] [CommRing S] [Algebra R S] [IsLocalRing R] [IsLocalRing S] [IsLocalHom (algebraMap R S)]
  [Algebra.EssFiniteType R S] [Algebra.FormallyUnramified R S] (t : ι → R)
  (ht : Ideal.span (Set.range t) = IsLocalRing.maximalIdeal R) :
  Ideal.span (Set.range fun i => (algebraMap R S) (t i)) = IsLocalRing.maximalIdeal S
'LinearStudy.unramified_local_parameters_generate' depends on axioms: [propext, Classical.choice, Quot.sound]
LinearStudy.unramified_completed_parameters_generate.{u_1, u_2, u_3} {R : Type u_1} {S : Type u_2} {ι : Type u_3}
  [CommRing R] [CommRing S] [Algebra R S] [IsLocalRing R] [IsLocalRing S] [IsNoetherianRing S]
  [IsLocalHom (algebraMap R S)] [Algebra.EssFiniteType R S] [Algebra.FormallyUnramified R S] (t : ι → R)
  (ht : Ideal.span (Set.range t) = IsLocalRing.maximalIdeal R) :
  let C := AdicCompletion (IsLocalRing.maximalIdeal S) S;
  Ideal.span (Set.range fun i => (algebraMap S C) ((algebraMap R S) (t i))) = IsLocalRing.maximalIdeal C
'LinearStudy.unramified_completed_parameters_generate' depends on axioms: [propext, Classical.choice, Quot.sound]
LinearStudy.unramified_completed_parameters_coordinates.{u_1, u_2, u_3} {R : Type u_1} {S : Type u_2} {K : Type u_3}
  {r : ℕ} [CommRing R] [CommRing S] [Field K] [Algebra R S] [IsLocalRing R] [IsLocalRing S] [IsNoetherianRing S]
  [IsLocalHom (algebraMap R S)] [Algebra.EssFiniteType R S] [Algebra.FormallyUnramified R S] (t : Fin r → R)
  (ht : Ideal.span (Set.range t) = IsLocalRing.maximalIdeal R)
  (e : AdicCompletion (IsLocalRing.maximalIdeal S) S ≃+* MvPowerSeries (Fin r) K) :
  let C := AdicCompletion (IsLocalRing.maximalIdeal S) S;
  have T := fun i => e ((algebraMap S C) ((algebraMap R S) (t i)));
  Ideal.span (Set.range T) = IsLocalRing.maximalIdeal (MvPowerSeries (Fin r) K) ∧
    IsUnit (Matrix.det fun i j => MvPowerSeries.constantCoeff ((MvPowerSeries.pderiv j) (T i)))
'LinearStudy.unramified_completed_parameters_coordinates' depends on axioms: [propext, Classical.choice, Quot.sound]
LinearStudy.smooth_local_unramified_parameters_generate.{u_1, u_2} {K : Type u_1} [Field K] {r c : ℕ} [Nonempty (Fin c)]
  [Nonempty (Fin r)] (I P : Ideal (MvPolynomial (Fin r ⊕ Fin c) K)) [P.IsPrime] (x : Fin r ⊕ Fin c → K)
  (hP : P = RingHom.ker (MvPolynomial.aeval x).toRingHom) (G : Fin c → MvPolynomial (Fin r ⊕ Fin c) K)
  (hG : ∀ (i : Fin c), (MvPolynomial.eval x) (G i) = 0)
  (hJ : IsUnit (Matrix.det fun i j => (MvPolynomial.eval x) ((MvPolynomial.pderiv (Sum.inr j)) (G i))))
  (hlocal :
    Ideal.map (algebraMap (MvPolynomial (Fin r ⊕ Fin c) K) (Localization.AtPrime P)) I =
      Ideal.span (Set.range fun i => (algebraMap (MvPolynomial (Fin r ⊕ Fin c) K) (Localization.AtPrime P)) (G i)))
  (R : Type u_2) [CommRing R] [IsLocalRing R]
  [Algebra R
      (Localization.AtPrime P ⧸ Ideal.map (algebraMap (MvPolynomial (Fin r ⊕ Fin c) K) (Localization.AtPrime P)) I)]
  [IsLocalHom
      (algebraMap R
        (Localization.AtPrime P ⧸ Ideal.map (algebraMap (MvPolynomial (Fin r ⊕ Fin c) K) (Localization.AtPrime P)) I))]
  [Algebra.EssFiniteType R
      (Localization.AtPrime P ⧸ Ideal.map (algebraMap (MvPolynomial (Fin r ⊕ Fin c) K) (Localization.AtPrime P)) I)]
  [Algebra.FormallyUnramified R
      (Localization.AtPrime P ⧸ Ideal.map (algebraMap (MvPolynomial (Fin r ⊕ Fin c) K) (Localization.AtPrime P)) I)]
  (t : Fin r → R) (ht : Ideal.span (Set.range t) = IsLocalRing.maximalIdeal R) :
  let S := Localization.AtPrime P ⧸ Ideal.map (algebraMap (MvPolynomial (Fin r ⊕ Fin c) K) (Localization.AtPrime P)) I;
  have φ := LinearStudy.polynomialSmoothLocalQuotientReduction I P x hP G hG hJ hlocal;
  have T := fun i => φ ((algebraMap R S) (t i));
  Ideal.span (Set.range T) = IsLocalRing.maximalIdeal (MvPowerSeries (Fin r) K) ∧
    IsUnit (Matrix.det fun i j => MvPowerSeries.constantCoeff ((MvPowerSeries.pderiv j) (T i)))
'LinearStudy.smooth_local_unramified_parameters_generate' depends on axioms: [propext, Classical.choice, Quot.sound]
ExteriorAlgebra.baseChangeι.{u_1, u_2, u_3} (R : Type u_1) [CommRing R] (M : Type u_2) [AddCommGroup M] [Module R M]
  (S : Type u_3) [CommRing S] [Algebra R S] : TensorProduct R S M →ₗ[S] TensorProduct R S (ExteriorAlgebra R M)
'ExteriorAlgebra.baseChangeι' depends on axioms: [propext, Quot.sound]
ExteriorAlgebra.baseChangeι_mul_add_swap.{u_1, u_2, u_3} (R : Type u_1) [CommRing R] (M : Type u_2) [AddCommGroup M]
  [Module R M] (S : Type u_3) [CommRing S] [Algebra R S] (x y : TensorProduct R S M) :
  (ExteriorAlgebra.baseChangeι R M S) x * (ExteriorAlgebra.baseChangeι R M S) y +
      (ExteriorAlgebra.baseChangeι R M S) y * (ExteriorAlgebra.baseChangeι R M S) x =
    0
'ExteriorAlgebra.baseChangeι_mul_add_swap' depends on axioms: [propext, Classical.choice, Quot.sound]
ExteriorAlgebra.baseChangeι_sq_zero.{u_1, u_2, u_3} (R : Type u_1) [CommRing R] (M : Type u_2) [AddCommGroup M]
  [Module R M] (S : Type u_3) [CommRing S] [Algebra R S] (x : TensorProduct R S M) :
  (ExteriorAlgebra.baseChangeι R M S) x * (ExteriorAlgebra.baseChangeι R M S) x = 0
'ExteriorAlgebra.baseChangeι_sq_zero' depends on axioms: [propext, Classical.choice, Quot.sound]
ExteriorAlgebra.baseChangeExteriorAlgebraToTensor.{u_1, u_2, u_3} (R : Type u_1) [CommRing R] (M : Type u_2)
  [AddCommGroup M] [Module R M] (S : Type u_3) [CommRing S] [Algebra R S] :
  ExteriorAlgebra S (TensorProduct R S M) →ₐ[S] TensorProduct R S (ExteriorAlgebra R M)
'ExteriorAlgebra.baseChangeExteriorAlgebraToTensor' depends on axioms: [propext, Classical.choice, Quot.sound]
exteriorPower.baseChangeGenerator_map_update_add.{u_1, u_2, u_3} (R : Type u_1) [CommRing R] (M : Type u_2)
  [AddCommGroup M] [Module R M] (S : Type u_3) [CommRing S] [Algebra R S] (i : ℕ) [DecidableEq (Fin i)] (m : Fin i → M)
  (j : Fin i) (x y : M) :
  (ExteriorAlgebra.ιMulti S i) (⇑((TensorProduct.mk R S M) 1) ∘ Function.update m j (x + y)) =
    (ExteriorAlgebra.ιMulti S i) (⇑((TensorProduct.mk R S M) 1) ∘ Function.update m j x) +
      (ExteriorAlgebra.ιMulti S i) (⇑((TensorProduct.mk R S M) 1) ∘ Function.update m j y)
'exteriorPower.baseChangeGenerator_map_update_add' depends on axioms: [propext, Classical.choice, Quot.sound]
exteriorPower.baseChangeGenerator_map_update_smul.{u_1, u_2, u_3} (R : Type u_1) [CommRing R] (M : Type u_2)
  [AddCommGroup M] [Module R M] (S : Type u_3) [CommRing S] [Algebra R S] (i : ℕ) [DecidableEq (Fin i)] (m : Fin i → M)
  (j : Fin i) (r : R) (x : M) :
  (ExteriorAlgebra.ιMulti S i) (⇑((TensorProduct.mk R S M) 1) ∘ Function.update m j (r • x)) =
    r • (ExteriorAlgebra.ιMulti S i) (⇑((TensorProduct.mk R S M) 1) ∘ Function.update m j x)
'exteriorPower.baseChangeGenerator_map_update_smul' depends on axioms: [propext, Classical.choice, Quot.sound]
exteriorPower.baseChangeGenerator.{u_1, u_2, u_3} (R : Type u_1) [CommRing R] (M : Type u_2) [AddCommGroup M]
  [Module R M] (S : Type u_3) [CommRing S] [Algebra R S] (i : ℕ) :
  M [⋀^Fin i]→ₗ[R] ExteriorAlgebra S (TensorProduct R S M)
'exteriorPower.baseChangeGenerator' depends on axioms: [propext, Classical.choice, Quot.sound]
exteriorPower.baseChangeIsoForwardAux.{u_1, u_2, u_3} (R : Type u_1) [CommRing R] (M : Type u_2) [AddCommGroup M]
  [Module R M] (S : Type u_3) [CommRing S] [Algebra R S] (i : ℕ) : M [⋀^Fin i]→ₗ[R] ↥(⋀[S]^i (TensorProduct R S M))
'exteriorPower.baseChangeIsoForwardAux' depends on axioms: [propext, Classical.choice, Quot.sound]
exteriorPower.baseChangeIsoForward.{u_1, u_2, u_3} (R : Type u_1) [CommRing R] (M : Type u_2) [AddCommGroup M]
  [Module R M] (S : Type u_3) [CommRing S] [Algebra R S] (i : ℕ) :
  TensorProduct R S ↥(⋀[R]^i M) →ₗ[S] ↥(⋀[S]^i (TensorProduct R S M))
'exteriorPower.baseChangeIsoForward' depends on axioms: [propext, Classical.choice, Quot.sound]
exteriorPower.baseChangeIsoForward_apply_one_tmul_ιMulti.{u_1, u_2, u_3} (R : Type u_1) [CommRing R] (M : Type u_2)
  [AddCommGroup M] [Module R M] (S : Type u_3) [CommRing S] [Algebra R S] (i : ℕ) (m : Fin i → M) :
  (exteriorPower.baseChangeIsoForward R M S i) (1 ⊗ₜ[R] (exteriorPower.ιMulti R i) m) =
    (exteriorPower.ιMulti S i) (⇑((TensorProduct.mk R S M) 1) ∘ m)
'exteriorPower.baseChangeIsoForward_apply_one_tmul_ιMulti' depends on axioms: [propext, Classical.choice, Quot.sound]
exteriorPower.degreeProjection.{u_1, u_2} (R : Type u_1) [CommRing R] (M : Type u_2) [AddCommGroup M] [Module R M]
  (i : ℕ) : ExteriorAlgebra R M →ₗ[R] ↥(⋀[R]^i M)
'exteriorPower.degreeProjection' depends on axioms: [propext, Classical.choice, Quot.sound]
exteriorPower.degreeProjection_apply_ιMulti.{u_1, u_2} (R : Type u_1) [CommRing R] (M : Type u_2) [AddCommGroup M]
  [Module R M] (i : ℕ) (m : Fin i → M) :
  (exteriorPower.degreeProjection R M i) ((ExteriorAlgebra.ιMulti R i) m) = (exteriorPower.ιMulti R i) m
'exteriorPower.degreeProjection_apply_ιMulti' depends on axioms: [propext, Classical.choice, Quot.sound]
exteriorPower.baseChangeInverseAlternating.{u_1, u_2, u_3} (R : Type u_1) [CommRing R] (M : Type u_2) [AddCommGroup M]
  [Module R M] (S : Type u_3) [CommRing S] [Algebra R S] (i : ℕ) :
  TensorProduct R S M [⋀^Fin i]→ₗ[S] TensorProduct R S ↥(⋀[R]^i M)
'exteriorPower.baseChangeInverseAlternating' depends on axioms: [propext, Classical.choice, Quot.sound]
exteriorPower.baseChangeInverseAlternating_apply_tmul.{u_1, u_2, u_3} (R : Type u_1) [CommRing R] (M : Type u_2)
  [AddCommGroup M] [Module R M] (S : Type u_3) [CommRing S] [Algebra R S] (i : ℕ) (s : Fin i → S) (m : Fin i → M) :
  ((exteriorPower.baseChangeInverseAlternating R M S i) fun j => s j ⊗ₜ[R] m j) =
    (∏ j, s j) ⊗ₜ[R] (exteriorPower.ιMulti R i) m
'exteriorPower.baseChangeInverseAlternating_apply_tmul' depends on axioms: [propext, Classical.choice, Quot.sound]
exteriorPower.baseChangeIsoInverse.{u_1, u_2, u_3} (R : Type u_1) [CommRing R] (M : Type u_2) [AddCommGroup M]
  [Module R M] (S : Type u_3) [CommRing S] [Algebra R S] (i : ℕ) :
  ↥(⋀[S]^i (TensorProduct R S M)) →ₗ[S] TensorProduct R S ↥(⋀[R]^i M)
'exteriorPower.baseChangeIsoInverse' depends on axioms: [propext, Classical.choice, Quot.sound]
exteriorPower.baseChangeIsoInverse_apply_tmul.{u_1, u_2, u_3} (R : Type u_1) [CommRing R] (M : Type u_2)
  [AddCommGroup M] [Module R M] (S : Type u_3) [CommRing S] [Algebra R S] (i : ℕ) (s : Fin i → S) (m : Fin i → M) :
  (exteriorPower.baseChangeIsoInverse R M S i) ((exteriorPower.ιMulti S i) fun j => s j ⊗ₜ[R] m j) =
    (∏ j, s j) ⊗ₜ[R] (exteriorPower.ιMulti R i) m
'exteriorPower.baseChangeIsoInverse_apply_tmul' depends on axioms: [propext, Classical.choice, Quot.sound]
exteriorPower.baseChange_left_inverse.{u_1, u_2, u_3} (R : Type u_1) [CommRing R] (M : Type u_2) [AddCommGroup M]
  [Module R M] (S : Type u_3) [CommRing S] [Algebra R S] (i : ℕ) :
  exteriorPower.baseChangeIsoInverse R M S i ∘ₗ exteriorPower.baseChangeIsoForward R M S i = LinearMap.id
'exteriorPower.baseChange_left_inverse' depends on axioms: [propext, Classical.choice, Quot.sound]
exteriorPower.baseChangeIsoForward_surjective.{u_1, u_2, u_3} (R : Type u_1) [CommRing R] (M : Type u_2)
  [AddCommGroup M] [Module R M] (S : Type u_3) [CommRing S] [Algebra R S] (i : ℕ) :
  Function.Surjective ⇑(exteriorPower.baseChangeIsoForward R M S i)
'exteriorPower.baseChangeIsoForward_surjective' depends on axioms: [propext, Classical.choice, Quot.sound]
exteriorPower.baseChange_right_inverse.{u_1, u_2, u_3} (R : Type u_1) [CommRing R] (M : Type u_2) [AddCommGroup M]
  [Module R M] (S : Type u_3) [CommRing S] [Algebra R S] (i : ℕ) :
  exteriorPower.baseChangeIsoForward R M S i ∘ₗ exteriorPower.baseChangeIsoInverse R M S i = LinearMap.id
'exteriorPower.baseChange_right_inverse' depends on axioms: [propext, Classical.choice, Quot.sound]
exteriorPower.baseChangeIso.{u_1, u_2, u_3} (R : Type u_1) [CommRing R] (M : Type u_2) [AddCommGroup M] [Module R M]
  (S : Type u_3) [CommRing S] [Algebra R S] (i : ℕ) :
  TensorProduct R S ↥(⋀[R]^i M) ≃ₗ[S] ↥(⋀[S]^i (TensorProduct R S M))
'exteriorPower.baseChangeIso' depends on axioms: [propext, Classical.choice, Quot.sound]
exteriorPower.baseChangeIso_apply_tmul.{u_1, u_2, u_3} (R : Type u_1) [CommRing R] (M : Type u_2) [AddCommGroup M]
  [Module R M] (S : Type u_3) [CommRing S] [Algebra R S] (i : ℕ) (m : Fin i → M) :
  (exteriorPower.baseChangeIso R M S i) (1 ⊗ₜ[R] (exteriorPower.ιMulti R i) m) =
    (exteriorPower.ιMulti S i) (⇑((TensorProduct.mk R S M) 1) ∘ m)
'exteriorPower.baseChangeIso_apply_tmul' depends on axioms: [propext, Classical.choice, Quot.sound]
exteriorPower.baseChangeIso_symm_apply_tmul.{u_1, u_2, u_3} (R : Type u_1) [CommRing R] (M : Type u_2) [AddCommGroup M]
  [Module R M] (S : Type u_3) [CommRing S] [Algebra R S] (i : ℕ) (s : Fin i → S) (m : Fin i → M) :
  (exteriorPower.baseChangeIso R M S i).symm ((exteriorPower.ιMulti S i) fun j => s j ⊗ₜ[R] m j) =
    (∏ j, s j) ⊗ₜ[R] (exteriorPower.ιMulti R i) m
'exteriorPower.baseChangeIso_symm_apply_tmul' depends on axioms: [propext, Classical.choice, Quot.sound]
ExteriorAlgebra.algebraMapInv_ι.{u, u_1} (R : Type u) [CommRing R] {M : Type u_1} [AddCommGroup M] [Module R M]
  (x : M) : ExteriorAlgebra.algebraMapInv ((ExteriorAlgebra.ι R) x) = 0
'ExteriorAlgebra.algebraMapInv_ι' depends on axioms: [propext, Classical.choice, Quot.sound]
ExteriorAlgebra.algebraMapInv_algebraMap.{u, u_1} (R : Type u) [CommRing R] {M : Type u_1} [AddCommGroup M] [Module R M]
  (r : R) : ExteriorAlgebra.algebraMapInv ((algebraMap R (ExteriorAlgebra R M)) r) = r
'ExteriorAlgebra.algebraMapInv_algebraMap' depends on axioms: [propext, Classical.choice, Quot.sound]
ExteriorAlgebra.ιInv_ι.{u, u_1} (R : Type u) [CommRing R] {M : Type u_1} [AddCommGroup M] [Module R M] (x : M) :
  ExteriorAlgebra.ιInv ((ExteriorAlgebra.ι R) x) = x
'ExteriorAlgebra.ιInv_ι' depends on axioms: [propext, Classical.choice, Quot.sound]
ExteriorAlgebra.ιInv_one.{u, u_1} (R : Type u) [CommRing R] {M : Type u_1} [AddCommGroup M] [Module R M] :
  ExteriorAlgebra.ιInv 1 = 0
'ExteriorAlgebra.ιInv_one' depends on axioms: [propext, Classical.choice, Quot.sound]
ExteriorAlgebra.ιInv_algebraMap.{u, u_1} (R : Type u) [CommRing R] {M : Type u_1} [AddCommGroup M] [Module R M]
  (r : R) : ExteriorAlgebra.ιInv ((algebraMap R (ExteriorAlgebra R M)) r) = 0
'ExteriorAlgebra.ιInv_algebraMap' depends on axioms: [propext, Classical.choice, Quot.sound]
ExteriorAlgebra.ι_mul_ι_ring.{u} (R : Type u) [CommRing R] (a b : R) :
  (ExteriorAlgebra.ι R) a * (ExteriorAlgebra.ι R) b = 0
'ExteriorAlgebra.ι_mul_ι_ring' depends on axioms: [propext, Quot.sound]
ExteriorAlgebra.eq_algebraMap_add_ι.{u} (R : Type u) [CommRing R] (t : ExteriorAlgebra R R) :
  t =
    (algebraMap R (ExteriorAlgebra R R)) (ExteriorAlgebra.algebraMapInv t) +
      (ExteriorAlgebra.ι R) (ExteriorAlgebra.ιInv t)
'ExteriorAlgebra.eq_algebraMap_add_ι' depends on axioms: [propext, Classical.choice, Quot.sound]
ExteriorAlgebra.prodRingEquiv.{u} {R : Type u} [CommRing R] : (R × R) ≃ₗ[R] ExteriorAlgebra R R
'ExteriorAlgebra.prodRingEquiv' depends on axioms: [propext, Classical.choice, Quot.sound]
ExteriorAlgebra.prodRingEquiv_apply.{u} {R : Type u} [CommRing R] (c : R × R) :
  ExteriorAlgebra.prodRingEquiv c = (algebraMap R (ExteriorAlgebra R R)) c.1 + (ExteriorAlgebra.ι R) c.2
'ExteriorAlgebra.prodRingEquiv_apply' depends on axioms: [propext, Classical.choice, Quot.sound]
ExteriorAlgebra.prodEquivProd.{u, u_1} (R : Type u) [CommRing R] (M : Type u_1) [AddCommGroup M] [Module R M] :
  (ExteriorAlgebra R M × ExteriorAlgebra R M) ≃ₗ[R] ExteriorAlgebra R (M × R)
'ExteriorAlgebra.prodEquivProd' depends on axioms: [propext, Classical.choice, Quot.sound]
ExteriorAlgebra.prodEquivProd_apply.{u, u_1} (R : Type u) [CommRing R] (M : Type u_1) [AddCommGroup M] [Module R M]
  (x y : ExteriorAlgebra R M) :
  (ExteriorAlgebra.prodEquivProd R M) (x, y) =
    (ExteriorAlgebra.map (LinearMap.inl R M R)) x +
      (ExteriorAlgebra.map (LinearMap.inl R M R)) y * (ExteriorAlgebra.ι R) (0, 1)
'ExteriorAlgebra.prodEquivProd_apply' depends on axioms: [propext, Classical.choice, Quot.sound]
ExteriorAlgebra.prodEquivProd_comp_inl.{u, u_1} (R : Type u) [CommRing R] (M : Type u_1) [AddCommGroup M] [Module R M] :
  ↑(ExteriorAlgebra.prodEquivProd R M) ∘ₗ LinearMap.inl R (ExteriorAlgebra R M) (ExteriorAlgebra R M) =
    ↑(ExteriorAlgebra.map (LinearMap.inl R M R))
'ExteriorAlgebra.prodEquivProd_comp_inl' depends on axioms: [propext, Classical.choice, Quot.sound]
ExteriorAlgebra.prodEquivProd_apply_snd.{u, u_1} (R : Type u) [CommRing R] (M : Type u_1) [AddCommGroup M] [Module R M]
  (a : ExteriorAlgebra R M) :
  (ExteriorAlgebra.prodEquivProd R M) (0, a) =
    (ExteriorAlgebra.map (LinearMap.inl R M R)) a * (ExteriorAlgebra.ι R) (0, 1)
'ExteriorAlgebra.prodEquivProd_apply_snd' depends on axioms: [propext, Classical.choice, Quot.sound]
ExteriorAlgebra.map_mem_exteriorPower.{u, u_1, u_2} {R : Type u} [CommRing R] {M : Type u_1} {N : Type u_2}
  [AddCommGroup M] [Module R M] [AddCommGroup N] [Module R N] (f : M →ₗ[R] N) {k : ℕ} {w : ExteriorAlgebra R M}
  (hw : w ∈ ⋀[R]^k M) : (ExteriorAlgebra.map f) w ∈ ⋀[R]^k N
'ExteriorAlgebra.map_mem_exteriorPower' depends on axioms: [propext, Classical.choice, Quot.sound]
ExteriorAlgebra.ι_mul_mem_exteriorPower_anticomm.{u, u_1} {R : Type u} [CommRing R] {M : Type u_1} [AddCommGroup M]
  [Module R M] {k : ℕ} {w : ExteriorAlgebra R M} (hw : w ∈ ⋀[R]^k M) (z : M) :
  (ExteriorAlgebra.ι R) z * w = (-1) ^ k • (w * (ExteriorAlgebra.ι R) z)
'ExteriorAlgebra.ι_mul_mem_exteriorPower_anticomm' depends on axioms: [propext, Classical.choice, Quot.sound]
ExteriorAlgebra.exists_decomp.{u, u_1} {R : Type u} [CommRing R] {M : Type u_1} [AddCommGroup M] [Module R M] (i : ℕ)
  (z : ExteriorAlgebra R (M × R)) :
  z ∈ ⋀[R]^(i + 1) (M × R) →
    ∃ x ∈ ⋀[R]^(i + 1) M,
      ∃ y ∈ ⋀[R]^i M,
        z =
          (ExteriorAlgebra.map (LinearMap.inl R M R)) x +
            (ExteriorAlgebra.map (LinearMap.inl R M R)) y * (ExteriorAlgebra.ι R) (0, 1)
'ExteriorAlgebra.exists_decomp' depends on axioms: [propext, Classical.choice, Quot.sound]
ExteriorAlgebra.prodEquivProd_mem_exteriorPower.{u, u_1} (R : Type u) [CommRing R] (M : Type u_1) [AddCommGroup M]
  [Module R M] (i : ℕ) (x y : ExteriorAlgebra R M) :
  (ExteriorAlgebra.prodEquivProd R M) (x, y) ∈ ⋀[R]^(i + 1) (M × R) ↔ x ∈ ⋀[R]^(i + 1) M ∧ y ∈ ⋀[R]^i M
'ExteriorAlgebra.prodEquivProd_mem_exteriorPower' depends on axioms: [propext, Classical.choice, Quot.sound]
exteriorPowerProdEquivProd.{u, u_1} (R : Type u) [CommRing R] (M : Type u_1) [AddCommGroup M] [Module R M] (i : ℕ) :
  (↥(⋀[R]^(i + 1) M) × ↥(⋀[R]^i M)) ≃ₗ[R] ↥(⋀[R]^(i + 1) (M × R))
'exteriorPowerProdEquivProd' depends on axioms: [propext, Classical.choice, Quot.sound]
exteriorPowerProdEquivProd_apply_coe.{u, u_1} (R : Type u) [CommRing R] (M : Type u_1) [AddCommGroup M] [Module R M]
  (i : ℕ) (x : ↥(⋀[R]^(i + 1) M)) (y : ↥(⋀[R]^i M)) :
  ↑((exteriorPowerProdEquivProd R M i) (x, y)) = (ExteriorAlgebra.prodEquivProd R M) (↑x, ↑y)
'exteriorPowerProdEquivProd_apply_coe' depends on axioms: [propext, Classical.choice, Quot.sound]
exteriorPowerProdEquivProd_apply_inl_ιMulti.{u, u_1} (R : Type u) [CommRing R] (M : Type u_1) [AddCommGroup M]
  [Module R M] (i : ℕ) (m : Fin (i + 1) → M) :
  (exteriorPowerProdEquivProd R M i) ((exteriorPower.ιMulti R (i + 1)) m, 0) =
    (exteriorPower.ιMulti R (i + 1)) (⇑(LinearMap.inl R M R) ∘ m)
'exteriorPowerProdEquivProd_apply_inl_ιMulti' depends on axioms: [propext, Classical.choice, Quot.sound]
exteriorPowerProdEquivProd_comp_inl.{u, u_1} (R : Type u) [CommRing R] (M : Type u_1) [AddCommGroup M] [Module R M]
  (i : ℕ) :
  ↑(exteriorPowerProdEquivProd R M i) ∘ₗ LinearMap.inl R ↥(⋀[R]^(i + 1) M) ↥(⋀[R]^i M) =
    exteriorPower.map (i + 1) (LinearMap.inl R M R)
'exteriorPowerProdEquivProd_comp_inl' depends on axioms: [propext, Classical.choice, Quot.sound]
exteriorPowerProdEquivProd_apply_inr_ιMulti.{u, u_1} (R : Type u) [CommRing R] (M : Type u_1) [AddCommGroup M]
  [Module R M] (i : ℕ) (m : Fin i → M) :
  ↑((exteriorPowerProdEquivProd R M i) (0, (exteriorPower.ιMulti R i) m)) =
    (ExteriorAlgebra.ιMulti R i) (⇑(LinearMap.inl R M R) ∘ m) * (ExteriorAlgebra.ι R) (0, 1)
'exteriorPowerProdEquivProd_apply_inr_ιMulti' depends on axioms: [propext, Classical.choice, Quot.sound]
koszulComplex.dAlternating.{u, v} {R : Type u} [CommRing R] {M : Type v} [AddCommGroup M] [Module R M] (φ : M →ₗ[R] R)
  (n : ℕ) : M [⋀^Fin (n + 1)]→ₗ[R] ↥(⋀[R]^n M)
'koszulComplex.dAlternating' depends on axioms: [propext, Classical.choice, Quot.sound]
koszulComplex.dAlternating_apply.{u, v} {R : Type u} [CommRing R] {M : Type v} [AddCommGroup M] [Module R M]
  (φ : M →ₗ[R] R) (n : ℕ) (x : Fin (n + 1) → M) :
  (koszulComplex.dAlternating φ n) x = ∑ i, ((-1) ^ ↑i * φ (x i)) • (exteriorPower.ιMulti R n) (i.removeNth x)
'koszulComplex.dAlternating_apply' depends on axioms: [propext, Classical.choice, Quot.sound]
koszulComplex.d.{u, v} {R : Type u} [CommRing R] {M : Type v} [AddCommGroup M] [Module R M] (φ : M →ₗ[R] R) (n : ℕ) :
  ↥(⋀[R]^(n + 1) M) →ₗ[R] ↥(⋀[R]^n M)
'koszulComplex.d' depends on axioms: [propext, Classical.choice, Quot.sound]
koszulComplex.d_comp_eq_zero.{u, v} {R : Type u} [CommRing R] {M : Type v} [AddCommGroup M] [Module R M] (φ : M →ₗ[R] R)
  (n : ℕ) : koszulComplex.d φ n ∘ₗ koszulComplex.d φ (n + 1) = 0
'koszulComplex.d_comp_eq_zero' depends on axioms: [propext, Classical.choice, Quot.sound]
koszulComplex.{u, v} {R : Type u} [CommRing R] {M : Type v} [AddCommGroup M] [Module R M] (φ : M →ₗ[R] R) :
  ChainComplex (ModuleCat R) ℕ
'koszulComplex' depends on axioms: [propext, Classical.choice, Quot.sound]
koszulComplex.X_eq_exteriorPower.{u, v} {R : Type u} [CommRing R] {M : Type v} [AddCommGroup M] [Module R M]
  (φ : M →ₗ[R] R) (i : ℕ) : (koszulComplex φ).X i = ↧↥(⋀[R]^i M)
'koszulComplex.X_eq_exteriorPower' depends on axioms: [propext, Classical.choice, Quot.sound]
koszulComplex.d_eq_d.{u, v} {R : Type u} [CommRing R] {M : Type v} [AddCommGroup M] [Module R M] (φ : M →ₗ[R] R)
  (i : ℕ) : (koszulComplex φ).d (i + 1) i = ModuleCat.ofHom (koszulComplex.d φ i)
'koszulComplex.d_eq_d' depends on axioms: [propext, Classical.choice, Quot.sound]
koszulComplex.ofList.{u} {R : Type u} [CommRing R] (l : List R) : ChainComplex (ModuleCat R) ℕ
'koszulComplex.ofList' depends on axioms: [propext, Classical.choice, Quot.sound]
koszulComplex.map_dAlternating_apply.{u, v} {R : Type u} [CommRing R] {M : Type v} [AddCommGroup M] [Module R M]
  (φ : M →ₗ[R] R) {N : Type v} [AddCommGroup N] [Module R N] (f : M →ₗ[R] N) (φ' : N →ₗ[R] R) (h : φ' ∘ₗ f = φ) (i : ℕ)
  (v : Fin (i + 1) → M) :
  (koszulComplex.dAlternating φ' i) (⇑f ∘ v) = (exteriorPower.map i f) ((koszulComplex.dAlternating φ i) v)
'koszulComplex.map_dAlternating_apply' depends on axioms: [propext, Classical.choice, Quot.sound]
koszulComplex.map_d_comm.{u, v} {R : Type u} [CommRing R] {M : Type v} [AddCommGroup M] [Module R M] (φ : M →ₗ[R] R)
  {N : Type v} [AddCommGroup N] [Module R N] (f : M →ₗ[R] N) (φ' : N →ₗ[R] R) (h : φ' ∘ₗ f = φ) (i : ℕ) :
  CategoryTheory.CategoryStruct.comp (ModuleCat.ofHom (exteriorPower.map (i + 1) f))
      (ModuleCat.ofHom (koszulComplex.d φ' i)) =
    CategoryTheory.CategoryStruct.comp (ModuleCat.ofHom (koszulComplex.d φ i)) (ModuleCat.ofHom (exteriorPower.map i f))
'koszulComplex.map_d_comm' depends on axioms: [propext, Classical.choice, Quot.sound]
koszulComplex.map.{u, v} {R : Type u} [CommRing R] {M : Type v} [AddCommGroup M] [Module R M] (φ : M →ₗ[R] R)
  {N : Type v} [AddCommGroup N] [Module R N] (f : M →ₗ[R] N) (φ' : N →ₗ[R] R) (h : φ' ∘ₗ f = φ) :
  koszulComplex φ ⟶ koszulComplex φ'
'koszulComplex.map' depends on axioms: [propext, Classical.choice, Quot.sound]
koszulComplex.map_comp.{u, v} {R : Type u} [CommRing R] {M : Type v} [AddCommGroup M] [Module R M] (φ : M →ₗ[R] R)
  {N : Type v} [AddCommGroup N] [Module R N] {L : Type v} [AddCommGroup L] [Module R L] (f : M →ₗ[R] N) (φ' : N →ₗ[R] R)
  (g : N →ₗ[R] L) (φ'' : L →ₗ[R] R) (h : φ' ∘ₗ f = φ) (h' : φ'' ∘ₗ g = φ') (h'' : φ'' ∘ₗ g ∘ₗ f = φ) :
  CategoryTheory.CategoryStruct.comp (koszulComplex.map φ f φ' h) (koszulComplex.map φ' g φ'' h') =
    koszulComplex.map φ (g ∘ₗ f) φ'' h''
'koszulComplex.map_comp' depends on axioms: [propext, Classical.choice, Quot.sound]
koszulComplex.isoOfEquiv.{u, v} {R : Type u} [CommRing R] {M : Type v} [AddCommGroup M] [Module R M] (φ : M →ₗ[R] R)
  {N : Type v} [AddCommGroup N] [Module R N] (f : M ≃ₗ[R] N) (φ' : N →ₗ[R] R) (h : φ' ∘ₗ ↑f = φ) :
  koszulComplex φ ≅ koszulComplex φ'
'koszulComplex.isoOfEquiv' depends on axioms: [propext, Classical.choice, Quot.sound]
koszulComplex.isZero_X_of_card_generators_lt.{u, v, u_1} {R : Type u} [CommRing R] {M : Type v} [AddCommGroup M]
  [Module R M] (φ : M →ₗ[R] R) {ι : Type u_1} [Finite ι] [LinearOrder ι] (g : ι → M)
  (hg : Submodule.span R (Set.range g) = ⊤) (i : ℕ) (hi : Nat.card ι < i) :
  CategoryTheory.Limits.IsZero ((koszulComplex φ).X i)
'koszulComplex.isZero_X_of_card_generators_lt' depends on axioms: [propext, Classical.choice, Quot.sound]
koszulComplex.isZero_X_ofList_of_length_lt.{u} {R : Type u} [CommRing R] (l : List R) (i : ℕ) (hi : l.length < i) :
  CategoryTheory.Limits.IsZero ((koszulComplex.ofList l).X i)
'koszulComplex.isZero_X_ofList_of_length_lt' depends on axioms: [propext, Classical.choice, Quot.sound]
koszulComplex.exteriorPower.baseChangeIso_comm_aux.{u, v, w} {R : Type u} [CommRing R] {M : Type v} [AddCommGroup M]
  [Module R M] (S : Type w) [CommRing S] [Algebra R S] (φ : M →ₗ[R] R) (i : ℕ) :
  ↑(exteriorPower.baseChangeIso R M S i) ∘ₗ LinearMap.baseChange S (koszulComplex.d φ i) =
    koszulComplex.d (↑(TensorProduct.AlgebraTensorModule.rid R S S) ∘ₗ LinearMap.baseChange S φ) i ∘ₗ
      ↑(exteriorPower.baseChangeIso R M S (i + 1))
'koszulComplex.exteriorPower.baseChangeIso_comm_aux' depends on axioms: [propext, Classical.choice, Quot.sound]
koszulComplex.baseChangeIso.{u, v} {R : Type u} [CommRing R] {S : Type (max u v)} [CommRing S] (f : R →+* S)
  {M : Type u} [AddCommGroup M] [Module R M] (φ : M →ₗ[R] R) :
  ((ModuleCat.extendScalars (algebraMap R S)).mapHomologicalComplex (ComplexShape.down ℕ)).obj (koszulComplex φ) ≅
    koszulComplex (↑(TensorProduct.AlgebraTensorModule.rid R S S) ∘ₗ LinearMap.baseChange S φ)
'koszulComplex.baseChangeIso' depends on axioms: [propext, Classical.choice, Quot.sound]
koszulComplex.ofListBaseChangeIso.{u, v} {R : Type u} [CommRing R] {S : Type (max u v)} [CommRing S] (f : R →+* S)
  (l : List R) (l' : List S) (eqmap : List.map (⇑f) l = l') :
  ((ModuleCat.extendScalars f).mapHomologicalComplex (ComplexShape.down ℕ)).obj (koszulComplex.ofList l) ≅
    koszulComplex.ofList l'
'koszulComplex.ofListBaseChangeIso' depends on axioms: [propext, Classical.choice, Quot.sound]
koszulComplex.appendMap.{u, v} {R : Type u} [CommRing R] {M : Type v} [AddCommGroup M] [Module R M] (φ : M →ₗ[R] R)
  (a : R) : M × R →ₗ[R] R
'koszulComplex.appendMap' depends on axioms: [propext, Quot.sound]
koszulComplex.XZeroEquiv.{u, v} (R : Type u) [CommRing R] (M : Type v) [AddCommGroup M] [Module R M] :
  ↥(⋀[R]^0 M) ≃ₗ[R] ↥(⋀[R]^0 (M × R))
'koszulComplex.XZeroEquiv' depends on axioms: [propext, Classical.choice, Quot.sound]
koszulComplex.appendMap_d_eq_zero.{u, v} {R : Type u} [CommRing R] {M : Type v} [AddCommGroup M] [Module R M]
  (φ : M →ₗ[R] R) (a : R) :
  koszulComplex.d (koszulComplex.appendMap φ a) 0 ∘ₗ ↑(exteriorPowerProdEquivProd R M 0) =
    ↑(koszulComplex.XZeroEquiv R M) ∘ₗ
      (koszulComplex.d φ 0 ∘ₗ LinearMap.fst R ↥(⋀[R]^(0 + 1) M) ↥(⋀[R]^0 M) +
        a • LinearMap.snd R ↥(⋀[R]^(0 + 1) M) ↥(⋀[R]^0 M))
'koszulComplex.appendMap_d_eq_zero' depends on axioms: [propext, Classical.choice, Quot.sound]
koszulComplex.exteriorPowerProdEquivProd_apply_inr_eq_snoc.{u, v} {R : Type u} [CommRing R] {M : Type v}
  [AddCommGroup M] [Module R M] (k : ℕ) (v : Fin k → M) :
  (exteriorPowerProdEquivProd R M k) (0, (exteriorPower.ιMulti R k) v) =
    (exteriorPower.ιMulti R (k + 1)) (Fin.snoc (⇑(LinearMap.inl R M R) ∘ v) (0, 1))
'koszulComplex.exteriorPowerProdEquivProd_apply_inr_eq_snoc' depends on axioms: [propext, Classical.choice, Quot.sound]
koszulComplex.appendMap_d_eq_pos.{u, v} {R : Type u} [CommRing R] {M : Type v} [AddCommGroup M] [Module R M]
  (φ : M →ₗ[R] R) (a : R) (n : ℕ) :
  koszulComplex.d (koszulComplex.appendMap φ a) (n + 1) ∘ₗ ↑(exteriorPowerProdEquivProd R M (n + 1)) =
    ↑(exteriorPowerProdEquivProd R M n) ∘ₗ
      (LinearMap.inl R ↥(⋀[R]^(n + 1) M) ↥(⋀[R]^n M) ∘ₗ
            koszulComplex.d φ (n + 1) ∘ₗ LinearMap.fst R ↥(⋀[R]^(n + 1 + 1) M) ↥(⋀[R]^(n + 1) M) +
          LinearMap.inr R ↥(⋀[R]^(n + 1) M) ↥(⋀[R]^n M) ∘ₗ
            koszulComplex.d φ n ∘ₗ LinearMap.snd R ↥(⋀[R]^(n + 1 + 1) M) ↥(⋀[R]^(n + 1) M) +
        (-1) ^ (n + 1) •
          a • LinearMap.inl R ↥(⋀[R]^(n + 1) M) ↥(⋀[R]^n M) ∘ₗ LinearMap.snd R ↥(⋀[R]^(n + 1 + 1) M) ↥(⋀[R]^(n + 1) M))
'koszulComplex.appendMap_d_eq_pos' depends on axioms: [propext, Classical.choice, Quot.sound]
koszulComplex.fromOfListHomZero.{u, v} {R : Type u} [CommRing R] {M : Type v} [AddCommGroup M] [Module R M]
  (φ : M →ₗ[R] R) (a : R) : (koszulComplex φ).X 0 ⟶ (koszulComplex (koszulComplex.appendMap φ a)).X 0
'koszulComplex.fromOfListHomZero' depends on axioms: [propext, Classical.choice, Quot.sound]
koszulComplex.fromOfListHomSucc.{u, v} {R : Type u} [CommRing R] {M : Type v} [AddCommGroup M] [Module R M]
  (φ : M →ₗ[R] R) (a : R) (i : ℕ) :
  (koszulComplex φ).X (i + 1) ⟶ (koszulComplex (koszulComplex.appendMap φ a)).X (i + 1)
'koszulComplex.fromOfListHomSucc' depends on axioms: [propext, Classical.choice, Quot.sound]
koszulComplex.from_ofList_hom_comm_zero.{u, v} {R : Type u} [CommRing R] {M : Type v} [AddCommGroup M] [Module R M]
  (φ : M →ₗ[R] R) (a : R) :
  CategoryTheory.CategoryStruct.comp (koszulComplex.fromOfListHomSucc φ a 0)
      ((koszulComplex (koszulComplex.appendMap φ a)).d (0 + 1) 0) =
    CategoryTheory.CategoryStruct.comp ((koszulComplex φ).d (0 + 1) 0) (koszulComplex.fromOfListHomZero φ a)
'koszulComplex.from_ofList_hom_comm_zero' depends on axioms: [propext, Classical.choice, Quot.sound]
koszulComplex.from_ofList_hom_comm_pos.{u, v} {R : Type u} [CommRing R] {M : Type v} [AddCommGroup M] [Module R M]
  (φ : M →ₗ[R] R) (a : R) (i : ℕ) :
  CategoryTheory.CategoryStruct.comp (koszulComplex.fromOfListHomSucc φ a (i + 1))
      ((koszulComplex (koszulComplex.appendMap φ a)).d (i + 1 + 1) (i + 1)) =
    CategoryTheory.CategoryStruct.comp ((koszulComplex φ).d (i + 1 + 1) (i + 1)) (koszulComplex.fromOfListHomSucc φ a i)
'koszulComplex.from_ofList_hom_comm_pos' depends on axioms: [propext, Classical.choice, Quot.sound]
koszulComplex.toAppendMap.{u, v} {R : Type u} [CommRing R] {M : Type v} [AddCommGroup M] [Module R M] (φ : M →ₗ[R] R)
  (a : R) : koszulComplex φ ⟶ koszulComplex (koszulComplex.appendMap φ a)
'koszulComplex.toAppendMap' depends on axioms: [propext, Classical.choice, Quot.sound]
koszulComplex.upOne.{u, v} {R : Type u} [CommRing R] {M : Type v} [AddCommGroup M] [Module R M] (φ : M →ₗ[R] R) :
  ChainComplex (ModuleCat R) ℕ
'koszulComplex.upOne' depends on axioms: [propext, Classical.choice, Quot.sound]
koszulComplex.upOneHomologyIso.{u, v} {R : Type u} [CommRing R] {M : Type v} [AddCommGroup M] [Module R M]
  (φ : M →ₗ[R] R) (i : ℕ) :
  HomologicalComplex.homology (koszulComplex.upOne φ) (i + 1) ≅ HomologicalComplex.homology (koszulComplex φ) i
'koszulComplex.upOneHomologyIso' depends on axioms: [propext, Classical.choice, Quot.sound]
koszulComplex.toUpOneHom.{u, v} {R : Type u} [CommRing R] {M : Type v} [AddCommGroup M] [Module R M] (φ : M →ₗ[R] R)
  (a : R) (i : ℕ) : (koszulComplex (koszulComplex.appendMap φ a)).X (i + 1) ⟶ (koszulComplex.upOne φ).X (i + 1)
'koszulComplex.toUpOneHom' depends on axioms: [propext, Classical.choice, Quot.sound]
koszulComplex.to_self_hom_comm.{u, v} {R : Type u} [CommRing R] {M : Type v} [AddCommGroup M] [Module R M]
  (φ : M →ₗ[R] R) (a : R) (i : ℕ) :
  CategoryTheory.CategoryStruct.comp (koszulComplex.toUpOneHom φ a (i + 1)) ((koszulComplex φ).d (i + 1) i) =
    CategoryTheory.CategoryStruct.comp ((koszulComplex (koszulComplex.appendMap φ a)).d (i + 1 + 1) (i + 1))
      (koszulComplex.toUpOneHom φ a i)
'koszulComplex.to_self_hom_comm' depends on axioms: [propext, Classical.choice, Quot.sound]
koszulComplex.toUpOne.{u, v} {R : Type u} [CommRing R] {M : Type v} [AddCommGroup M] [Module R M] (φ : M →ₗ[R] R)
  (a : R) : koszulComplex (koszulComplex.appendMap φ a) ⟶ koszulComplex.upOne φ
'koszulComplex.toUpOne' depends on axioms: [propext, Classical.choice, Quot.sound]
koszulComplex.toAppendMap_comp_toUpOne_eq_zero.{u, v} {R : Type u} [CommRing R] {M : Type v} [AddCommGroup M]
  [Module R M] (φ : M →ₗ[R] R) (a : R) :
  CategoryTheory.CategoryStruct.comp (koszulComplex.toAppendMap φ a) (koszulComplex.toUpOne φ a) = 0
'koszulComplex.toAppendMap_comp_toUpOne_eq_zero' depends on axioms: [propext, Classical.choice, Quot.sound]
koszulComplex.shortComplexProd.{u, v} {R : Type u} [CommRing R] {M : Type v} [AddCommGroup M] [Module R M]
  (φ : M →ₗ[R] R) (a : R) : CategoryTheory.ShortComplex (ChainComplex (ModuleCat R) ℕ)
'koszulComplex.shortComplexProd' depends on axioms: [propext, Classical.choice, Quot.sound]
koszulComplex.shortComplexProd_shortExact.{u, v} {R : Type u} [CommRing R] {M : Type v} [AddCommGroup M] [Module R M]
  (φ : M →ₗ[R] R) (a : R) : (koszulComplex.shortComplexProd φ a).ShortExact
'koszulComplex.shortComplexProd_shortExact' depends on axioms: [propext, Classical.choice, Quot.sound]
koszulComplex.shortComplexProd_δ_eq.{u, v} {R : Type u} [CommRing R] {M : Type v} [AddCommGroup M] [Module R M]
  (φ : M →ₗ[R] R) (a : R) (i : ℕ) : ⋯.δ (i + 1) i ⋯ = ((-1) ^ i * a) • (koszulComplex.upOneHomologyIso φ i).hom
'koszulComplex.shortComplexProd_δ_eq' depends on axioms: [propext, Classical.choice, Quot.sound]
koszulComplex.zeroHomologyLinearEquivAux.{u, v} {R : Type u} [CommRing R] {M : Type v} [AddCommGroup M] [Module R M]
  (φ : M →ₗ[R] R) : ↑(HomologicalComplex.homology (koszulComplex φ) 0) ≃ₗ[R] ↥(⋀[R]^0 M) ⧸ (koszulComplex.d φ 0).range
'koszulComplex.zeroHomologyLinearEquivAux' depends on axioms: [propext, Classical.choice, Quot.sound]
koszulComplex.equiv_comp_koszulComplex.d_zero_eq.{u, v} {R : Type u} [CommRing R] {M : Type v} [AddCommGroup M]
  [Module R M] (φ : M →ₗ[R] R) :
  ↑(exteriorPower.zeroEquiv R M) ∘ₗ koszulComplex.d φ 0 = φ ∘ₗ ↑(exteriorPower.oneEquiv R M)
'koszulComplex.equiv_comp_koszulComplex.d_zero_eq' depends on axioms: [propext, Classical.choice, Quot.sound]
koszulComplex.d_zero_range_map.{u, v} {R : Type u} [CommRing R] {M : Type v} [AddCommGroup M] [Module R M]
  (φ : M →ₗ[R] R) : Submodule.map (↑(exteriorPower.zeroEquiv R M)) (koszulComplex.d φ 0).range = φ.range
'koszulComplex.d_zero_range_map' depends on axioms: [propext, Classical.choice, Quot.sound]
koszulComplex.zeroHomologyOfListLinearEquiv.{u} {R : Type u} [CommRing R] (l : List R) :
  ↑(HomologicalComplex.homology (koszulComplex.ofList l) 0) ≃ₗ[R] R ⧸ Ideal.ofList l
'koszulComplex.zeroHomologyOfListLinearEquiv' depends on axioms: [propext, Classical.choice, Quot.sound]
koszulComplex.snocLinearEquiv.{u} (R : Type u) [CommRing R] (n : ℕ) : (Fin (n + 1) → R) ≃ₗ[R] (Fin n → R) × R
'koszulComplex.snocLinearEquiv' depends on axioms: [propext, Quot.sound]
koszulComplex.ofListIsoOfEqAux.{u} {R : Type u} [CommRing R] {rs' rs : List R} {a : R} (eq : rs = rs' ++ [a]) :
  (Fin rs.length → R) ≃ₗ[R] (Fin rs'.length → R) × R
'koszulComplex.ofListIsoOfEqAux' depends on axioms: [propext, Quot.sound]
koszulComplex.ofListIsoOfEqAux_comp.{u} {R : Type u} [CommRing R] {rs' rs : List R} {a : R} (eq : rs = rs' ++ [a]) :
  koszulComplex.appendMap (Fintype.linearCombination R rs'.get) a ∘ₗ ↑(koszulComplex.ofListIsoOfEqAux eq) =
    Fintype.linearCombination R rs.get
'koszulComplex.ofListIsoOfEqAux_comp' depends on axioms: [propext, Classical.choice, Quot.sound]
koszulComplex.ofListIsoOfEq.{u} {R : Type u} [CommRing R] {rs' rs : List R} {a : R} (eq : rs = rs' ++ [a]) :
  koszulComplex.ofList rs ≅ koszulComplex (koszulComplex.appendMap (Fintype.linearCombination R rs'.get) a)
'koszulComplex.ofListIsoOfEq' depends on axioms: [propext, Classical.choice, Quot.sound]
koszulComplex.exactAt_of_isRegular.{u} {R : Type u} [CommRing R] (rs : List R)
  (reg : RingTheory.Sequence.IsRegular R rs) (i : ℕ) (ne : i ≠ 0) :
  HomologicalComplex.ExactAt (koszulComplex.ofList rs) i
'koszulComplex.exactAt_of_isRegular' depends on axioms: [propext, Classical.choice, Quot.sound]
Polynomial.localization_at_comap_maximal_isCM_isCM.{u} (R : Type u) [CommRing R] [IsNoetherianRing R]
  [IsCohenMacaulayLocalRing R] (p : Ideal (Polynomial R)) [p.IsPrime]
  (max : Ideal.comap Polynomial.C p = IsLocalRing.maximalIdeal R) : IsCohenMacaulayLocalRing (Localization.AtPrime p)
'Polynomial.localization_at_comap_maximal_isCM_isCM' depends on axioms: [propext, Classical.choice, Quot.sound]
Polynomial.isCM_of_isCM.{u} (R : Type u) [CommRing R] [IsNoetherianRing R] [IsCohenMacaulayRing R] :
  IsCohenMacaulayRing (Polynomial R)
'Polynomial.isCM_of_isCM' depends on axioms: [propext, Classical.choice, Quot.sound]
MvPolynomial.fin_isCM_of_isCM.{u} (R : Type u) [CommRing R] [IsNoetherianRing R] [IsCohenMacaulayRing R] (n : ℕ) :
  IsCohenMacaulayRing (MvPolynomial (Fin n) R)
'MvPolynomial.fin_isCM_of_isCM' depends on axioms: [propext, Classical.choice, Quot.sound]
MvPolynomial.isCM_of_isCM_of_finite.{u, u_1} (R : Type u) [CommRing R] [IsNoetherianRing R] [IsCohenMacaulayRing R]
  (ι : Type u_1) [Finite ι] : IsCohenMacaulayRing (MvPolynomial ι R)
'MvPolynomial.isCM_of_isCM_of_finite' depends on axioms: [propext, Classical.choice, Quot.sound]
ModuleCat.IsCohenMacaulay.{v, u} {R : Type u} [CommRing R] [IsLocalRing R] [Small R] (M : ModuleCat R) : Prop
'ModuleCat.IsCohenMacaulay' depends on axioms: [propext, Classical.choice, Quot.sound]
ModuleCat.isCohenMacaulay_iff.{v, u} {R : Type u} [CommRing R] [IsLocalRing R] [Small R] (M : ModuleCat R) :
  M.IsCohenMacaulay ↔ Subsingleton ↑M ∨ Module.supportDim R ↑M = ↑(IsLocalRing.depth M)
'ModuleCat.isCohenMacaulay_iff' depends on axioms: [propext, Classical.choice, Quot.sound]
ModuleCat.depth_eq_supportDim_of_cohenMacaulay.{v, u} {R : Type u} [CommRing R] [IsLocalRing R] [Small R]
  (M : ModuleCat R) [M.IsCohenMacaulay] [Nontrivial ↑M] : Module.supportDim R ↑M = ↑(IsLocalRing.depth M)
'ModuleCat.depth_eq_supportDim_of_cohenMacaulay' depends on axioms: [propext, Classical.choice, Quot.sound]
ModuleCat.depth_eq_supportDim_unbot_of_cohenMacaulay.{v, u} {R : Type u} [CommRing R] [IsLocalRing R] [Small R]
  (M : ModuleCat R) [cm : M.IsCohenMacaulay] [ntr : Nontrivial ↑M] :
  (Module.supportDim R ↑M).unbot ⋯ = IsLocalRing.depth M
'ModuleCat.depth_eq_supportDim_unbot_of_cohenMacaulay' depends on axioms: [propext, Classical.choice, Quot.sound]
ModuleCat.IsCohenMacaulay_of_iso.{v, u} {R : Type u} [CommRing R] [IsLocalRing R] [Small R] {M M' : ModuleCat R}
  (e : M ≅ M') [M.IsCohenMacaulay] : M'.IsCohenMacaulay
'ModuleCat.IsCohenMacaulay_of_iso' depends on axioms: [propext, Classical.choice, Quot.sound]
depth_eq_dim_quotient_associated_prime_of_isCohenMacaulay.{v, u} {R : Type u} [CommRing R] [IsLocalRing R]
  [IsNoetherianRing R] (p : Ideal R) [Small R] (M : ModuleCat R) [M.IsCohenMacaulay] [Module.Finite R ↑M]
  [Nontrivial ↑M] (mem : p ∈ associatedPrimes R ↑M) : IsLocalRing.depth M = (ringKrullDim (R ⧸ p)).unbot ⋯
'depth_eq_dim_quotient_associated_prime_of_isCohenMacaulay' depends on axioms: [propext, Classical.choice, Quot.sound]
associated_prime_minimal_of_isCohenMacaulay.{v, u} {R : Type u} [CommRing R] [IsLocalRing R] [IsNoetherianRing R]
  (p : Ideal R) [Small R] (M : ModuleCat R) [M.IsCohenMacaulay] [Module.Finite R ↑M] [Nontrivial ↑M]
  (mem : p ∈ associatedPrimes R ↑M) : p ∈ (Module.annihilator R ↑M).minimalPrimes
'associated_prime_minimal_of_isCohenMacaulay' depends on axioms: [propext, Classical.choice, Quot.sound]
associated_prime_eq_minimalPrimes_isCohenMacaulay.{v, u} {R : Type u} [CommRing R] [IsLocalRing R] [IsNoetherianRing R]
  [Small R] (M : ModuleCat R) [M.IsCohenMacaulay] [Module.Finite R ↑M] [Nontrivial ↑M] :
  associatedPrimes R ↑M = (Module.annihilator R ↑M).minimalPrimes
'associated_prime_eq_minimalPrimes_isCohenMacaulay' depends on axioms: [propext, Classical.choice, Quot.sound]
quotSMulTop_isCohenMacaulay_iff_isCohenMacaulay.{v, u} {R : Type u} [CommRing R] [IsLocalRing R] [IsNoetherianRing R]
  [Small R] (M : ModuleCat R) [Module.Finite R ↑M] (r : R) (reg : IsSMulRegular (↑M) r)
  (mem : r ∈ IsLocalRing.maximalIdeal R) : M.IsCohenMacaulay ↔ (↧(QuotSMulTop r ↑M)).IsCohenMacaulay
'quotSMulTop_isCohenMacaulay_iff_isCohenMacaulay' depends on axioms: [propext, Classical.choice, Quot.sound]
quotient_regular_isCohenMacaulay_iff_isCohenMacaulay.{v, u} {R : Type u} [CommRing R] [IsLocalRing R]
  [IsNoetherianRing R] [Small R] (M : ModuleCat R) [Module.Finite R ↑M] (rs : List R)
  (reg : RingTheory.Sequence.IsRegular (↑M) rs) : M.IsCohenMacaulay ↔ (↧(↑M ⧸ Ideal.ofList rs • ⊤)).IsCohenMacaulay
'quotient_regular_isCohenMacaulay_iff_isCohenMacaulay' depends on axioms: [propext, Classical.choice, Quot.sound]
SemiLinearMapAlgebraMapOfLinearMap.{u_1, u_2, u_3, u_4} {R : Type u_1} {A : Type u_2} [CommRing R] [CommRing A]
  [Algebra R A] {M : Type u_3} {N : Type u_4} [AddCommGroup M] [AddCommGroup N] [Module R M] [Module R N] [Module A N]
  [IsScalarTower R A N] (f : M →ₗ[R] N) : M →ₛₗ[algebraMap R A] N
'SemiLinearMapAlgebraMapOfLinearMap' depends on axioms: [propext]
LinearMapOfSemiLinearMapAlgebraMap.{u_1, u_2, u_3, u_4} {R : Type u_1} {A : Type u_2} [CommRing R] [CommRing A]
  [Algebra R A] {M : Type u_3} {N : Type u_4} [AddCommGroup M] [AddCommGroup N] [Module R M] [Module R N] [Module A N]
  [IsScalarTower R A N] (f : M →ₛₗ[algebraMap R A] N) : M →ₗ[R] N
'LinearMapOfSemiLinearMapAlgebraMap' depends on axioms: [propext]
quotSMulTopIsLocalizedModuleMap.{u', u, u_1, u_2} {R : Type u} [CommRing R] (Rₚ : Type u') [CommRing Rₚ] [Algebra R Rₚ]
  (x : R) (M : Type u_1) [AddCommGroup M] [Module R M] (Mₚ : Type u_2) [AddCommGroup Mₚ] [Module R Mₚ] [Module Rₚ Mₚ]
  [IsScalarTower R Rₚ Mₚ] (f : M →ₗ[R] Mₚ) : QuotSMulTop x M →ₗ[R] QuotSMulTop ((algebraMap R Rₚ) x) Mₚ
'quotSMulTopIsLocalizedModuleMap' depends on axioms: [propext, Classical.choice, Quot.sound]
isLocalizedModule_quotSMulTopIsLocalizedModuleMap.{u', u, u_1, u_2} {R : Type u} [CommRing R] (p : Ideal R) [p.IsPrime]
  (Rₚ : Type u') [CommRing Rₚ] [Algebra R Rₚ] [IsLocalization.AtPrime Rₚ p] (x : R) (M : Type u_1) [AddCommGroup M]
  [Module R M] (Mₚ : Type u_2) [AddCommGroup Mₚ] [Module R Mₚ] [Module Rₚ Mₚ] [IsScalarTower R Rₚ Mₚ] (f : M →ₗ[R] Mₚ)
  [IsLocalizedModule.AtPrime p f] : IsLocalizedModule.AtPrime p (quotSMulTopIsLocalizedModuleMap Rₚ x M Mₚ f)
'isLocalizedModule_quotSMulTopIsLocalizedModuleMap' depends on axioms: [propext, Classical.choice, Quot.sound]
isLocalization_at_prime_prime_depth_le_depth.{v', v, u', u} {R : Type u} [CommRing R] [IsLocalRing R]
  [IsNoetherianRing R] (p : Ideal R) [Small R] [p.IsPrime] {Rₚ : Type u'} [CommRing Rₚ] [Algebra R Rₚ]
  [IsLocalization.AtPrime Rₚ p] [Small Rₚ] [IsNoetherianRing Rₚ] (M : ModuleCat R) (Mₚ : ModuleCat Rₚ) [Module R ↑Mₚ]
  [IsScalarTower R Rₚ ↑Mₚ] (f : ↑M →ₗ[R] ↑Mₚ) [IsLocalizedModule.AtPrime p f] [IsLocalRing Rₚ] [Module.Finite R ↑M]
  [ntr : Nontrivial ↑Mₚ] : p.depth M ≤ IsLocalRing.depth Mₚ
'isLocalization_at_prime_prime_depth_le_depth' depends on axioms: [propext, Classical.choice, Quot.sound]
isLocalize_at_prime_dim_eq_prime_depth_of_isCohenMacaulay.{v', v, u', u} {R : Type u} [CommRing R] [IsLocalRing R]
  [IsNoetherianRing R] (p : Ideal R) [Small R] [p.IsPrime] {Rₚ : Type u'} [CommRing Rₚ] [Algebra R Rₚ]
  [IsLocalization.AtPrime Rₚ p] [IsNoetherianRing Rₚ] (M : ModuleCat R) (Mₚ : ModuleCat Rₚ) [Module R ↑Mₚ]
  [IsScalarTower R Rₚ ↑Mₚ] (f : ↑M →ₗ[R] ↑Mₚ) [IsLocalizedModule.AtPrime p f] [Module.Finite R ↑M] [M.IsCohenMacaulay]
  [ntr : Nontrivial ↑Mₚ] : Module.supportDim Rₚ ↑Mₚ = ↑(p.depth M)
'isLocalize_at_prime_dim_eq_prime_depth_of_isCohenMacaulay' depends on axioms: [propext, Classical.choice, Quot.sound]
isLocalize_at_prime_isCohenMacaulay_of_isCohenMacaulay.{v', v, u', u} {R : Type u} [CommRing R] [IsLocalRing R]
  [IsNoetherianRing R] (p : Ideal R) [Small R] [p.IsPrime] {Rₚ : Type u'} [CommRing Rₚ] [Algebra R Rₚ]
  [IsLocalization.AtPrime Rₚ p] [Small Rₚ] [IsNoetherianRing Rₚ] (M : ModuleCat R) (Mₚ : ModuleCat Rₚ) [Module R ↑Mₚ]
  [IsScalarTower R Rₚ ↑Mₚ] (f : ↑M →ₗ[R] ↑Mₚ) [IsLocalizedModule.AtPrime p f] [IsLocalRing Rₚ] [Module.Finite R ↑M]
  [M.IsCohenMacaulay] : Mₚ.IsCohenMacaulay
'isLocalize_at_prime_isCohenMacaulay_of_isCohenMacaulay' depends on axioms: [propext, Classical.choice, Quot.sound]
isLocalize_at_prime_depth_eq_of_isCohenMacaulay.{v', v, u', u} {R : Type u} [CommRing R] [IsLocalRing R]
  [IsNoetherianRing R] (p : Ideal R) [Small R] [p.IsPrime] {Rₚ : Type u'} [CommRing Rₚ] [Algebra R Rₚ]
  [IsLocalization.AtPrime Rₚ p] [Small Rₚ] [IsNoetherianRing Rₚ] (M : ModuleCat R) (Mₚ : ModuleCat Rₚ) [Module R ↑Mₚ]
  [IsScalarTower R Rₚ ↑Mₚ] (f : ↑M →ₗ[R] ↑Mₚ) [IsLocalizedModule.AtPrime p f] [IsLocalRing Rₚ] [Module.Finite R ↑M]
  [Nontrivial ↑Mₚ] [M.IsCohenMacaulay] : p.depth M = IsLocalRing.depth Mₚ
'isLocalize_at_prime_depth_eq_of_isCohenMacaulay' depends on axioms: [propext, Classical.choice, Quot.sound]
IsCohenMacaulayLocalRing.{u} (R : Type u) [CommRing R] : Prop
'IsCohenMacaulayLocalRing' depends on axioms: [propext, Classical.choice, Quot.sound]
isCohenMacaulayLocalRing_def.{u} (R : Type u) [CommRing R] [IsLocalRing R] :
  IsCohenMacaulayLocalRing R ↔ ringKrullDim R = ↑(IsLocalRing.depth ↧R)
'isCohenMacaulayLocalRing_def' depends on axioms: [propext, Classical.choice, Quot.sound]
isCohenMacaulayLocalRing_of_ringKrullDim_le_depth.{u} (R : Type u) [CommRing R] [IsLocalRing R] [IsNoetherianRing R]
  (le : ringKrullDim R ≤ ↑(IsLocalRing.depth ↧R)) : IsCohenMacaulayLocalRing R
'isCohenMacaulayLocalRing_of_ringKrullDim_le_depth' depends on axioms: [propext, Classical.choice, Quot.sound]
isCohenMacaulayLocalRing_of_ringEquiv.{u_1, u_2} {R : Type u_1} {R' : Type u_2} [CommRing R] [CommRing R']
  [IsNoetherianRing R] (e : R ≃+* R') [CM : IsCohenMacaulayLocalRing R] : IsCohenMacaulayLocalRing R'
'isCohenMacaulayLocalRing_of_ringEquiv' depends on axioms: [propext, Classical.choice, Quot.sound]
isCohenMacaulayLocalRing_iff.{u} (R : Type u) [CommRing R] [IsLocalRing R] :
  IsCohenMacaulayLocalRing R ↔ (↧R).IsCohenMacaulay
'isCohenMacaulayLocalRing_iff' depends on axioms: [propext, Classical.choice, Quot.sound]
isCohenMacaulayLocalRing_localization_atPrime.{u, u_1} (R : Type u) [CommRing R] [IsCohenMacaulayLocalRing R]
  [IsNoetherianRing R] (p : Ideal R) [p.IsPrime] (Rₚ : Type u_1) [CommRing Rₚ] [Algebra R Rₚ]
  [IsLocalization.AtPrime Rₚ p] : IsCohenMacaulayLocalRing Rₚ
'isCohenMacaulayLocalRing_localization_atPrime' depends on axioms: [propext, Classical.choice, Quot.sound]
associatedPrimes_self_eq_minimalPrimes.{u} (R : Type u) [CommRing R] [IsCohenMacaulayLocalRing R] [IsNoetherianRing R] :
  associatedPrimes R R = minimalPrimes R
'associatedPrimes_self_eq_minimalPrimes' depends on axioms: [propext, Classical.choice, Quot.sound]
IsCohenMacaulayRing.{u} (R : Type u) [CommRing R] : Prop
'IsCohenMacaulayRing' depends on axioms: [propext, Classical.choice, Quot.sound]
isCohenMacaulayRing_def.{u} (R : Type u) [CommRing R] :
  IsCohenMacaulayRing R ↔ ∀ (p : Ideal R) (x : p.IsPrime), IsCohenMacaulayLocalRing (Localization.AtPrime p)
'isCohenMacaulayRing_def' depends on axioms: [propext, Classical.choice, Quot.sound]
isCohenMacaulayRing_def'.{u} (R : Type u) [CommRing R] :
  IsCohenMacaulayRing R ↔ ∀ (p : PrimeSpectrum R), IsCohenMacaulayLocalRing (Localization.AtPrime p.asIdeal)
'isCohenMacaulayRing_def'' depends on axioms: [propext, Classical.choice, Quot.sound]
isCohenMacaulayRing_iff.{u} (R : Type u) [CommRing R] [IsNoetherianRing R] :
  IsCohenMacaulayRing R ↔ ∀ (m : Ideal R) (x : m.IsMaximal), IsCohenMacaulayLocalRing (Localization.AtPrime m)
'isCohenMacaulayRing_iff' depends on axioms: [propext, Classical.choice, Quot.sound]
isCohenMacaulayRing_of_ringEquiv.{u_1, u_2} {R : Type u_1} {R' : Type u_2} [CommRing R] [CommRing R']
  [IsNoetherianRing R] (e : R ≃+* R') [CM : IsCohenMacaulayRing R] : IsCohenMacaulayRing R'
'isCohenMacaulayRing_of_ringEquiv' depends on axioms: [propext, Classical.choice, Quot.sound]
IsCohenMacaulayRing.of_isCohenMacaulayLocalRing.{u} (R : Type u) [CommRing R] [IsCohenMacaulayLocalRing R]
  [IsNoetherianRing R] : IsCohenMacaulayRing R
'IsCohenMacaulayRing.of_isCohenMacaulayLocalRing' depends on axioms: [propext, Classical.choice, Quot.sound]
IsCohenMacaulayLocalRing.of_isLocalRing_of_isCohenMacaulayRing.{u} (R : Type u) [CommRing R] [IsLocalRing R]
  [IsNoetherianRing R] [IsCohenMacaulayRing R] : IsCohenMacaulayLocalRing R
'IsCohenMacaulayLocalRing.of_isLocalRing_of_isCohenMacaulayRing' depends on axioms: [propext,
 Classical.choice,
 Quot.sound]
quotient_isSMulRegular_smul_top_isCohenMacaulay_iff_isCohenMacaulay.{u} (R : Type u) [CommRing R] [IsLocalRing R]
  [IsNoetherianRing R] (x : R) (reg : IsSMulRegular R x) (mem : x ∈ IsLocalRing.maximalIdeal R) :
  IsCohenMacaulayLocalRing R ↔ IsCohenMacaulayLocalRing (R ⧸ x • ⊤)
'quotient_isSMulRegular_smul_top_isCohenMacaulay_iff_isCohenMacaulay' depends on axioms: [propext,
 Classical.choice,
 Quot.sound]
quotient_span_isSMulRegular_isCohenMacaulay_iff_isCohenMacaulay.{u} (R : Type u) [CommRing R] [IsLocalRing R]
  [IsNoetherianRing R] (x : R) (reg : IsSMulRegular R x) (mem : x ∈ IsLocalRing.maximalIdeal R) :
  IsCohenMacaulayLocalRing R ↔ IsCohenMacaulayLocalRing (R ⧸ Ideal.span {x})
'quotient_span_isSMulRegular_isCohenMacaulay_iff_isCohenMacaulay' depends on axioms: [propext,
 Classical.choice,
 Quot.sound]
quotient_isRegular_isCohenMacaulay_iff_isCohenMacaulay.{u} (R : Type u) [CommRing R] [IsLocalRing R]
  [IsNoetherianRing R] (rs : List R) (reg : RingTheory.Sequence.IsWeaklyRegular R rs)
  (mem : ∀ r ∈ rs, r ∈ IsLocalRing.maximalIdeal R) :
  IsCohenMacaulayLocalRing R ↔ IsCohenMacaulayLocalRing (R ⧸ Ideal.ofList rs)
'quotient_isRegular_isCohenMacaulay_iff_isCohenMacaulay' depends on axioms: [propext, Classical.choice, Quot.sound]
depth_ge_depth_sub_dim.{u, v} {R : Type u} [CommRing R] [IsNoetherianRing R] [IsLocalRing R] (M N : ModuleCat R)
  [Module.Finite R ↑M] [Nfin : Module.Finite R ↑N] [Nontrivial ↑M] [Nntr : Nontrivial ↑N] [Small R] :
  N.depth M ≥ IsLocalRing.depth M - (Module.supportDim R ↑N).unbot ⋯
'depth_ge_depth_sub_dim' depends on axioms: [propext, Classical.choice, Quot.sound]
quotient_prime_ringKrullDim_ne_bot.{u} {R : Type u} [CommRing R] {P : Ideal R} (prime : P.IsPrime) :
  ringKrullDim (R ⧸ P) ≠ ⊥
'quotient_prime_ringKrullDim_ne_bot' depends on axioms: [propext, Classical.choice, Quot.sound]
depth_le_ringKrullDim_associatedPrime.{u, v} {R : Type u} [CommRing R] [IsNoetherianRing R] [IsLocalRing R] [Small R]
  (M : ModuleCat R) [Module.Finite R ↑M] [Nontrivial ↑M] (P : Ideal R) (ass : P ∈ associatedPrimes R ↑M) :
  IsLocalRing.depth M ≤ (ringKrullDim (R ⧸ P)).unbot ⋯
'depth_le_ringKrullDim_associatedPrime' depends on axioms: [propext, Classical.choice, Quot.sound]
depth_le_supportDim.{u, v} {R : Type u} [CommRing R] [IsNoetherianRing R] [IsLocalRing R] [Small R] (M : ModuleCat R)
  [Module.Finite R ↑M] [Nontrivial ↑M] : ↑(IsLocalRing.depth M) ≤ Module.supportDim R ↑M
'depth_le_supportDim' depends on axioms: [propext, Classical.choice, Quot.sound]
depth_le_ringKrullDim.{u, v} {R : Type u} [CommRing R] [IsNoetherianRing R] [IsLocalRing R] [Small R] (M : ModuleCat R)
  [Module.Finite R ↑M] [Nontrivial ↑M] : ↑(IsLocalRing.depth M) ≤ ringKrullDim R
'depth_le_ringKrullDim' depends on axioms: [propext, Classical.choice, Quot.sound]
depth_ne_top.{u, v} {R : Type u} [CommRing R] [IsNoetherianRing R] [IsLocalRing R] [Small R] (M : ModuleCat R)
  [Module.Finite R ↑M] [Nontrivial ↑M] : IsLocalRing.depth M ≠ ⊤
'depth_ne_top' depends on axioms: [propext, Classical.choice, Quot.sound]
ModuleCat.depth.{v, u} {R : Type u} [CommRing R] [Small R] (N M : ModuleCat R) : ℕ∞
'ModuleCat.depth' depends on axioms: [propext, Classical.choice, Quot.sound]
Ideal.depth.{v, u} {R : Type u} [CommRing R] [Small R] (I : Ideal R) (M : ModuleCat R) : ℕ∞
'Ideal.depth' depends on axioms: [propext, Classical.choice, Quot.sound]
IsLocalRing.depth.{v, u} {R : Type u} [CommRing R] [Small R] [IsLocalRing R] (M : ModuleCat R) : ℕ∞
'IsLocalRing.depth' depends on axioms: [propext, Classical.choice, Quot.sound]
ModuleCat.depth_eq_top_iff.{v, u} {R : Type u} [CommRing R] [Small R] (N M : ModuleCat R) :
  N.depth M = ⊤ ↔ ∀ (i : ℕ), Subsingleton (CategoryTheory.Abelian.Ext N M i)
'ModuleCat.depth_eq_top_iff' depends on axioms: [propext, Classical.choice, Quot.sound]
ModuleCat.depth_eq_top_of_subsingleton.{v, u} {R : Type u} [CommRing R] [Small R] (N M : ModuleCat R)
  [Subsingleton ↑M] : N.depth M = ⊤
'ModuleCat.depth_eq_top_of_subsingleton' depends on axioms: [propext, Classical.choice, Quot.sound]
Ideal.depth_eq_top_of_subsingleton.{v, u} {R : Type u} [CommRing R] [Small R] (I : Ideal R) (M : ModuleCat R)
  [Subsingleton ↑M] : I.depth M = ⊤
'Ideal.depth_eq_top_of_subsingleton' depends on axioms: [propext, Classical.choice, Quot.sound]
IsLocalRing.depth_eq_top_of_subsingleton.{v, u} {R : Type u} [CommRing R] [Small R] [IsLocalRing R] (M : ModuleCat R)
  [Subsingleton ↑M] : IsLocalRing.depth M = ⊤
'IsLocalRing.depth_eq_top_of_subsingleton' depends on axioms: [propext, Classical.choice, Quot.sound]
ModuleCat.depth_lt_top_iff.{v, u} {R : Type u} [CommRing R] [Small R] (N M : ModuleCat R) :
  N.depth M < ⊤ ↔ ∃ n, Nontrivial (CategoryTheory.Abelian.Ext N M n)
'ModuleCat.depth_lt_top_iff' depends on axioms: [propext, Classical.choice, Quot.sound]
ModuleCat.depth_eq_iff.{v, u} {R : Type u} [CommRing R] [Small R] (N M : ModuleCat R) (n : ℕ) :
  N.depth M = ↑n ↔
    Nontrivial (CategoryTheory.Abelian.Ext N M n) ∧ ∀ i < n, Subsingleton (CategoryTheory.Abelian.Ext N M i)
'ModuleCat.depth_eq_iff' depends on axioms: [propext, Classical.choice, Quot.sound]
ModuleCat.subsingleton_ext_of_lt_depth.{v, u} {R : Type u} [CommRing R] [Small R] {N M : ModuleCat R} {i : ℕ}
  (lt : ↑i < N.depth M) : Subsingleton (CategoryTheory.Abelian.Ext N M i)
'ModuleCat.subsingleton_ext_of_lt_depth' depends on axioms: [propext, Classical.choice, Quot.sound]
ModuleCat.depth_eq_sSup_lt_top.{v, u} {R : Type u} [CommRing R] [Small R] (N M : ModuleCat R) :
  N.depth M = sSup {n | n < ⊤ ∧ ∀ (i : ℕ), ↑i < n → Subsingleton (CategoryTheory.Abelian.Ext N M i)}
'ModuleCat.depth_eq_sSup_lt_top' depends on axioms: [propext, Classical.choice, Quot.sound]
ModuleCat.depth_eq_depth_of_support_eq.{v, u} {R : Type u} [CommRing R] [Small R] [IsNoetherianRing R] (I : Ideal R)
  (N M : ModuleCat R) [Module.Finite R ↑M] [Module.Finite R ↑N] [Nontrivial ↑N] (smul_lt : I • ⊤ < ⊤)
  (hsupp : Module.support R ↑N = PrimeSpectrum.zeroLocus ↑I) : N.depth M = I.depth M
'ModuleCat.depth_eq_depth_of_support_eq' depends on axioms: [propext, Classical.choice, Quot.sound]
ModuleCat.depth_eq_of_iso_left.{v, u} {R : Type u} [CommRing R] [Small R] (M : ModuleCat R) {N N' : ModuleCat R}
  (e : N ≅ N') : N.depth M = N'.depth M
'ModuleCat.depth_eq_of_iso_left' depends on axioms: [propext, Classical.choice, Quot.sound]
ModuleCat.depth_eq_of_iso_right.{v, u} {R : Type u} [CommRing R] [Small R] (N : ModuleCat R) {M M' : ModuleCat R}
  (e : M ≅ M') : N.depth M = N.depth M'
'ModuleCat.depth_eq_of_iso_right' depends on axioms: [propext, Classical.choice, Quot.sound]
Ideal.depth_eq_of_iso.{v, u} {R : Type u} [CommRing R] [Small R] (I : Ideal R) {M M' : ModuleCat R} (e : M ≅ M') :
  I.depth M = I.depth M'
'Ideal.depth_eq_of_iso' depends on axioms: [propext, Classical.choice, Quot.sound]
IsLocalRing.depth_eq_of_iso.{v, u} {R : Type u} [CommRing R] [Small R] [IsLocalRing R] {M M' : ModuleCat R}
  (e : M ≅ M') : IsLocalRing.depth M = IsLocalRing.depth M'
'IsLocalRing.depth_eq_of_iso' depends on axioms: [propext, Classical.choice, Quot.sound]
ModuleCat.depth_eq_zero_iff_nontrivial_linearMap.{v, u} {R : Type u} [CommRing R] [Small R] (N M : ModuleCat R) :
  N.depth M = 0 ↔ Nontrivial (↑N →ₗ[R] ↑M)
'ModuleCat.depth_eq_zero_iff_nontrivial_linearMap' depends on axioms: [propext, Classical.choice, Quot.sound]
ModuleCat.depth_min_fst_trd_le_snd_left.{v, u} {R : Type u} [CommRing R] [Small R]
  (S : CategoryTheory.ShortComplex (ModuleCat R)) (hS : S.ShortExact) (N : ModuleCat R) :
  min (S.X₁.depth N) (S.X₃.depth N) ≤ S.X₂.depth N
'ModuleCat.depth_min_fst_trd_le_snd_left' depends on axioms: [propext, Classical.choice, Quot.sound]
ModuleCat.depth_min_snd_trd_sub_one_le_fst_left.{v, u} {R : Type u} [CommRing R] [Small R]
  (S : CategoryTheory.ShortComplex (ModuleCat R)) (hS : S.ShortExact) (N : ModuleCat R) :
  min (S.X₂.depth N) (S.X₃.depth N - 1) ≤ S.X₁.depth N
'ModuleCat.depth_min_snd_trd_sub_one_le_fst_left' depends on axioms: [propext, Classical.choice, Quot.sound]
ModuleCat.depth_min_snd_fst_add_one_le_trd_left.{v, u} {R : Type u} [CommRing R] [Small R]
  (S : CategoryTheory.ShortComplex (ModuleCat R)) (hS : S.ShortExact) (N : ModuleCat R) :
  min (S.X₂.depth N) (S.X₁.depth N + 1) ≤ S.X₃.depth N
'ModuleCat.depth_min_snd_fst_add_one_le_trd_left' depends on axioms: [propext, Classical.choice, Quot.sound]
ModuleCat.depth_min_fst_trd_le_snd_right.{v, u} {R : Type u} [CommRing R] [Small R] (N : ModuleCat R)
  (S : CategoryTheory.ShortComplex (ModuleCat R)) (hS : S.ShortExact) : min (N.depth S.X₁) (N.depth S.X₃) ≤ N.depth S.X₂
'ModuleCat.depth_min_fst_trd_le_snd_right' depends on axioms: [propext, Classical.choice, Quot.sound]
ModuleCat.depth_min_snd_trd_add_one_le_fst_right.{v, u} {R : Type u} [CommRing R] [Small R] (N : ModuleCat R)
  (S : CategoryTheory.ShortComplex (ModuleCat R)) (hS : S.ShortExact) :
  min (N.depth S.X₂) (N.depth S.X₃ + 1) ≤ N.depth S.X₁
'ModuleCat.depth_min_snd_trd_add_one_le_fst_right' depends on axioms: [propext, Classical.choice, Quot.sound]
ModuleCat.depth_min_snd_fst_sub_one_le_trd_right.{v, u} {R : Type u} [CommRing R] [Small R] (N : ModuleCat R)
  (S : CategoryTheory.ShortComplex (ModuleCat R)) (hS : S.ShortExact) :
  min (N.depth S.X₂) (N.depth S.X₁ - 1) ≤ N.depth S.X₃
'ModuleCat.depth_min_snd_fst_sub_one_le_trd_right' depends on axioms: [propext, Classical.choice, Quot.sound]
ModuleCat.depth_eq_sSup_length_isRegular.{v, u} {R : Type u} [CommRing R] [Small R] [IsNoetherianRing R] (I : Ideal R)
  (N M : ModuleCat R) [Module.Finite R ↑M] [Module.Finite R ↑N] [Nontrivial ↑N] (smul_lt : I • ⊤ < ⊤)
  (hsupp : Module.support R ↑N = PrimeSpectrum.zeroLocus ↑I) :
  N.depth M = sSup {x | ∃ rs, ∃ (_ : RingTheory.Sequence.IsRegular (↑M) rs) (_ : ∀ r ∈ rs, r ∈ I), ↑rs.length = x}
'ModuleCat.depth_eq_sSup_length_isRegular' depends on axioms: [propext, Classical.choice, Quot.sound]
Ideal.depth_eq_sSup_length_isRegular.{v, u} {R : Type u} [CommRing R] [Small R] [IsNoetherianRing R] (I : Ideal R)
  (M : ModuleCat R) [Module.Finite R ↑M] (smul_lt : I • ⊤ < ⊤) :
  I.depth M = sSup {x | ∃ rs, ∃ (_ : RingTheory.Sequence.IsRegular (↑M) rs) (_ : ∀ r ∈ rs, r ∈ I), ↑rs.length = x}
'Ideal.depth_eq_sSup_length_isRegular' depends on axioms: [propext, Classical.choice, Quot.sound]
IsLocalRing.ideal_depth_eq_sSup_length_isRegular.{v, u} {R : Type u} [CommRing R] [Small R] [IsLocalRing R]
  [IsNoetherianRing R] (I : Ideal R) (netop : I ≠ ⊤) (M : ModuleCat R) [Module.Finite R ↑M] [Nontrivial ↑M] :
  I.depth M = sSup {x | ∃ rs, ∃ (_ : RingTheory.Sequence.IsRegular (↑M) rs) (_ : ∀ r ∈ rs, r ∈ I), ↑rs.length = x}
'IsLocalRing.ideal_depth_eq_sSup_length_isRegular' depends on axioms: [propext, Classical.choice, Quot.sound]
Ideal.depth_le_depth_of_le.{v, u} {R : Type u} [CommRing R] [Small R] [IsNoetherianRing R] {I J : Ideal R} (h : I ≤ J)
  (M : ModuleCat R) [Module.Finite R ↑M] (smul_lt : J • ⊤ < ⊤) : I.depth M ≤ J.depth M
'Ideal.depth_le_depth_of_le' depends on axioms: [propext, Classical.choice, Quot.sound]
IsLocalRing.depth_eq_sSup_length_isRegular.{v, u} {R : Type u} [CommRing R] [Small R] [IsLocalRing R]
  [IsNoetherianRing R] (M : ModuleCat R) [Module.Finite R ↑M] [Nontrivial ↑M] :
  IsLocalRing.depth M =
    sSup
      {x |
        ∃ rs,
          ∃ (_ : RingTheory.Sequence.IsRegular (↑M) rs) (_ : ∀ r ∈ rs, r ∈ IsLocalRing.maximalIdeal R), ↑rs.length = x}
'IsLocalRing.depth_eq_sSup_length_isRegular' depends on axioms: [propext, Classical.choice, Quot.sound]
IsLocalRing.ideal_depth_le_depth.{v, u} {R : Type u} [CommRing R] [Small R] [IsLocalRing R] [IsNoetherianRing R]
  (I : Ideal R) (netop : I ≠ ⊤) (M : ModuleCat R) [Module.Finite R ↑M] [Nontrivial ↑M] : I.depth M ≤ IsLocalRing.depth M
'IsLocalRing.ideal_depth_le_depth' depends on axioms: [propext, Classical.choice, Quot.sound]
ModuleCat.depth_uliftFunctor_obj.{v, u, w} {R : Type u} [CommRing R] [Small R] [Small R] (N M : ModuleCat R) :
  ((ModuleCat.uliftFunctor R).obj N).depth ((ModuleCat.uliftFunctor R).obj M) = N.depth M
'ModuleCat.depth_uliftFunctor_obj' depends on axioms: [propext, Classical.choice, Quot.sound]
ModuleCat.depth_eq_of_linearEquiv.{v, u, w} {R : Type u} [CommRing R] [Small R] [Small R] {N M : Type v}
  {N' M' : Type w} [AddCommGroup M] [Module R M] [AddCommGroup N] [Module R N] [AddCommGroup M'] [Module R M']
  [AddCommGroup N'] [Module R N'] (eN : N ≃ₗ[R] N') (eM : M ≃ₗ[R] M') : (↧N).depth ↧M = (↧N').depth ↧M'
'ModuleCat.depth_eq_of_linearEquiv' depends on axioms: [propext, Classical.choice, Quot.sound]
Ideal.depth_eq_of_linearEquiv.{v, u, w} {R : Type u} [CommRing R] [Small R] [Small R] {M : Type v} {M' : Type w}
  [AddCommGroup M] [Module R M] [AddCommGroup M'] [Module R M'] (I : Ideal R) (eM : M ≃ₗ[R] M') :
  I.depth ↧M = I.depth ↧M'
'Ideal.depth_eq_of_linearEquiv' depends on axioms: [propext, Classical.choice, Quot.sound]
IsLocalRing.depth_eq_of_linearEquiv.{v, u, w} {R : Type u} [CommRing R] [Small R] [Small R] {M : Type v} {M' : Type w}
  [AddCommGroup M] [Module R M] [AddCommGroup M'] [Module R M'] [IsLocalRing R] (eM : M ≃ₗ[R] M') :
  IsLocalRing.depth ↧M = IsLocalRing.depth ↧M'
'IsLocalRing.depth_eq_of_linearEquiv' depends on axioms: [propext, Classical.choice, Quot.sound]
Ideal.depth_shrink.{v, u} {R : Type u} [CommRing R] [Small R] (I : Ideal R) : I.depth ↧(Shrink R) = I.depth ↧R
'Ideal.depth_shrink' depends on axioms: [propext, Classical.choice, Quot.sound]
ModuleCat.depth_quotSMulTop_succ_eq_depth.{v, u} {R : Type u} [CommRing R] [Small R] (N M : ModuleCat R) (x : R)
  (reg : IsSMulRegular (↑M) x) (mem : x ∈ Module.annihilator R ↑N) : N.depth ↧(QuotSMulTop x ↑M) + 1 = N.depth M
'ModuleCat.depth_quotSMulTop_succ_eq_depth' depends on axioms: [propext, Classical.choice, Quot.sound]
Ideal.depth_quotSMulTop_succ_eq_depth.{v, u} {R : Type u} [CommRing R] [Small R] (I : Ideal R) (M : ModuleCat R) (x : R)
  (reg : IsSMulRegular (↑M) x) (mem : x ∈ I) : I.depth ↧(QuotSMulTop x ↑M) + 1 = I.depth M
'Ideal.depth_quotSMulTop_succ_eq_depth' depends on axioms: [propext, Classical.choice, Quot.sound]
IsLocalRing.depth_quotSMulTop_succ_eq_depth.{v, u} {R : Type u} [CommRing R] [Small R] [IsLocalRing R] (M : ModuleCat R)
  (x : R) (reg : IsSMulRegular (↑M) x) (mem : x ∈ IsLocalRing.maximalIdeal R) :
  IsLocalRing.depth ↧(QuotSMulTop x ↑M) + 1 = IsLocalRing.depth M
'IsLocalRing.depth_quotSMulTop_succ_eq_depth' depends on axioms: [propext, Classical.choice, Quot.sound]
ModuleCat.depth_quotient_isRegular_add_length_eq_depth.{v, u} {R : Type u} [CommRing R] [Small R] (N M : ModuleCat R)
  (rs : List R) (reg : RingTheory.Sequence.IsWeaklyRegular (↑M) rs) (h : ∀ r ∈ rs, r ∈ Module.annihilator R ↑N) :
  N.depth ↧(↑M ⧸ Ideal.ofList rs • ⊤) + ↑rs.length = N.depth M
'ModuleCat.depth_quotient_isRegular_add_length_eq_depth' depends on axioms: [propext, Classical.choice, Quot.sound]
Ideal.depth_quotient_isRegular_add_length_eq_ideal_depth.{v, u} {R : Type u} [CommRing R] [Small R] (I : Ideal R)
  (M : ModuleCat R) (rs : List R) (reg : RingTheory.Sequence.IsWeaklyRegular (↑M) rs) (h : ∀ r ∈ rs, r ∈ I) :
  I.depth ↧(↑M ⧸ Ideal.ofList rs • ⊤) + ↑rs.length = I.depth M
'Ideal.depth_quotient_isRegular_add_length_eq_ideal_depth' depends on axioms: [propext, Classical.choice, Quot.sound]
IsLocalRing.depth_quotient_isRegular_add_length_eq_depth.{v, u} {R : Type u} [CommRing R] [Small R] [IsLocalRing R]
  (M : ModuleCat R) (rs : List R) (reg : RingTheory.Sequence.IsRegular (↑M) rs) :
  IsLocalRing.depth ↧(↑M ⧸ Ideal.ofList rs • ⊤) + ↑rs.length = IsLocalRing.depth M
'IsLocalRing.depth_quotient_isRegular_add_length_eq_depth' depends on axioms: [propext, Classical.choice, Quot.sound]
IsLocalRing.depth_eq_of_ringEquiv.{u_1, u_2} {R : Type u_1} {R' : Type u_2} [CommRing R] [CommRing R'] [IsLocalRing R]
  [IsNoetherianRing R] [IsLocalRing R'] [IsNoetherianRing R'] (e : R ≃+* R') :
  IsLocalRing.depth ↧R = IsLocalRing.depth ↧R'
'IsLocalRing.depth_eq_of_ringEquiv' depends on axioms: [propext, Classical.choice, Quot.sound]
IsLocalRing.depth_eq_of_algebraMap_surjective.{v, u} {R : Type u} [CommRing R] [Small R] [IsLocalRing R]
  [IsNoetherianRing R] {S : Type u} [CommRing S] [IsLocalRing S] [Algebra R S] [Small S] [IsNoetherianRing S]
  (M : Type v) [AddCommGroup M] [Module R M] [Module.Finite R M] [Module S M] [IsScalarTower R S M] [Nontrivial M]
  (surj : Function.Surjective ⇑(algebraMap R S)) : IsLocalRing.depth ↧M = IsLocalRing.depth ↧M
'IsLocalRing.depth_eq_of_algebraMap_surjective' depends on axioms: [propext, Classical.choice, Quot.sound]
IsLocalRing.depth_quotient_isSMulRegular_succ_eq_depth.{u} {R : Type u} [CommRing R] [IsLocalRing R]
  [IsNoetherianRing R] (x : R) (reg : IsSMulRegular R x) (mem : x ∈ IsLocalRing.maximalIdeal R) :
  IsLocalRing.depth ↧(R ⧸ x • ⊤) + 1 = IsLocalRing.depth ↧R
'IsLocalRing.depth_quotient_isSMulRegular_succ_eq_depth' depends on axioms: [propext, Classical.choice, Quot.sound]
IsLocalRing.depth_quotient_span_isSMulRegular_succ_eq_depth.{u} {R : Type u} [CommRing R] [IsLocalRing R]
  [IsNoetherianRing R] (x : R) (reg : IsSMulRegular R x) (mem : x ∈ IsLocalRing.maximalIdeal R) :
  IsLocalRing.depth ↧(R ⧸ Ideal.span {x}) + 1 = IsLocalRing.depth ↧R
'IsLocalRing.depth_quotient_span_isSMulRegular_succ_eq_depth' depends on axioms: [propext, Classical.choice, Quot.sound]
IsLocalRing.ring_depth_quotient_isRegular_add_length_eq_depth.{u} {R : Type u} [CommRing R] [IsLocalRing R]
  [IsNoetherianRing R] (rs : List R) (reg : RingTheory.Sequence.IsWeaklyRegular R rs)
  (mem : ∀ r ∈ rs, r ∈ IsLocalRing.maximalIdeal R) :
  IsLocalRing.depth ↧(R ⧸ Ideal.ofList rs) + ↑rs.length = IsLocalRing.depth ↧R
'IsLocalRing.ring_depth_quotient_isRegular_add_length_eq_depth' depends on axioms: [propext,
 Classical.choice,
 Quot.sound]
Ideal.ofList_spanFinrank_le_length.{u} {R : Type u} [CommRing R] (rs : List R) :
  Submodule.spanFinrank (Ideal.ofList rs) ≤ rs.length
'Ideal.ofList_spanFinrank_le_length' depends on axioms: [propext, Classical.choice, Quot.sound]
Ideal.ofList_height_le_length.{u} {R : Type u} [CommRing R] [IsNoetherianRing R] (rs : List R)
  (h : Ideal.ofList rs ≠ ⊤) : (Ideal.ofList rs).height ≤ ↑rs.length
'Ideal.ofList_height_le_length' depends on axioms: [propext, Classical.choice, Quot.sound]
IsLocalRing.Ideal.ofList_height_le_length'.{u} {R : Type u} [CommRing R] [IsNoetherianRing R] [IsLocalRing R]
  (rs : List R) (mem : ∀ r ∈ rs, r ∈ IsLocalRing.maximalIdeal R) : (Ideal.ofList rs).height ≤ ↑rs.length
'IsLocalRing.Ideal.ofList_height_le_length'' depends on axioms: [propext, Classical.choice, Quot.sound]
Ideal.ofList_height_eq_length_of_isWeaklyRegular.{u} {R : Type u} [CommRing R] [IsNoetherianRing R] (rs : List R)
  (reg : RingTheory.Sequence.IsWeaklyRegular R rs) (h : Ideal.ofList rs ≠ ⊤) : (Ideal.ofList rs).height = ↑rs.length
'Ideal.ofList_height_eq_length_of_isWeaklyRegular' depends on axioms: [propext, Classical.choice, Quot.sound]
Ideal.ofList_height_eq_length_of_isWeaklyRegular'.{u} {R : Type u} [CommRing R] [IsNoetherianRing R] [IsLocalRing R]
  (rs : List R) (reg : RingTheory.Sequence.IsWeaklyRegular R rs) (mem : ∀ r ∈ rs, r ∈ IsLocalRing.maximalIdeal R) :
  (Ideal.ofList rs).height = ↑rs.length
'Ideal.ofList_height_eq_length_of_isWeaklyRegular'' depends on axioms: [propext, Classical.choice, Quot.sound]
IsLocalRing.height_eq_height_maximalIdeal_of_maximalIdeal_mem_minimalPrimes.{u} {R : Type u} [CommRing R]
  [IsLocalRing R] (I : Ideal R) (mem : IsLocalRing.maximalIdeal R ∈ I.minimalPrimes) :
  I.height = (IsLocalRing.maximalIdeal R).height
'IsLocalRing.height_eq_height_maximalIdeal_of_maximalIdeal_mem_minimalPrimes' depends on axioms: [propext,
 Classical.choice,
 Quot.sound]
maximalIdeal_mem_ofList_append_minimalPrimes_of_ofList_height_eq_length.{u} {R : Type u} [CommRing R]
  [IsNoetherianRing R] [IsLocalRing R] (rs : List R) (mem : ∀ r ∈ rs, r ∈ IsLocalRing.maximalIdeal R)
  (ht : (Ideal.ofList rs).height = ↑rs.length) :
  ∃ rs',
    IsLocalRing.maximalIdeal R ∈ (Ideal.ofList (rs ++ rs')).minimalPrimes ∧ ↑rs.length + ↑rs'.length = ringKrullDim R
'maximalIdeal_mem_ofList_append_minimalPrimes_of_ofList_height_eq_length' depends on axioms: [propext,
 Classical.choice,
 Quot.sound]
maximalIdeal_mem_minimalPrimes_of_surjective.{u_1, u_2} {R : Type u_1} {S : Type u_2} [CommRing R] [CommRing S]
  [IsLocalRing R] [IsLocalRing S] (f : R →+* S) (h : Function.Surjective ⇑f) {I : Ideal R} {J : Ideal S}
  (le : I ≤ Ideal.comap f J) (min : IsLocalRing.maximalIdeal R ∈ I.minimalPrimes) (ne : J ≠ ⊤) :
  IsLocalRing.maximalIdeal S ∈ J.minimalPrimes
'maximalIdeal_mem_minimalPrimes_of_surjective' depends on axioms: [propext, Classical.choice, Quot.sound]
isRegular_of_maximalIdeal_mem_ofList_minimalPrimes.{u} {R : Type u} [CommRing R] [IsNoetherianRing R]
  [IsCohenMacaulayLocalRing R] (rs : List R) (mem : IsLocalRing.maximalIdeal R ∈ (Ideal.ofList rs).minimalPrimes)
  (dim : ↑rs.length = ringKrullDim R) : RingTheory.Sequence.IsRegular R rs
'isRegular_of_maximalIdeal_mem_ofList_minimalPrimes' depends on axioms: [propext, Classical.choice, Quot.sound]
isRegular_of_ofList_height_eq_length_of_isCohenMacaulayLocalRing.{u} {R : Type u} [CommRing R] [IsNoetherianRing R]
  [IsCohenMacaulayLocalRing R] (rs : List R) (mem : ∀ r ∈ rs, r ∈ IsLocalRing.maximalIdeal R)
  (ht : (Ideal.ofList rs).height = ↑rs.length) : RingTheory.Sequence.IsRegular R rs
'isRegular_of_ofList_height_eq_length_of_isCohenMacaulayLocalRing' depends on axioms: [propext,
 Classical.choice,
 Quot.sound]
Ideal.depth_le_height.{u} {R : Type u} [CommRing R] [IsNoetherianRing R] [IsLocalRing R] (I : Ideal R) (netop : I ≠ ⊤) :
  I.depth ↧R ≤ I.height
'Ideal.depth_le_height' depends on axioms: [propext, Classical.choice, Quot.sound]
Ideal.exist_isRegular_length_eq_height.{u} {R : Type u} [CommRing R] [IsNoetherianRing R] [IsCohenMacaulayLocalRing R]
  (I : Ideal R) (netop : I ≠ ⊤) : ∃ rs, RingTheory.Sequence.IsRegular R rs ∧ (∀ r ∈ rs, r ∈ I) ∧ ↑rs.length = I.height
'Ideal.exist_isRegular_length_eq_height' depends on axioms: [propext, Classical.choice, Quot.sound]
Ideal.depth_eq_height.{u} {R : Type u} [CommRing R] [IsNoetherianRing R] [IsCohenMacaulayLocalRing R] (I : Ideal R)
  (netop : I ≠ ⊤) : I.depth ↧R = I.height
'Ideal.depth_eq_height' depends on axioms: [propext, Classical.choice, Quot.sound]
Ideal.height_add_ringKrullDim_quotient_eq_ringKrullDim_of_isPrime.{u} {R : Type u} [CommRing R] [IsNoetherianRing R]
  [IsCohenMacaulayLocalRing R] (p : Ideal R) [p.IsPrime] : ↑p.height + ringKrullDim (R ⧸ p) = ringKrullDim R
'Ideal.height_add_ringKrullDim_quotient_eq_ringKrullDim_of_isPrime' depends on axioms: [propext,
 Classical.choice,
 Quot.sound]
ringKrullDim_quotient_eq_iSup_quotient_minimalPrimes.{u} {R : Type u} [CommRing R] (I : Ideal R) :
  ringKrullDim (R ⧸ I) = ⨆ p ∈ I.minimalPrimes, ringKrullDim (R ⧸ p)
'ringKrullDim_quotient_eq_iSup_quotient_minimalPrimes' depends on axioms: [propext, Classical.choice, Quot.sound]
Ideal.height_add_ringKrullDim_quotient_eq_ringKrullDim.{u} {R : Type u} [CommRing R] [IsNoetherianRing R]
  [IsCohenMacaulayLocalRing R] (I : Ideal R) (netop : I ≠ ⊤) : ↑I.height + ringKrullDim (R ⧸ I) = ringKrullDim R
'Ideal.height_add_ringKrullDim_quotient_eq_ringKrullDim' depends on axioms: [propext, Classical.choice, Quot.sound]
def LinearStudy.LinearityTheoremGoal : Prop :=
∀ (n : ℕ) (f : LinearStudy.HomogeneousEndomorphism n) (V : LinearStudy.IntegralProjectiveEquations n),
  1 < f.degree → Function.Surjective f.onPoints → f.onPoints ⁻¹' V.zeroSet = V.zeroSet → ∃ W, ↑W = V.zeroSet
structure LinearStudy.HomogeneousEndomorphism (n : ℕ) : Type
number of parameters: 1
fields:
  LinearStudy.HomogeneousEndomorphism.degree : ℕ
  LinearStudy.HomogeneousEndomorphism.forms : Fin (n + 1) → LinearStudy.CoordinateRing n
  LinearStudy.HomogeneousEndomorphism.homogeneous : ∀ (i : Fin (n + 1)),
      MvPolynomial.IsHomogeneous (self.forms i) self.degree
  LinearStudy.HomogeneousEndomorphism.noBasePoint : ∀ (v : LinearStudy.CoordinateVector n),
      v ≠ 0 → (fun i => (MvPolynomial.eval v) (self.forms i)) ≠ 0
constructor:
  LinearStudy.HomogeneousEndomorphism.mk {n : ℕ} (degree : ℕ) (forms : Fin (n + 1) → LinearStudy.CoordinateRing n)
    (homogeneous : ∀ (i : Fin (n + 1)), MvPolynomial.IsHomogeneous (forms i) degree)
    (noBasePoint : ∀ (v : LinearStudy.CoordinateVector n), v ≠ 0 → (fun i => (MvPolynomial.eval v) (forms i)) ≠ 0) :
    LinearStudy.HomogeneousEndomorphism n
structure LinearStudy.IntegralProjectiveEquations (n : ℕ) : Type
number of parameters: 1
fields:
  LinearStudy.IntegralProjectiveEquations.ideal : HomogeneousIdeal (MvPolynomial.homogeneousSubmodule (Fin (n + 1)) ℂ)
  LinearStudy.IntegralProjectiveEquations.prime : self.ideal.toIdeal.IsPrime
  LinearStudy.IntegralProjectiveEquations.nonempty : ∃ v, v ≠ 0 ∧ ∀ P ∈ self.ideal.toIdeal, (MvPolynomial.eval v) P = 0
constructor:
  LinearStudy.IntegralProjectiveEquations.mk {n : ℕ}
    (ideal : HomogeneousIdeal (MvPolynomial.homogeneousSubmodule (Fin (n + 1)) ℂ)) (prime : ideal.toIdeal.IsPrime)
    (nonempty : ∃ v, v ≠ 0 ∧ ∀ P ∈ ideal.toIdeal, (MvPolynomial.eval v) P = 0) :
    LinearStudy.IntegralProjectiveEquations n
def LinearStudy.Lemma31Goal : ℕ → ℕ → Prop :=
fun r c =>
  ∀ (H : Fin c → LinearStudy.AmbientRing r c),
    0 < r →
      0 < c →
        RingTheory.Sequence.IsRegular (LinearStudy.AmbientRing r c) (List.ofFn H) →
          Module.Finite (LinearStudy.ParameterRing r) (LinearStudy.CompleteIntersection H) →
            Module.Flat (LinearStudy.ParameterRing r) (LinearStudy.CompleteIntersection H) →
              ∀ (q : LinearStudy.CompleteIntersection H →ₐ[LinearStudy.ParameterRing r] LinearStudy.ParameterRing r),
                RingHom.ker q.toRingHom = nilradical (LinearStudy.CompleteIntersection H) →
                  (∀ (x : LinearStudy.CompleteIntersection H),
                      LinearStudy.Annihilates (nilradical (LinearStudy.CompleteIntersection H)) x ↔
                        ∃ b, x = b • LinearStudy.relativeJacobian H) ∧
                    ∀ (τ : Fin r → LinearStudy.CompleteIntersection H),
                      Ideal.span (Set.range fun i => q (τ i)) = IsLocalRing.maximalIdeal (LinearStudy.ParameterRing r) →
                        let J := Ideal.span (Set.range τ);
                        let Q := LinearStudy.CompleteIntersection H ⧸ J;
                        have m := Ideal.map (Ideal.Quotient.mk J) (nilradical (LinearStudy.CompleteIntersection H));
                        IsArtinianRing Q ∧
                          m.IsMaximal ∧
                            Submodule.annihilator m =
                                Ideal.span {(Ideal.Quotient.mk J) (LinearStudy.relativeJacobian H)} ∧
                              (Ideal.Quotient.mk J) (LinearStudy.relativeJacobian H) ≠ 0
theorem LinearStudy.lemma31_complete : ∀ (r c : ℕ), LinearStudy.Lemma31Goal r c :=
⋯
